{"type":"FeatureCollection","features":[{"type":"Feature","properties":{"name":"West Bengal"},"geometry":{"type":"MultiPolygon","coordinates":[[[[88.0186,21.5728],[88.0205,21.5667],[88.0167,21.5722],[88.0158,21.5817],[88.0186,21.5728]]],[[[88.1778,21.6011],[88.1794,21.5889],[88.1889,21.5819],[88.1867,21.56],[88.1744,21.5667],[88.1678,21.5917],[88.17,21.6],[88.1778,21.6011]]],[[[88.8347,21.6072],[88.8761,21.5922],[88.8936,21.5783],[88.9036,21.5558],[88.8753,21.5489],[88.8428,21.5539],[88.8283,21.5769],[88.8347,21.6072]]],[[[88.4977,21.5998],[88.5339,21.5781],[88.5314,21.5425],[88.5061,21.5411],[88.5117,21.5581],[88.5031,21.5653],[88.5097,21.5579],[88.5042,21.5445],[88.4817,21.5547],[88.4861,21.5883],[88.4977,21.5998]]],[[[88.9361,22.6216],[88.9365,22.6191],[88.9346,22.6215],[88.9361,22.6216]]],[[[88.8975,22.3636],[88.9032,22.3454],[88.8986,22.3367],[88.8774,22.3611],[88.8608,22.3708],[88.8553,22.3876],[88.8617,22.4106],[88.8806,22.4032],[88.8754,22.3854],[88.8838,22.372],[88.8975,22.3636]]],[[[88.9201,22.3911],[88.9277,22.4027],[88.9078,22.4158],[88.9164,22.4275],[88.8947,22.4661],[88.8988,22.4768],[88.8967,22.4858],[88.907,22.4962],[88.9077,22.5212],[88.9019,22.5464],[88.895,22.5596],[88.92,22.5654],[88.96,22.5486],[88.9783,22.4825],[88.9953,22.4669],[88.9881,22.4456],[88.9986,22.4303],[88.9642,22.4092],[88.9703,22.3939],[88.9578,22.3647],[88.9456,22.3714],[88.9467,22.3814],[88.9353,22.3958],[88.942,22.4003],[88.9402,22.4185],[88.9466,22.4206],[88.9394,22.419],[88.9402,22.4014],[88.9342,22.3959],[88.9449,22.3804],[88.9447,22.3704],[88.9535,22.3655],[88.9422,22.3099],[88.9287,22.3133],[88.9064,22.3378],[88.8965,22.3809],[88.9201,22.3911]]],[[[88.7814,22.5006],[88.7929,22.4981],[88.8098,22.4812],[88.8123,22.4542],[88.8273,22.4468],[88.8217,22.4348],[88.8348,22.4338],[88.8192,22.4323],[88.804,22.4445],[88.8008,22.4611],[88.7814,22.5006]]],[[[88.8867,22.3728],[88.8766,22.3869],[88.8822,22.4036],[88.8619,22.4128],[88.856,22.4234],[88.8548,22.4379],[88.861,22.4455],[88.8584,22.4818],[88.8677,22.4879],[88.8602,22.5003],[88.8457,22.5017],[88.8436,22.5074],[88.8567,22.51],[88.8683,22.5229],[88.869,22.5405],[88.8775,22.5411],[88.8916,22.557],[88.9004,22.5463],[88.9058,22.5211],[88.9052,22.4978],[88.8928,22.4861],[88.8966,22.4749],[88.8923,22.4654],[88.908,22.4342],[88.9028,22.4147],[88.9217,22.4006],[88.8958,22.384],[88.8981,22.3667],[88.8867,22.3728]]],[[[88.138,21.898],[88.1386,21.8981],[88.1378,21.8962],[88.138,21.898]]],[[[88.0314,22.0606],[88.0292,22.0589],[88.0275,22.0619],[88.0294,22.0625],[88.0314,22.0606]]],[[[88.6358,22.0508],[88.6294,22.0525],[88.6286,22.062],[88.6322,22.0617],[88.6358,22.0508]]],[[[88.7314,22.0452],[88.7334,22.0436],[88.734,22.0423],[88.7309,22.0436],[88.7314,22.0452]]],[[[88.6901,22.08],[88.689,22.0811],[88.689,22.0819],[88.6904,22.0811],[88.6901,22.08]]],[[[88.6572,21.9541],[88.6357,21.9508],[88.6283,21.9603],[88.6343,21.9948],[88.6529,22.0191],[88.6743,22.0192],[88.7158,22.0006],[88.6931,21.9698],[88.6864,21.9735],[88.6929,21.9841],[88.6901,21.9895],[88.6867,21.9911],[88.6914,21.9839],[88.6848,21.9741],[88.6936,21.9599],[88.6572,21.9541]]],[[[88.7592,21.9986],[88.7528,21.9883],[88.7428,21.9834],[88.742,21.9896],[88.7583,22.0071],[88.7592,21.9986]]],[[[88.8843,22.0845],[88.897,22.0893],[88.9053,22.0857],[88.8911,22.0658],[88.9037,22.049],[88.9014,22.0191],[88.8936,22.0158],[88.8786,22.0149],[88.8695,22.028],[88.8467,22.0221],[88.8155,22.0259],[88.8036,22.0337],[88.7778,22.0213],[88.7638,22.0216],[88.7479,22.0598],[88.7592,22.0811],[88.7702,22.086],[88.7813,22.1054],[88.7982,22.1111],[88.8077,22.1256],[88.8438,22.1203],[88.853,22.0992],[88.8749,22.0846],[88.8843,22.0845]]],[[[88.1069,21.8936],[88.1093,21.8839],[88.1044,21.8978],[88.1128,21.9106],[88.1069,21.8936]]],[[[88.1348,21.9267],[88.1446,21.9153],[88.1294,21.8989],[88.1161,21.9183],[88.1348,21.9267]]],[[[88.1633,21.9372],[88.1714,21.9322],[88.1653,21.9161],[88.1597,21.9286],[88.1633,21.9372]]],[[[88.1414,22.0264],[88.1433,22.0206],[88.0875,21.9328],[88.0472,21.9117],[88.052,21.9476],[88.0733,21.9953],[88.0939,22.0114],[88.1414,22.0264]]],[[[88.7204,22.0972],[88.7059,22.0897],[88.6929,22.0781],[88.6948,22.0875],[88.7231,22.1011],[88.7204,22.0972]]],[[[88.7293,22.1136],[88.7299,22.1234],[88.7363,22.1288],[88.7355,22.1236],[88.7293,22.1136]]],[[[88.9848,22.3824],[88.9829,22.3713],[88.9886,22.3639],[88.9836,22.3253],[89.0,22.3233],[89.0233,22.2975],[89.0,22.2981],[88.9939,22.2861],[89.0177,22.2683],[89.0114,22.2583],[89.0145,22.2516],[89.0324,22.2573],[89.037,22.2267],[89.0669,22.1983],[89.0608,22.1673],[89.0686,22.1474],[89.0769,22.1448],[89.092,22.1575],[89.0963,22.155],[89.0622,22.1284],[89.055,22.143],[89.0229,22.1663],[89.0272,22.1877],[89.0197,22.2056],[89.0,22.2119],[88.9863,22.2056],[88.9725,22.2097],[88.9617,22.2422],[88.9472,22.2556],[88.9533,22.2794],[88.9539,22.3597],[88.9646,22.3674],[88.9742,22.395],[88.9674,22.4077],[88.9889,22.3916],[88.9848,22.3824]]],[[[88.6952,22.2086],[88.7319,22.194],[88.765,22.1922],[88.7689,22.18],[88.7892,22.1694],[88.7664,22.1461],[88.7381,22.1345],[88.7276,22.1235],[88.7229,22.1128],[88.6831,22.0808],[88.6911,22.0571],[88.7357,22.0316],[88.7397,22.0177],[88.721,22.0053],[88.6638,22.0238],[88.6535,22.0781],[88.6342,22.1062],[88.6529,22.1634],[88.6808,22.1875],[88.6839,22.2072],[88.6952,22.2086]]],[[[88.8651,22.167],[88.8861,22.1648],[88.8999,22.1481],[88.923,22.1081],[88.9157,22.0903],[88.8964,22.0908],[88.896,22.0972],[88.8905,22.101],[88.8922,22.1144],[88.8895,22.1015],[88.895,22.0912],[88.8723,22.0878],[88.8529,22.1024],[88.8459,22.122],[88.8307,22.1271],[88.8602,22.1424],[88.861,22.1477],[88.8488,22.1689],[88.8651,22.167]]],[[[88.8605,22.1476],[88.8217,22.1272],[88.8046,22.1305],[88.7946,22.1142],[88.7776,22.1112],[88.7696,22.0923],[88.7496,22.0811],[88.7392,22.057],[88.7158,22.0583],[88.7047,22.065],[88.7029,22.0788],[88.7346,22.104],[88.7492,22.135],[88.7755,22.1457],[88.8092,22.1794],[88.8296,22.1653],[88.8383,22.167],[88.8405,22.1749],[88.8268,22.1984],[88.8285,22.2083],[88.8355,22.2067],[88.8389,22.1936],[88.8443,22.1893],[88.8476,22.1896],[88.8503,22.1922],[88.8537,22.2047],[88.8623,22.2007],[88.8681,22.1707],[88.8508,22.1736],[88.8433,22.1672],[88.8514,22.1557],[88.8461,22.1473],[88.8605,22.1476]]],[[[88.9324,22.225],[88.9542,22.2216],[88.9616,22.1972],[88.9578,22.1917],[88.9414,22.1922],[88.9446,22.1843],[88.9315,22.177],[88.9081,22.1963],[88.9167,22.2083],[88.9188,22.2308],[88.9324,22.225]]],[[[88.8126,22.2834],[88.8155,22.264],[88.8262,22.2646],[88.8257,22.2414],[88.8143,22.2299],[88.8004,22.2279],[88.7985,22.226],[88.8055,22.2084],[88.815,22.2054],[88.8182,22.1956],[88.8275,22.195],[88.8381,22.1753],[88.8341,22.1669],[88.8096,22.1833],[88.7942,22.1706],[88.7711,22.1847],[88.7674,22.1942],[88.7472,22.1986],[88.7529,22.2315],[88.762,22.2414],[88.7694,22.2409],[88.7732,22.2505],[88.7916,22.2584],[88.7951,22.2761],[88.8126,22.2834]]],[[[88.8499,22.3629],[88.8706,22.3578],[88.8916,22.3431],[88.9111,22.3058],[88.9161,22.3094],[88.9369,22.2991],[88.9303,22.2594],[88.951,22.2433],[88.9541,22.2252],[88.919,22.233],[88.9139,22.2199],[88.887,22.2363],[88.8955,22.2524],[88.8876,22.2659],[88.8768,22.2745],[88.8726,22.2745],[88.8651,22.2708],[88.8632,22.2764],[88.85,22.2893],[88.8433,22.2897],[88.8649,22.2702],[88.8762,22.2737],[88.8872,22.2649],[88.8934,22.2515],[88.8857,22.2362],[88.9139,22.2161],[88.9045,22.1972],[88.9211,22.1752],[88.9186,22.1653],[88.8982,22.1779],[88.8858,22.1675],[88.8723,22.1714],[88.8662,22.1941],[88.8834,22.2001],[88.8861,22.2068],[88.8835,22.2123],[88.841,22.2143],[88.8417,22.219],[88.8544,22.2329],[88.8589,22.2436],[88.8758,22.2528],[88.8584,22.2444],[88.8535,22.2338],[88.8417,22.2213],[88.8394,22.2155],[88.8419,22.2117],[88.8495,22.2098],[88.8823,22.2116],[88.8811,22.2002],[88.8655,22.1981],[88.86,22.2052],[88.8545,22.2062],[88.8443,22.1903],[88.8368,22.2071],[88.8299,22.2101],[88.8246,22.2043],[88.8255,22.1984],[88.8195,22.1964],[88.8164,22.2058],[88.8064,22.2094],[88.8006,22.2258],[88.8186,22.2309],[88.8284,22.2419],[88.8296,22.2537],[88.8273,22.2655],[88.8166,22.2717],[88.8155,22.283],[88.8065,22.2857],[88.8122,22.3158],[88.8042,22.3297],[88.8183,22.3589],[88.8361,22.3583],[88.8499,22.3629]]],[[[88.9717,22.0431],[88.9624,22.0508],[88.9658,22.056],[88.9623,22.0611],[88.9789,22.0769],[88.997,22.1371],[88.9744,22.1744],[88.9726,22.1945],[89.0031,22.1988],[89.0137,22.1945],[89.0125,22.1691],[89.0194,22.1514],[89.0499,22.1311],[89.036,22.1109],[89.0314,22.0853],[89.0381,22.0539],[89.0716,22.0083],[89.0774,21.9904],[89.0724,21.9693],[89.0708,21.9838],[89.0693,21.9844],[89.0719,21.9645],[89.0625,21.9337],[89.0433,21.9329],[89.041,21.951],[89.0415,21.9326],[89.0494,21.9297],[89.0308,21.9263],[89.001,21.9474],[88.9996,21.9542],[89.0177,21.9801],[89.0118,21.9852],[89.0023,21.9842],[88.9924,21.9736],[88.9897,21.9857],[88.9745,21.9928],[88.9792,22.0047],[88.9681,22.0155],[88.9793,22.0384],[88.9717,22.0431]]],[[[88.9712,21.9932],[88.9731,21.9872],[88.9875,21.9838],[88.991,21.9703],[89.013,21.9804],[88.9909,21.9519],[88.9946,21.942],[89.0213,21.9217],[89.0137,21.9023],[88.9947,21.9058],[88.9688,21.9211],[88.972,21.9287],[88.9647,21.9348],[88.9762,21.939],[88.9764,21.9461],[88.975,21.9397],[88.9625,21.935],[88.9705,21.9287],[88.9661,21.9229],[88.9384,21.9342],[88.9127,21.9944],[88.911,22.0448],[88.9014,22.0653],[88.9307,22.0981],[88.9232,22.1229],[88.9309,22.1226],[88.9403,22.128],[88.9306,22.137],[88.9365,22.1428],[88.9294,22.1364],[88.9383,22.1269],[88.9272,22.1236],[88.9132,22.13],[88.8934,22.1667],[88.8958,22.1716],[88.9211,22.1617],[88.9256,22.1756],[88.9327,22.1745],[88.9457,22.1829],[88.9431,22.1905],[88.9609,22.1891],[88.9694,22.1651],[88.9849,22.1485],[88.985,22.1277],[88.9669,22.0786],[88.9246,22.0646],[88.9239,22.0242],[88.9311,22.0],[88.9461,22.0],[88.9353,22.0258],[88.9349,22.0551],[88.94,22.0622],[88.9628,22.0577],[88.9615,22.049],[88.9771,22.0384],[88.9622,22.0172],[88.9755,22.0048],[88.9712,21.9932]]],[[[88.5047,21.9128],[88.5086,21.9097],[88.4903,21.8894],[88.4769,21.8983],[88.4886,21.9103],[88.5047,21.9128]]],[[[88.4226,21.9039],[88.4228,21.9061],[88.4255,21.9047],[88.4226,21.9039]]],[[[88.7233,21.9687],[88.7257,21.9788],[88.7507,21.9791],[88.7507,21.9549],[88.7758,21.9415],[88.7865,21.9527],[88.7881,21.9415],[88.8031,21.9392],[88.8053,21.9331],[88.7903,21.9203],[88.7617,21.9308],[88.7339,21.9244],[88.7222,21.943],[88.7233,21.9687]]],[[[88.8736,22.0135],[88.9042,22.0086],[88.9073,21.9295],[88.8975,21.9228],[88.8497,21.9204],[88.8248,21.9398],[88.7906,21.9417],[88.7872,21.955],[88.7756,21.9433],[88.7517,21.9569],[88.7569,21.9744],[88.7499,21.9833],[88.7637,21.9843],[88.7743,21.9898],[88.7826,21.9863],[88.7746,21.9914],[88.7538,21.9883],[88.7602,21.9973],[88.7629,22.0149],[88.7781,22.0153],[88.802,22.0292],[88.8159,22.0198],[88.8516,22.0176],[88.8669,22.0243],[88.8736,22.0135]]],[[[88.4525,21.9063],[88.4457,21.9061],[88.4423,21.9088],[88.4565,21.9138],[88.4525,21.9063]]],[[[88.9658,21.6415],[88.9699,21.6403],[88.9865,21.6448],[88.9914,21.6436],[88.9925,21.6167],[88.9559,21.6176],[88.9586,21.6225],[88.9397,21.6467],[88.9552,21.6771],[88.9616,21.6642],[88.962,21.6487],[88.9658,21.6415]]],[[[88.5372,21.6386],[88.5717,21.6231],[88.5875,21.6019],[88.5863,21.5879],[88.5755,21.5742],[88.55,21.5636],[88.5436,21.5667],[88.5369,21.587],[88.5429,21.5892],[88.5564,21.5991],[88.5567,21.6044],[88.5369,21.5884],[88.51,21.6022],[88.5242,21.6261],[88.5203,21.6435],[88.5244,21.6532],[88.5372,21.6386]]],[[[88.7289,21.6371],[88.7356,21.6111],[88.7572,21.599],[88.7481,21.591],[88.7469,21.5775],[88.7358,21.5717],[88.7144,21.5783],[88.7072,21.5942],[88.7131,21.6253],[88.7208,21.6383],[88.7289,21.6371]]],[[[88.7719,21.6531],[88.7739,21.6197],[88.7908,21.6019],[88.7822,21.5961],[88.7943,21.5998],[88.7981,21.5917],[88.7878,21.5806],[88.7519,21.5767],[88.7489,21.5892],[88.7581,21.5972],[88.7582,21.6],[88.7361,21.6124],[88.7361,21.6236],[88.7296,21.6399],[88.7719,21.6531]]],[[[88.8924,21.6521],[88.8939,21.6492],[88.889,21.6546],[88.89,21.6545],[88.8924,21.6521]]],[[[88.9845,21.7057],[88.9939,21.6736],[88.9873,21.6648],[88.9879,21.653],[88.9964,21.649],[89.0228,21.654],[89.0223,21.6361],[89.0375,21.6181],[89.0288,21.6048],[89.0,21.6017],[88.9924,21.6441],[88.9829,21.6459],[88.9684,21.6417],[88.964,21.6457],[88.9633,21.663],[88.9508,21.7007],[88.9732,21.6974],[88.9845,21.7057]]],[[[88.2045,21.7212],[88.2166,21.7005],[88.1983,21.6944],[88.1956,21.6819],[88.2041,21.6725],[88.2263,21.6702],[88.2317,21.6436],[88.2117,21.6208],[88.2119,21.6017],[88.1947,21.6327],[88.1814,21.6861],[88.1883,21.7081],[88.2045,21.7212]]],[[[88.5769,21.6917],[88.5858,21.6581],[88.5938,21.6536],[88.6057,21.6244],[88.6022,21.6206],[88.5911,21.6183],[88.554,21.6395],[88.5708,21.666],[88.5675,21.6905],[88.5769,21.6917]]],[[[88.3111,21.7064],[88.3286,21.7053],[88.3461,21.6886],[88.3511,21.6781],[88.3464,21.6533],[88.3581,21.6475],[88.3384,21.6218],[88.3153,21.6081],[88.3081,21.6111],[88.3058,21.6291],[88.3158,21.6776],[88.3004,21.704],[88.3111,21.7064]]],[[[88.2209,21.7621],[88.272,21.7544],[88.2621,21.7302],[88.2767,21.7256],[88.2842,21.7072],[88.3103,21.6764],[88.2997,21.6494],[88.2939,21.6486],[88.2986,21.6472],[88.2883,21.6231],[88.2886,21.5978],[88.3061,21.5833],[88.2917,21.5631],[88.2886,21.5672],[88.2689,21.5578],[88.2483,21.5639],[88.2405,21.5736],[88.2428,21.5967],[88.2164,21.6164],[88.2347,21.6354],[88.2333,21.6681],[88.2263,21.6751],[88.2051,21.6756],[88.1978,21.6892],[88.2204,21.7],[88.2109,21.7264],[88.2145,21.7548],[88.2209,21.7621]]],[[[88.454,21.7093],[88.4707,21.673],[88.4661,21.6675],[88.4656,21.6758],[88.4539,21.6242],[88.4422,21.615],[88.4372,21.634],[88.4206,21.6514],[88.4186,21.6826],[88.4369,21.7063],[88.454,21.7093]]],[[[88.6344,21.6567],[88.6303,21.6492],[88.6297,21.6653],[88.6404,21.6786],[88.6344,21.6567]]],[[[88.1956,21.7245],[88.1959,21.7301],[88.2014,21.7367],[88.2,21.7289],[88.1956,21.7245]]],[[[89.0592,21.7218],[89.0706,21.7018],[89.0649,21.6893],[89.0727,21.6897],[89.0849,21.6778],[89.095,21.644],[89.0817,21.6274],[89.0516,21.6175],[89.0348,21.6331],[89.0376,21.6406],[89.0285,21.6353],[89.0264,21.6581],[89.033,21.6547],[89.0209,21.6624],[89.0264,21.6879],[89.0247,21.6949],[89.022,21.7004],[89.0098,21.7049],[89.022,21.7101],[89.0241,21.7167],[89.0592,21.7218]]],[[[88.4123,21.7313],[88.4286,21.702],[88.4133,21.6911],[88.4112,21.6587],[88.4319,21.6274],[88.4247,21.6194],[88.4133,21.6228],[88.4072,21.6156],[88.4075,21.5995],[88.3986,21.5956],[88.3874,21.6115],[88.3906,21.6219],[88.3834,21.6303],[88.3878,21.6469],[88.3797,21.6808],[88.399,21.6988],[88.4035,21.7167],[88.3908,21.7263],[88.3686,21.7273],[88.3867,21.7339],[88.395,21.755],[88.4018,21.7378],[88.4123,21.7313]]],[[[88.6971,21.7129],[88.7074,21.6812],[88.7514,21.6487],[88.7229,21.6386],[88.7097,21.6631],[88.687,21.6833],[88.6971,21.7129]]],[[[88.5919,21.6942],[88.6063,21.68],[88.5885,21.6573],[88.5865,21.6695],[88.5804,21.683],[88.5919,21.6906],[88.5878,21.7014],[88.5919,21.6942]]],[[[88.8067,21.7067],[88.8072,21.6658],[88.7969,21.6553],[88.7872,21.6592],[88.7931,21.6617],[88.7942,21.6644],[88.7847,21.66],[88.7594,21.6631],[88.7306,21.6847],[88.7411,21.6894],[88.745,21.6822],[88.7583,21.6825],[88.7647,21.6931],[88.8067,21.7067]]],[[[88.5457,21.7361],[88.56,21.7294],[88.5708,21.7325],[88.5874,21.7093],[88.5861,21.6994],[88.5907,21.6906],[88.5802,21.6847],[88.5699,21.7106],[88.5598,21.7133],[88.5585,21.7179],[88.5528,21.724],[88.543,21.7239],[88.5526,21.723],[88.559,21.7126],[88.5683,21.7098],[88.5742,21.694],[88.5673,21.6931],[88.5672,21.702],[88.5627,21.7064],[88.5569,21.7064],[88.5528,21.7028],[88.5651,21.7029],[88.5692,21.6694],[88.5528,21.6486],[88.5509,21.6365],[88.5296,21.6527],[88.5333,21.6686],[88.5172,21.7108],[88.5292,21.7198],[88.5355,21.7327],[88.5457,21.7361]]],[[[88.8831,21.7453],[88.9122,21.7275],[88.9194,21.7108],[88.9403,21.6953],[88.9361,21.6672],[88.9208,21.6322],[88.8878,21.6581],[88.8828,21.6819],[88.8731,21.6944],[88.8725,21.7206],[88.8831,21.7453]]],[[[88.978,21.7269],[88.9997,21.7153],[89.0205,21.7136],[89.0078,21.7071],[89.0092,21.7017],[89.0197,21.6994],[89.0242,21.6877],[89.0178,21.6612],[89.0078,21.6522],[88.9901,21.6541],[88.9958,21.6725],[88.9928,21.7],[88.9706,21.7208],[88.978,21.7269]]],[[[88.8317,21.7661],[88.8653,21.7586],[88.8458,21.7314],[88.8392,21.7069],[88.8422,21.6811],[88.86,21.6372],[88.8516,21.6267],[88.8442,21.627],[88.8428,21.6453],[88.8306,21.652],[88.8286,21.6506],[88.8422,21.6433],[88.8414,21.6291],[88.8458,21.62],[88.816,21.629],[88.8089,21.6388],[88.8228,21.665],[88.815,21.71],[88.8036,21.7166],[88.7625,21.7014],[88.7816,21.716],[88.7805,21.7311],[88.7933,21.7367],[88.7867,21.7406],[88.7908,21.7492],[88.8089,21.7483],[88.8317,21.7661]]],[[[88.3654,21.7642],[88.3708,21.7608],[88.3602,21.7474],[88.3597,21.7349],[88.3653,21.7222],[88.3981,21.7133],[88.3606,21.6864],[88.3375,21.7108],[88.3489,21.7256],[88.3428,21.7544],[88.3521,21.764],[88.3654,21.7642]]],[[[89.0051,21.765],[89.0254,21.757],[89.0368,21.74],[89.0593,21.7259],[89.0295,21.7244],[89.0174,21.7178],[89.0164,21.7324],[89.0016,21.75],[88.9996,21.7634],[89.0051,21.765]]],[[[88.9271,21.7619],[88.9632,21.7528],[88.9689,21.7392],[88.9875,21.7447],[88.9694,21.7228],[88.9706,21.7175],[88.9833,21.7058],[88.978,21.7036],[88.9731,21.6986],[88.9669,21.7019],[88.9502,21.7023],[88.9228,21.7197],[88.9311,21.7358],[88.9222,21.7613],[88.9271,21.7619]]],[[[88.7162,21.8074],[88.7272,21.7918],[88.7281,21.7778],[88.7593,21.7592],[88.7522,21.7486],[88.7528,21.7316],[88.7767,21.7211],[88.7483,21.7071],[88.7416,21.7183],[88.7359,21.7193],[88.7463,21.7062],[88.7586,21.7097],[88.7628,21.6929],[88.7578,21.6837],[88.7455,21.6837],[88.7412,21.6908],[88.7293,21.6868],[88.7308,21.682],[88.755,21.6656],[88.748,21.6583],[88.7111,21.6902],[88.695,21.7439],[88.7119,21.7875],[88.7111,21.806],[88.7162,21.8074]]],[[[88.9997,21.7855],[89.0116,21.7802],[88.9977,21.7714],[88.9967,21.7658],[89.0014,21.746],[89.0154,21.7257],[89.0149,21.7188],[89.0043,21.7161],[88.9942,21.7233],[88.9767,21.7286],[88.9887,21.7398],[88.9879,21.7466],[88.9839,21.7481],[88.9687,21.7407],[88.9653,21.7527],[88.9511,21.7578],[88.9892,21.7886],[88.9997,21.7855]]],[[[88.7875,21.745],[88.7836,21.7406],[88.7869,21.7369],[88.7767,21.7308],[88.7567,21.7334],[88.7547,21.745],[88.7644,21.7605],[88.7498,21.7696],[88.7664,21.7868],[88.7821,21.8252],[88.7936,21.8097],[88.7873,21.7958],[88.7958,21.7872],[88.7822,21.7669],[88.7875,21.745]]],[[[88.9996,21.8117],[89.0165,21.812],[89.0139,21.7897],[89.0237,21.7591],[89.014,21.766],[88.9988,21.7669],[89.0128,21.7798],[88.9902,21.79],[88.9946,21.8118],[88.9996,21.8117]]],[[[88.8281,21.804],[88.8207,21.787],[88.8303,21.7667],[88.8104,21.7503],[88.7908,21.75],[88.7842,21.7663],[88.8217,21.8229],[88.8307,21.8099],[88.8281,21.804]]],[[[88.9158,21.8258],[88.9208,21.8228],[88.935,21.8225],[88.9372,21.8167],[88.9178,21.7917],[88.9233,21.7881],[88.9114,21.7617],[88.9128,21.7553],[88.8978,21.7519],[88.8947,21.7556],[88.9008,21.777],[88.8981,21.7867],[88.9069,21.7942],[88.8958,21.7881],[88.8831,21.8081],[88.9158,21.8258]]],[[[88.8561,21.8653],[88.8553,21.8581],[88.8575,21.8556],[88.8772,21.8517],[88.875,21.8456],[88.8822,21.7972],[88.8981,21.7786],[88.8914,21.7536],[88.8983,21.7469],[88.9214,21.7436],[88.9133,21.7278],[88.8803,21.7481],[88.8763,21.7672],[88.8644,21.7792],[88.835,21.7817],[88.8414,21.8075],[88.8372,21.8431],[88.8561,21.8653]]],[[[88.7506,21.7954],[88.7555,21.7803],[88.7461,21.7722],[88.7344,21.7794],[88.7283,21.7797],[88.7275,21.7936],[88.7377,21.7981],[88.7506,21.8142],[88.7506,21.7954]]],[[[88.5822,21.7778],[88.5856,21.7539],[88.6198,21.7383],[88.6164,21.7276],[88.5928,21.7187],[88.5797,21.7258],[88.5836,21.7484],[88.569,21.7692],[88.5822,21.7778]]],[[[88.6097,21.7903],[88.6204,21.7802],[88.6308,21.7425],[88.6089,21.7081],[88.5988,21.7155],[88.6194,21.7256],[88.6231,21.7367],[88.6165,21.7444],[88.5863,21.7566],[88.5912,21.7833],[88.6097,21.7903]]],[[[88.1369,21.875],[88.1534,21.8363],[88.1725,21.812],[88.1636,21.7995],[88.1707,21.7424],[88.1561,21.705],[88.1548,21.6851],[88.1434,21.6796],[88.1553,21.6814],[88.1547,21.65],[88.1422,21.6325],[88.1092,21.6258],[88.0706,21.6339],[88.0417,21.6492],[88.0367,21.675],[88.0442,21.7177],[88.0614,21.7344],[88.0729,21.7802],[88.122,21.8657],[88.1369,21.875]]],[[[88.3025,21.7246],[88.2973,21.7056],[88.278,21.7282],[88.2889,21.7785],[88.3029,21.7556],[88.3025,21.7246]]],[[[88.3849,21.7644],[88.3903,21.7586],[88.3867,21.7407],[88.3624,21.7323],[88.3615,21.7477],[88.3715,21.7593],[88.3728,21.7636],[88.3849,21.7644]]],[[[88.4586,21.7887],[88.475,21.7914],[88.4672,21.7372],[88.4569,21.7264],[88.4559,21.7114],[88.4415,21.7098],[88.4331,21.7045],[88.4265,21.7171],[88.4297,21.7264],[88.4234,21.7677],[88.4388,21.7803],[88.446,21.798],[88.4586,21.7887]]],[[[88.1711,21.8086],[88.1741,21.7997],[88.1692,21.7906],[88.1653,21.8003],[88.1711,21.8086]]],[[[88.1833,21.7875],[88.1792,21.79],[88.1808,21.7958],[88.1853,21.7906],[88.1833,21.7875]]],[[[88.2005,21.7686],[88.2022,21.7614],[88.1964,21.7575],[88.1939,21.7633],[88.2005,21.7686]]],[[[88.5446,21.8103],[88.5607,21.8027],[88.5722,21.7878],[88.5619,21.77],[88.5725,21.7356],[88.5605,21.73],[88.554,21.7364],[88.5417,21.7377],[88.5344,21.7332],[88.5265,21.7192],[88.5194,21.7192],[88.5044,21.7574],[88.5255,21.7737],[88.5326,21.783],[88.5353,21.792],[88.5211,21.7714],[88.5044,21.7625],[88.5042,21.7708],[88.5195,21.7936],[88.5446,21.8103]]],[[[88.4218,21.8111],[88.4296,21.7996],[88.4427,21.7997],[88.4375,21.784],[88.4209,21.7672],[88.4228,21.7198],[88.4126,21.7332],[88.403,21.7388],[88.4019,21.7519],[88.3827,21.7791],[88.4218,21.8111]]],[[[88.2828,21.765],[88.2806,21.7672],[88.2792,21.7697],[88.2819,21.7686],[88.2828,21.765]]],[[[88.274,21.7908],[88.2874,21.7844],[88.2833,21.7694],[88.2636,21.7924],[88.274,21.7908]]],[[[88.5053,21.783],[88.501,21.7818],[88.5064,21.7883],[88.5069,21.7875],[88.5053,21.783]]],[[[88.3311,21.8607],[88.3527,21.8542],[88.3504,21.8264],[88.3608,21.7968],[88.38,21.7873],[88.377,21.7675],[88.3571,21.7669],[88.3429,21.7596],[88.3403,21.7405],[88.345,21.7217],[88.3322,21.7104],[88.3171,21.7089],[88.3062,21.7154],[88.3097,21.7338],[88.2983,21.7772],[88.3111,21.7831],[88.3109,21.7956],[88.2939,21.8028],[88.3103,21.7935],[88.3097,21.7839],[88.2992,21.7836],[88.296,21.774],[88.286,21.7891],[88.2642,21.7939],[88.2598,21.8042],[88.2742,21.8187],[88.307,21.8297],[88.3154,21.8447],[88.3117,21.8539],[88.3311,21.8607]]],[[[88.1819,21.8258],[88.1855,21.8207],[88.1856,21.8192],[88.1778,21.8247],[88.1819,21.8258]]],[[[88.9414,21.8472],[88.9539,21.8253],[88.9767,21.8206],[88.97,21.8028],[88.9542,21.8081],[88.9403,21.7931],[88.9404,21.7824],[88.9597,21.7756],[88.9589,21.7708],[88.9475,21.7639],[88.9214,21.7661],[88.9142,21.7556],[88.9128,21.7611],[88.9214,21.7711],[88.9244,21.7875],[88.9197,21.7919],[88.9278,21.7978],[88.9389,21.8167],[88.935,21.8244],[88.9264,21.8239],[88.9244,21.8358],[88.9328,21.8369],[88.9414,21.8472]]],[[[88.4849,21.8347],[88.498,21.822],[88.4961,21.8078],[88.4858,21.7986],[88.4531,21.8057],[88.4503,21.8151],[88.4849,21.8347]]],[[[88.5922,21.85],[88.618,21.8292],[88.6072,21.8158],[88.6142,21.7981],[88.5895,21.7983],[88.576,21.817],[88.5829,21.8428],[88.5922,21.85]]],[[[88.9791,21.8935],[89.0289,21.8658],[89.0306,21.8552],[89.0248,21.8492],[89.0093,21.8532],[89.0028,21.8675],[88.9981,21.8711],[88.9892,21.8681],[88.9967,21.8703],[89.0068,21.8535],[89.0275,21.8463],[89.03,21.8345],[89.0174,21.8159],[89.0091,21.823],[89.0143,21.8149],[88.9942,21.8142],[88.9853,21.7878],[88.9705,21.7751],[88.9428,21.7865],[88.9539,21.8033],[88.9683,21.7995],[88.9766,21.8051],[88.9779,21.8235],[88.9565,21.8269],[88.9503,21.8381],[88.9654,21.8593],[88.9791,21.8674],[88.9693,21.8902],[88.9791,21.8935]]],[[[88.7917,21.8767],[88.7878,21.8636],[88.7936,21.8664],[88.8006,21.8778],[88.7989,21.8708],[88.8014,21.8681],[88.8217,21.8711],[88.8297,21.8622],[88.8211,21.8397],[88.8236,21.8503],[88.8189,21.8517],[88.8211,21.825],[88.795,21.7914],[88.7889,21.7958],[88.7956,21.8017],[88.7944,21.8125],[88.7897,21.8214],[88.7842,21.8261],[88.7658,21.8289],[88.7714,21.8533],[88.7822,21.8597],[88.7769,21.867],[88.7917,21.8767]]],[[[88.5096,21.8574],[88.5268,21.8461],[88.5212,21.8313],[88.5126,21.8317],[88.5096,21.8574]]],[[[88.4703,21.8921],[88.4869,21.8866],[88.4907,21.8503],[88.4885,21.8378],[88.4768,21.8372],[88.4481,21.8153],[88.4489,21.8055],[88.4636,21.7907],[88.4449,21.8019],[88.4306,21.8005],[88.4269,21.8103],[88.424,21.8124],[88.4183,21.8116],[88.4015,21.798],[88.393,21.8359],[88.4,21.8725],[88.4188,21.8893],[88.419,21.9024],[88.4328,21.9008],[88.452,21.9048],[88.4571,21.8954],[88.4703,21.8921]]],[[[88.8366,21.9179],[88.8569,21.9107],[88.8755,21.9175],[88.8901,21.9147],[88.9152,21.9282],[88.9739,21.8978],[88.9661,21.8903],[88.9767,21.8675],[88.9556,21.8539],[88.9519,21.8642],[88.9589,21.8697],[88.9494,21.8867],[88.9433,21.8847],[88.9494,21.8842],[88.9569,21.8697],[88.9503,21.8642],[88.9528,21.8514],[88.9472,21.8406],[88.9392,21.8536],[88.9269,21.8522],[88.9178,21.8606],[88.915,21.8808],[88.9069,21.8789],[88.9139,21.8792],[88.9144,21.8614],[88.9217,21.8539],[88.9264,21.8508],[88.9392,21.85],[88.9322,21.8383],[88.9228,21.8356],[88.9231,21.8244],[88.9136,21.8272],[88.888,21.8122],[88.8803,21.8211],[88.8781,21.8539],[88.8572,21.8586],[88.8611,21.865],[88.8542,21.8697],[88.8542,21.8894],[88.8236,21.9156],[88.8196,21.9282],[88.8366,21.9179]]],[[[88.6217,21.8978],[88.6286,21.8825],[88.6346,21.878],[88.6318,21.8721],[88.6333,21.8697],[88.6535,21.8677],[88.6389,21.7847],[88.6232,21.792],[88.6119,21.8167],[88.6211,21.8314],[88.5947,21.8544],[88.6053,21.8794],[88.6217,21.8978]]],[[[88.7181,21.9072],[88.7267,21.8992],[88.7483,21.8961],[88.7486,21.8894],[88.7561,21.8803],[88.7714,21.8764],[88.775,21.865],[88.7806,21.8594],[88.7686,21.8525],[88.7639,21.8286],[88.7772,21.8217],[88.7578,21.7811],[88.7517,21.8153],[88.7419,21.8089],[88.7358,21.7981],[88.7258,21.7944],[88.7183,21.8081],[88.7075,21.8114],[88.705,21.8278],[88.7125,21.8253],[88.7167,21.8261],[88.7281,21.8375],[88.7153,21.8269],[88.7044,21.8294],[88.7025,21.8242],[88.6967,21.8381],[88.7033,21.8561],[88.7114,21.8533],[88.7175,21.8556],[88.7031,21.8575],[88.6986,21.8489],[88.6969,21.8486],[88.7181,21.9072]]],[[[88.538,21.8536],[88.5365,21.8537],[88.5416,21.8574],[88.5408,21.8551],[88.538,21.8536]]],[[[88.5571,21.8245],[88.5498,21.8176],[88.533,21.8317],[88.5306,21.8492],[88.5425,21.8556],[88.5405,21.8704],[88.5503,21.881],[88.5406,21.9004],[88.5442,21.9046],[88.5618,21.8975],[88.571,21.9009],[88.5764,21.8886],[88.5719,21.8553],[88.5571,21.8245]]],[[[88.5827,21.8655],[88.5811,21.8725],[88.5847,21.8766],[88.5858,21.874],[88.5827,21.8655]]],[[[88.8169,21.9011],[88.8314,21.8972],[88.8408,21.8869],[88.8294,21.8647],[88.8214,21.8725],[88.8003,21.8706],[88.8092,21.8833],[88.8114,21.8964],[88.8169,21.9011]]],[[[88.64,21.9217],[88.6675,21.9117],[88.6528,21.8733],[88.6345,21.8706],[88.6363,21.8781],[88.6234,21.9014],[88.64,21.9217]]],[[[88.7236,21.9319],[88.7361,21.9181],[88.7558,21.9269],[88.7869,21.9175],[88.7994,21.9197],[88.8142,21.9028],[88.8086,21.8953],[88.8081,21.8844],[88.7967,21.8767],[88.7897,21.8647],[88.7936,21.8742],[88.7908,21.8792],[88.7864,21.8786],[88.7761,21.8697],[88.7719,21.8781],[88.7581,21.8803],[88.7575,21.8864],[88.7506,21.8889],[88.7489,21.8972],[88.7408,21.9006],[88.7292,21.8997],[88.7189,21.9092],[88.7236,21.9319]]],[[[88.8521,22.3919],[88.8606,22.3656],[88.8747,22.3581],[88.8763,22.3553],[88.8714,22.3589],[88.8492,22.3645],[88.8326,22.3592],[88.8189,22.3636],[88.8026,22.329],[88.8105,22.3166],[88.8031,22.296],[88.8044,22.2827],[88.7927,22.2762],[88.7908,22.2597],[88.7721,22.2513],[88.7684,22.2427],[88.7619,22.243],[88.7436,22.2292],[88.7496,22.2202],[88.7456,22.2112],[88.7464,22.2031],[88.74,22.2147],[88.7428,22.2],[88.7336,22.1956],[88.702,22.2094],[88.6812,22.2092],[88.6656,22.2175],[88.6525,22.2112],[88.635,22.2164],[88.6377,22.2254],[88.6581,22.2394],[88.6849,22.2943],[88.6789,22.3231],[88.6906,22.3267],[88.6711,22.3258],[88.6661,22.339],[88.6792,22.2939],[88.6568,22.2501],[88.6309,22.222],[88.6393,22.2081],[88.6664,22.208],[88.6725,22.2012],[88.6395,22.1575],[88.64,22.143],[88.6327,22.1366],[88.6297,22.1453],[88.6314,22.1358],[88.6193,22.1088],[88.6098,22.1079],[88.6105,22.1166],[88.5989,22.1297],[88.6049,22.1592],[88.6009,22.1628],[88.5831,22.1697],[88.5821,22.1812],[88.5739,22.1885],[88.5764,22.1974],[88.5728,22.1883],[88.5811,22.1807],[88.5817,22.1695],[88.6034,22.1591],[88.5976,22.1306],[88.6091,22.1163],[88.6067,22.1078],[88.62,22.1045],[88.6273,22.0548],[88.6295,22.0506],[88.6367,22.0453],[88.6178,22.0211],[88.6034,22.0236],[88.6064,22.0477],[88.5967,22.0633],[88.6017,22.0736],[88.5966,22.0673],[88.5962,22.061],[88.6049,22.0483],[88.5999,22.0236],[88.6144,22.0197],[88.5987,21.9747],[88.5992,21.9628],[88.6151,21.9369],[88.6033,21.9344],[88.6123,21.9257],[88.6067,21.9128],[88.5786,21.8916],[88.5726,21.9079],[88.5503,21.9214],[88.5514,21.9347],[88.5436,21.97],[88.5564,21.9728],[88.5633,21.9606],[88.5678,21.9589],[88.5577,21.9732],[88.5462,21.9735],[88.5426,21.9706],[88.5409,21.9602],[88.5487,21.9223],[88.5705,21.9036],[88.5624,21.8989],[88.545,21.906],[88.5406,21.9039],[88.5395,21.8994],[88.5479,21.8817],[88.5389,21.8711],[88.5378,21.858],[88.5281,21.8531],[88.4943,21.8791],[88.5073,21.9032],[88.5218,21.9137],[88.5255,21.9294],[88.5217,21.9427],[88.4942,21.9584],[88.4937,21.9671],[88.5191,21.9882],[88.537,21.9788],[88.5433,21.982],[88.55,21.9962],[88.5566,22.0232],[88.5546,22.0357],[88.5414,21.9817],[88.5176,21.9887],[88.4916,21.9669],[88.4912,21.9605],[88.4953,21.9551],[88.5218,21.939],[88.5207,21.9154],[88.5022,21.9147],[88.4832,21.91],[88.4773,21.9044],[88.4736,21.8953],[88.4556,21.8999],[88.4622,21.9225],[88.4529,21.9395],[88.4682,21.9528],[88.4702,21.9589],[88.4637,21.9635],[88.4459,21.966],[88.4494,21.984],[88.4479,21.9874],[88.4434,21.9901],[88.45,21.9986],[88.4505,22.0072],[88.459,22.0092],[88.4609,22.0116],[88.4504,22.0092],[88.4416,21.9911],[88.448,21.9845],[88.4453,21.9642],[88.4689,21.958],[88.4515,21.942],[88.4585,21.9188],[88.4417,21.9114],[88.433,21.9028],[88.4242,21.9077],[88.4197,21.9066],[88.4087,21.8853],[88.3847,21.8992],[88.4078,21.9195],[88.4064,21.9245],[88.3942,21.9368],[88.3991,21.9493],[88.3988,21.9531],[88.3739,21.9653],[88.3943,21.9707],[88.3758,21.9697],[88.3728,21.9667],[88.3744,21.9628],[88.3981,21.9522],[88.3928,21.9369],[88.4064,21.9198],[88.3828,21.9007],[88.3975,21.8853],[88.3938,21.8523],[88.3858,21.8394],[88.3907,21.799],[88.3816,21.7916],[88.364,21.7978],[88.3549,21.8228],[88.3549,21.8557],[88.3658,21.873],[88.3705,21.8978],[88.3685,21.9057],[88.3593,21.9216],[88.35,21.9274],[88.3692,21.8973],[88.3635,21.8714],[88.3536,21.8572],[88.3452,21.857],[88.337,21.8616],[88.3257,21.8622],[88.3089,21.8564],[88.3013,21.8614],[88.3068,21.8673],[88.3098,21.8777],[88.3006,21.8613],[88.262,21.8587],[88.2562,21.8709],[88.2697,21.8852],[88.2549,21.8713],[88.2606,21.8579],[88.2993,21.8594],[88.3138,21.8466],[88.3056,21.8303],[88.2771,21.8219],[88.2634,21.8138],[88.259,21.8076],[88.2584,21.8008],[88.2636,21.788],[88.2819,21.7611],[88.2561,21.7831],[88.2526,21.8028],[88.2517,21.8019],[88.2546,21.7829],[88.2827,21.7576],[88.2725,21.7309],[88.2657,21.73],[88.2739,21.7546],[88.2172,21.7644],[88.2094,21.8014],[88.1633,21.8794],[88.1772,21.9261],[88.1537,21.9592],[88.1785,21.9818],[88.2078,22.0225],[88.2239,22.0753],[88.2075,22.1578],[88.1881,22.1867],[88.1656,22.1989],[88.0697,22.2119],[88.085,22.2356],[88.0886,22.2628],[88.1039,22.2914],[88.1065,22.3743],[88.1463,22.409],[88.1473,22.4205],[88.1216,22.4661],[88.1729,22.4821],[88.1319,22.4803],[88.1136,22.4661],[88.1181,22.4442],[88.1368,22.4146],[88.1036,22.3896],[88.0882,22.3693],[88.0902,22.3066],[88.0786,22.2842],[88.0753,22.2528],[88.0483,22.2197],[88.0261,22.2225],[87.9939,22.2388],[87.9776,22.2545],[87.9587,22.2847],[87.9571,22.3609],[87.9464,22.4061],[87.9275,22.4203],[87.9233,22.435],[87.8951,22.4345],[87.8838,22.4416],[87.8808,22.4381],[87.8939,22.4242],[87.9125,22.4217],[87.9297,22.4036],[87.9422,22.3664],[87.9436,22.355],[87.9367,22.3561],[87.947,22.3497],[87.9472,22.3331],[87.9364,22.3167],[87.94,22.33],[87.9308,22.3333],[87.9364,22.3261],[87.9328,22.31],[87.94,22.2603],[87.9703,22.238],[87.9814,22.2159],[88.0086,22.2014],[88.0231,22.1994],[88.0347,22.2094],[88.0753,22.1867],[88.1028,22.1919],[88.1356,22.1847],[88.1933,22.1128],[88.1889,22.0992],[88.1562,22.0648],[88.0622,22.0131],[88.0269,22.0478],[88.0336,22.0575],[88.0319,22.0639],[87.9984,22.0896],[87.9919,22.1025],[87.9634,22.1035],[87.9604,22.0956],[87.9817,22.0988],[88.0086,22.0731],[88.0178,22.0403],[88.0531,22.0103],[87.9803,21.8578],[87.9397,21.82],[87.9292,21.8006],[87.8989,21.795],[87.8992,21.7892],[87.8898,21.7935],[87.8944,21.7831],[87.8775,21.7647],[87.87,21.7603],[87.8847,21.7794],[87.8206,21.7242],[87.825,21.7236],[87.8095,21.706],[87.7897,21.695],[87.7533,21.6997],[87.7503,21.6867],[87.7397,21.6783],[87.6897,21.6575],[87.65,21.6486],[87.6425,21.6517],[87.6436,21.66],[87.6301,21.6467],[87.5612,21.6331],[87.553,21.6361],[87.482,21.6087],[87.4769,21.647],[87.4729,21.6524],[87.4618,21.6512],[87.4737,21.6969],[87.4736,21.7143],[87.4637,21.7256],[87.4695,21.7325],[87.445,21.7339],[87.4453,21.7386],[87.4545,21.7386],[87.4455,21.7436],[87.4454,21.768],[87.4043,21.7713],[87.3975,21.7666],[87.3932,21.7761],[87.3853,21.7765],[87.3693,21.7652],[87.3712,21.7791],[87.3586,21.7827],[87.3548,21.7925],[87.3381,21.7848],[87.3357,21.7935],[87.3192,21.7908],[87.3212,21.7977],[87.3104,21.7939],[87.3098,21.7992],[87.2992,21.8008],[87.2969,21.8114],[87.2837,21.8027],[87.2766,21.8051],[87.2751,21.8168],[87.2638,21.8191],[87.2708,21.8277],[87.2601,21.8488],[87.2486,21.8543],[87.2521,21.8767],[87.2386,21.9034],[87.2552,21.9266],[87.2373,21.9449],[87.2359,21.957],[87.2113,21.9661],[87.1962,21.9594],[87.1702,21.9793],[87.1627,21.9678],[87.1616,21.9355],[87.1374,21.9235],[87.1085,21.9238],[87.0964,21.9139],[87.0908,21.8996],[87.0995,21.8914],[87.0987,21.8657],[87.0378,21.8681],[87.0017,21.9138],[87.0094,21.9475],[87.032,21.9926],[87.0234,22.0205],[87.0281,22.0366],[87.0174,22.0462],[86.9926,22.0549],[86.9601,22.0879],[86.9465,22.0855],[86.852,22.1028],[86.8464,22.0961],[86.8379,22.0976],[86.8284,22.1177],[86.8089,22.1191],[86.814,22.1258],[86.802,22.1304],[86.8052,22.1469],[86.7958,22.1568],[86.7703,22.1491],[86.7219,22.1467],[86.7179,22.1815],[86.727,22.2167],[86.7532,22.211],[86.7761,22.218],[86.7746,22.2323],[86.7817,22.237],[86.7952,22.2279],[86.7848,22.2308],[86.7782,22.218],[86.7852,22.2151],[86.7918,22.2221],[86.8023,22.2178],[86.8125,22.2411],[86.7992,22.2381],[86.7944,22.2433],[86.7923,22.2662],[86.8012,22.2655],[86.7971,22.2477],[86.8031,22.2443],[86.8135,22.2675],[86.8169,22.2537],[86.8241,22.2668],[86.8868,22.2573],[86.8882,22.2973],[86.8332,22.3244],[86.8318,22.347],[86.8431,22.3729],[86.8456,22.3998],[86.813,22.4191],[86.7648,22.4266],[86.7596,22.4447],[86.7635,22.4471],[86.7512,22.4557],[86.7507,22.4824],[86.793,22.4774],[86.801,22.4883],[86.794,22.4958],[86.8022,22.5022],[86.7866,22.5268],[86.7893,22.5477],[86.7668,22.556],[86.7717,22.5648],[86.7659,22.5756],[86.7102,22.583],[86.6586,22.5756],[86.6527,22.5824],[86.6561,22.5914],[86.6385,22.5984],[86.6332,22.611],[86.6414,22.6576],[86.6351,22.6655],[86.5713,22.6998],[86.5481,22.7208],[86.5141,22.7184],[86.5106,22.7047],[86.4936,22.7265],[86.4822,22.7293],[86.4602,22.7633],[86.4325,22.7749],[86.4194,22.7909],[86.4251,22.8],[86.4225,22.8107],[86.4387,22.8312],[86.4349,22.8606],[86.451,22.8623],[86.4534,22.886],[86.4673,22.9008],[86.453,22.9035],[86.4358,22.9258],[86.4628,22.9369],[86.4766,22.9518],[86.4891,22.9376],[86.503,22.9514],[86.5255,22.9472],[86.5315,22.9647],[86.5448,22.9659],[86.547,22.9893],[86.5189,22.9705],[86.5075,22.9729],[86.5134,22.9776],[86.5014,22.9946],[86.4468,22.9881],[86.4192,23.0005],[86.4158,22.9908],[86.394,22.981],[86.3859,22.996],[86.3768,22.9984],[86.3442,22.9978],[86.338,22.9905],[86.3261,22.9948],[86.3041,23.01],[86.3046,23.0167],[86.2371,22.995],[86.2166,22.9978],[86.2187,23.002],[86.2103,23.0078],[86.1856,23.0052],[86.1674,23.0332],[86.1565,23.0317],[86.1576,23.0479],[86.1417,23.0572],[86.1461,23.0752],[86.1271,23.0868],[86.0981,23.0854],[86.0895,23.0951],[86.0751,23.0945],[86.0492,23.106],[86.0548,23.1238],[86.0437,23.1449],[86.0238,23.1444],[86.0176,23.1552],[86.0129,23.1482],[86.0026,23.1489],[85.9581,23.1609],[85.9512,23.152],[85.9288,23.1514],[85.9219,23.1451],[85.8942,23.1552],[85.8817,23.1692],[85.8826,23.1983],[85.8644,23.2219],[85.8368,23.2201],[85.838,23.247],[85.8197,23.2684],[85.8383,23.3061],[85.8686,23.3303],[85.8657,23.3413],[85.8836,23.3503],[85.8749,23.3605],[85.8781,23.3819],[85.8698,23.3888],[85.9027,23.3985],[85.8984,23.4057],[85.8861,23.4049],[85.8914,23.4101],[85.8804,23.4217],[85.8872,23.4253],[85.8846,23.4299],[85.8637,23.4316],[85.8631,23.4624],[85.8709,23.4755],[85.8867,23.4847],[85.9091,23.4842],[85.9503,23.4708],[86.0091,23.4845],[86.0542,23.4869],[86.0588,23.4944],[86.0389,23.4978],[86.0398,23.5149],[86.0238,23.5373],[86.0282,23.5427],[86.0168,23.5475],[86.0186,23.5597],[86.0398,23.5749],[86.0421,23.5861],[86.0777,23.5792],[86.0727,23.5689],[86.0922,23.5629],[86.1262,23.5697],[86.1314,23.5588],[86.1434,23.5635],[86.1587,23.5594],[86.1517,23.548],[86.1571,23.5341],[86.148,23.5197],[86.1605,23.5083],[86.1485,23.4653],[86.1771,23.4698],[86.1823,23.4673],[86.1803,23.4608],[86.2289,23.4433],[86.2329,23.4622],[86.2461,23.4596],[86.2304,23.431],[86.2348,23.4213],[86.2461,23.423],[86.2475,23.4116],[86.2594,23.4133],[86.2524,23.4271],[86.2642,23.4308],[86.2886,23.4294],[86.2902,23.4181],[86.3102,23.4118],[86.3171,23.4161],[86.3177,23.4267],[86.3109,23.4263],[86.3057,23.435],[86.3339,23.4472],[86.3368,23.4404],[86.3489,23.4403],[86.3498,23.4515],[86.3601,23.4522],[86.357,23.4608],[86.3637,23.4714],[86.3793,23.4737],[86.3786,23.4853],[86.3659,23.4803],[86.3617,23.4853],[86.3644,23.5016],[86.3754,23.5091],[86.3646,23.5219],[86.3652,23.531],[86.3886,23.5601],[86.3878,23.574],[86.4137,23.576],[86.4209,23.5896],[86.4472,23.5979],[86.4465,23.6175],[86.4619,23.6297],[86.4906,23.6376],[86.5288,23.6298],[86.5745,23.6476],[86.5992,23.6656],[86.5983,23.6739],[86.6294,23.6758],[86.713,23.6985],[86.7396,23.6944],[86.748,23.6789],[86.7993,23.6889],[86.8117,23.745],[86.8283,23.7532],[86.8261,23.7768],[86.8041,23.8014],[86.8103,23.8218],[86.7994,23.8316],[86.8055,23.8375],[86.8148,23.8308],[86.8141,23.8184],[86.8267,23.8141],[86.8385,23.824],[86.8524,23.8249],[86.8633,23.8444],[86.8747,23.8475],[86.8899,23.8196],[86.8945,23.835],[86.8889,23.8586],[86.8813,23.8631],[86.8936,23.8771],[86.9157,23.8831],[86.9326,23.8685],[86.9357,23.8521],[86.9469,23.846],[86.9627,23.8494],[86.9643,23.8637],[86.9739,23.8689],[87.038,23.8392],[87.0535,23.8226],[87.082,23.8095],[87.0917,23.8155],[87.1031,23.8043],[87.115,23.8079],[87.1187,23.8038],[87.1106,23.7998],[87.1226,23.7961],[87.1403,23.8049],[87.1496,23.7967],[87.1673,23.825],[87.1541,23.8292],[87.13,23.8535],[87.1295,23.8689],[87.1649,23.8651],[87.181,23.8528],[87.1878,23.8594],[87.1968,23.8579],[87.1877,23.8485],[87.1894,23.8423],[87.1972,23.85],[87.2033,23.8478],[87.2059,23.8564],[87.2144,23.8507],[87.221,23.8604],[87.2339,23.8564],[87.2377,23.8547],[87.2235,23.8456],[87.2175,23.8298],[87.2407,23.8258],[87.2558,23.8438],[87.2442,23.8571],[87.2486,23.8685],[87.241,23.8704],[87.2462,23.9087],[87.2519,23.9127],[87.2579,23.9084],[87.2527,23.8997],[87.2579,23.8981],[87.259,23.8816],[87.2695,23.8744],[87.2954,23.902],[87.2846,23.9218],[87.293,23.959],[87.2625,23.9672],[87.268,23.989],[87.2628,24.0035],[87.2477,23.9987],[87.2409,24.0118],[87.2457,24.0159],[87.2337,24.0244],[87.2454,24.045],[87.2883,24.0284],[87.2917,24.0331],[87.337,24.0339],[87.3362,24.0208],[87.3191,24.0078],[87.3292,23.9987],[87.3514,23.9984],[87.3607,24.0128],[87.4274,23.9928],[87.4395,23.9817],[87.4498,23.9887],[87.4601,23.9841],[87.4608,23.9963],[87.4452,24.0019],[87.4486,24.0112],[87.438,24.0129],[87.4599,24.0187],[87.4613,24.0129],[87.4764,24.012],[87.5024,24.0246],[87.512,24.036],[87.5101,24.0474],[87.4933,24.0541],[87.4974,24.0633],[87.4905,24.0708],[87.4928,24.0769],[87.5009,24.0727],[87.5111,24.0828],[87.4897,24.0902],[87.5004,24.1016],[87.4976,24.1178],[87.5111,24.1107],[87.5213,24.1129],[87.5235,24.1054],[87.532,24.1072],[87.5431,24.0857],[87.5543,24.0883],[87.5589,24.0814],[87.5721,24.0894],[87.581,24.0875],[87.5745,24.1118],[87.5833,24.114],[87.5852,24.1241],[87.6103,24.1323],[87.5759,24.1609],[87.606,24.1604],[87.6151,24.1658],[87.6308,24.1641],[87.6419,24.1527],[87.6577,24.1588],[87.6788,24.1475],[87.6941,24.1506],[87.6999,24.1764],[87.6946,24.1861],[87.677,24.1946],[87.6745,24.2075],[87.638,24.2154],[87.6462,24.2301],[87.636,24.2418],[87.6416,24.2472],[87.6389,24.2547],[87.6584,24.2359],[87.6622,24.2453],[87.6848,24.2462],[87.6912,24.2585],[87.706,24.2604],[87.7132,24.2939],[87.7302,24.2884],[87.7548,24.3098],[87.7615,24.3082],[87.7632,24.3214],[87.7708,24.3224],[87.7628,24.3303],[87.7646,24.3397],[87.787,24.3636],[87.7933,24.3821],[87.8014,24.3831],[87.7942,24.3996],[87.8097,24.4053],[87.8123,24.4141],[87.8064,24.4201],[87.8,24.409],[87.7888,24.4149],[87.7896,24.4204],[87.7957,24.422],[87.7949,24.4364],[87.804,24.4412],[87.8035,24.4542],[87.8239,24.4583],[87.8227,24.4709],[87.8107,24.477],[87.8166,24.4897],[87.827,24.4884],[87.8283,24.4985],[87.8115,24.4921],[87.8165,24.5005],[87.8099,24.5141],[87.8022,24.4944],[87.7943,24.5013],[87.8035,24.5056],[87.7981,24.5091],[87.8038,24.5179],[87.7994,24.5438],[87.8089,24.5474],[87.7915,24.572],[87.7707,24.5707],[87.7717,24.5837],[87.8124,24.5788],[87.8269,24.5689],[87.8271,24.5582],[87.852,24.5539],[87.8522,24.5607],[87.8653,24.5567],[87.8689,24.5642],[87.8919,24.5656],[87.8926,24.5813],[87.9089,24.5857],[87.9115,24.6102],[87.8913,24.6114],[87.892,24.6063],[87.8752,24.6137],[87.8779,24.6181],[87.9057,24.6147],[87.9058,24.6314],[87.9143,24.637],[87.9116,24.6546],[87.9171,24.6657],[87.8886,24.6791],[87.8984,24.6871],[87.9078,24.7212],[87.8902,24.7248],[87.8828,24.7413],[87.8746,24.7325],[87.8427,24.7402],[87.8293,24.7533],[87.8191,24.7538],[87.8178,24.7609],[87.8229,24.77],[87.8298,24.7695],[87.8362,24.7898],[87.8414,24.7835],[87.8366,24.7658],[87.8435,24.7693],[87.8544,24.7617],[87.8687,24.7743],[87.8686,24.7889],[87.8731,24.7949],[87.8786,24.7904],[87.8817,24.7989],[87.8701,24.8261],[87.8775,24.8212],[87.8832,24.8287],[87.8829,24.8224],[87.8854,24.8268],[87.9003,24.823],[87.8997,24.8443],[87.8908,24.8551],[87.9154,24.8829],[87.9525,24.908],[87.9623,24.9378],[87.9576,24.971],[87.9399,24.9913],[87.9057,25.0035],[87.8767,25.0343],[87.7958,25.0872],[87.8008,25.1177],[87.7793,25.1435],[87.7818,25.1768],[87.7728,25.2071],[87.7787,25.2505],[87.7114,25.2576],[87.7628,25.2655],[87.8185,25.2419],[87.8467,25.2645],[87.8535,25.2899],[87.8472,25.3043],[87.8084,25.3275],[87.7928,25.3295],[87.7843,25.3401],[87.7896,25.3768],[87.7649,25.3838],[87.7705,25.405],[87.7667,25.415],[87.7787,25.4103],[87.7735,25.4288],[87.7853,25.4371],[87.7871,25.4492],[87.8214,25.4358],[87.8304,25.4488],[87.8306,25.4618],[87.839,25.4615],[87.8392,25.4679],[87.8595,25.4712],[87.8643,25.4643],[87.8688,25.4694],[87.8637,25.4793],[87.8662,25.4969],[87.8855,25.5093],[87.884,25.5205],[87.8972,25.5039],[87.9028,25.5047],[87.9158,25.5337],[87.9592,25.5386],[87.9742,25.5257],[87.9849,25.5255],[88.0043,25.4962],[88.002,25.5143],[88.0136,25.514],[88.0306,25.4906],[88.0504,25.4855],[88.0653,25.4893],[88.0733,25.4836],[88.072,25.504],[88.0771,25.5067],[88.0673,25.5081],[88.0694,25.526],[88.0598,25.5264],[88.0651,25.5319],[88.0522,25.5491],[88.0315,25.5541],[88.0288,25.5614],[88.0402,25.5736],[88.0316,25.5664],[88.0209,25.5704],[88.0353,25.581],[88.0245,25.5825],[88.0217,25.5961],[88.0266,25.6031],[88.0397,25.6008],[88.0309,25.6072],[88.0438,25.6103],[88.0345,25.6305],[88.0398,25.6392],[88.0553,25.6447],[88.0453,25.6422],[88.0361,25.6488],[88.0508,25.6542],[88.0487,25.6819],[88.0554,25.6914],[88.0497,25.7022],[88.0324,25.7042],[88.0211,25.6963],[88.0216,25.7102],[88.0022,25.7161],[88.0007,25.7228],[87.9679,25.726],[87.9684,25.7342],[87.9472,25.7512],[87.9504,25.7582],[87.942,25.7742],[87.9352,25.7733],[87.9369,25.7684],[87.9259,25.7769],[87.9044,25.7724],[87.9099,25.7808],[87.9053,25.8025],[87.9104,25.8036],[87.9002,25.807],[87.9177,25.8161],[87.9004,25.8232],[87.9057,25.8305],[87.8892,25.8297],[87.8934,25.8364],[87.9035,25.833],[87.8987,25.8379],[87.9094,25.8401],[87.9042,25.8429],[87.9157,25.8533],[87.8924,25.8657],[87.8831,25.8593],[87.8759,25.8604],[87.8747,25.8681],[87.8579,25.8647],[87.8297,25.8715],[87.8244,25.887],[87.8296,25.8927],[87.8224,25.8996],[87.8255,25.911],[87.8098,25.9119],[87.8147,25.9161],[87.8108,25.9279],[87.821,25.9361],[87.8345,25.9302],[87.8397,25.9338],[87.8346,25.9463],[87.8374,25.9599],[87.8481,25.9695],[87.8555,26.035],[87.8863,26.0433],[87.8936,26.064],[87.9267,26.0839],[87.9351,26.0641],[87.9489,26.06],[87.9536,26.0752],[87.9824,26.0726],[87.981,26.0848],[87.9642,26.0949],[87.9888,26.1051],[87.9855,26.1174],[87.969,26.1192],[87.982,26.1273],[87.9752,26.143],[87.9855,26.1425],[87.9925,26.151],[87.9984,26.1396],[88.0105,26.1453],[88.0142,26.1509],[88.0093,26.1603],[88.0199,26.1607],[88.0349,26.1791],[88.0585,26.1707],[88.0667,26.1774],[88.0733,26.1751],[88.0785,26.1869],[88.0904,26.1917],[88.0927,26.2029],[88.1178,26.2191],[88.1165,26.2237],[88.142,26.2263],[88.1385,26.2405],[88.146,26.2501],[88.1577,26.256],[88.1767,26.254],[88.1857,26.2708],[88.1998,26.2698],[88.2052,26.2775],[88.2137,26.2741],[88.2277,26.2848],[88.2311,26.3011],[88.241,26.3005],[88.2504,26.3113],[88.2533,26.3343],[88.265,26.3348],[88.2783,26.3255],[88.2864,26.3317],[88.2856,26.3474],[88.3005,26.3503],[88.2963,26.3592],[88.2875,26.358],[88.2833,26.3779],[88.2653,26.3812],[88.2522,26.3739],[88.2383,26.3808],[88.2373,26.3961],[88.2614,26.4199],[88.2734,26.419],[88.251,26.433],[88.242,26.4566],[88.2152,26.4771],[88.2258,26.48],[88.2276,26.4919],[88.2197,26.4931],[88.2207,26.4864],[88.214,26.483],[88.1984,26.4847],[88.1826,26.5041],[88.1965,26.5214],[88.2355,26.5447],[88.2328,26.571],[88.2158,26.5732],[88.2204,26.5563],[88.2121,26.5542],[88.2184,26.5533],[88.2021,26.5549],[88.1893,26.5596],[88.1791,26.5448],[88.1686,26.5534],[88.1665,26.5355],[88.1503,26.5318],[88.146,26.5222],[88.135,26.5234],[88.1055,26.5508],[88.1057,26.5611],[88.1136,26.5587],[88.1134,26.5725],[88.1193,26.5683],[88.1237,26.5775],[88.1305,26.5739],[88.13,26.6011],[88.1393,26.6066],[88.1422,26.6256],[88.1604,26.6364],[88.1672,26.6992],[88.1817,26.7195],[88.1879,26.7718],[88.1738,26.8342],[88.1678,26.8376],[88.1741,26.8653],[88.1365,26.8985],[88.1448,26.9225],[88.1203,26.9507],[88.1246,26.9718],[88.1347,26.986],[88.1172,26.9875],[88.0923,27.0046],[88.0778,27.0354],[88.0596,27.0294],[88.0379,27.0363],[88.0161,27.0737],[88.0211,27.0878],[88.0027,27.1046],[87.991,27.1056],[87.987,27.119],[87.9914,27.1308],[88.0074,27.1431],[88.0116,27.1663],[88.0194,27.1712],[88.0126,27.1779],[88.0126,27.2164],[88.0289,27.2206],[88.065,27.2132],[88.0789,27.2012],[88.0744,27.1855],[88.0962,27.1334],[88.1537,27.1097],[88.1817,27.1324],[88.2156,27.1315],[88.2322,27.1184],[88.2788,27.1304],[88.302,27.1289],[88.3166,27.1256],[88.3244,27.1054],[88.3419,27.1097],[88.3567,27.0953],[88.3819,27.0944],[88.4307,27.0794],[88.4587,27.0896],[88.4753,27.1207],[88.4963,27.1222],[88.4969,27.1294],[88.517,27.1457],[88.53,27.148],[88.5267,27.1564],[88.5334,27.1632],[88.5257,27.1702],[88.5413,27.1817],[88.5958,27.1892],[88.6225,27.1792],[88.6351,27.1635],[88.6552,27.1595],[88.6724,27.1748],[88.6858,27.176],[88.7066,27.1663],[88.7244,27.1353],[88.7389,27.1362],[88.7464,27.1441],[88.7737,27.1353],[88.802,27.1395],[88.8117,27.1269],[88.8425,27.1112],[88.8677,27.1124],[88.8812,27.062],[88.8703,26.9957],[88.8771,26.9444],[88.9217,26.9939],[88.9525,26.9684],[88.9536,26.9473],[88.9439,26.9341],[88.9803,26.9172],[89.0216,26.9407],[89.03,26.9231],[89.0509,26.916],[89.0489,26.8991],[89.0694,26.9037],[89.0957,26.8917],[89.0925,26.8726],[89.1062,26.8604],[89.1007,26.8425],[89.1345,26.8076],[89.1763,26.8191],[89.1935,26.8108],[89.229,26.8183],[89.2624,26.8138],[89.2746,26.8287],[89.3185,26.8513],[89.3268,26.8432],[89.379,26.8622],[89.3898,26.8419],[89.4229,26.836],[89.4395,26.8403],[89.4504,26.8308],[89.4501,26.818],[89.4695,26.8027],[89.4946,26.8032],[89.5122,26.8143],[89.5602,26.8129],[89.5659,26.7994],[89.614,26.786],[89.6209,26.7775],[89.6318,26.7831],[89.6499,26.7767],[89.6533,26.7669],[89.6439,26.7603],[89.6435,26.7485],[89.6224,26.7389],[89.6174,26.7293],[89.6238,26.7184],[89.6351,26.725],[89.6579,26.7187],[89.6718,26.7398],[89.6899,26.7331],[89.7003,26.7373],[89.7241,26.7223],[89.7528,26.7353],[89.7587,26.7288],[89.7548,26.7175],[89.7714,26.701],[89.8123,26.7106],[89.8629,26.7008],[89.8519,26.6971],[89.8634,26.6812],[89.8594,26.6553],[89.8665,26.6455],[89.8498,26.623],[89.8549,26.615],[89.8696,26.6139],[89.8656,26.5919],[89.8743,26.5839],[89.8576,26.5759],[89.8625,26.5537],[89.8595,26.5326],[89.851,26.5207],[89.8498,26.4908],[89.861,26.4691],[89.8681,26.4678],[89.8691,26.4536],[89.8479,26.4228],[89.8564,26.4129],[89.8346,26.4138],[89.8281,26.3945],[89.838,26.3913],[89.8463,26.4047],[89.8552,26.3965],[89.8564,26.3842],[89.8249,26.3815],[89.8274,26.371],[89.8201,26.364],[89.8204,26.3526],[89.8112,26.3603],[89.8205,26.3729],[89.7811,26.3527],[89.7827,26.3326],[89.7633,26.3165],[89.7506,26.3213],[89.7572,26.2887],[89.7447,26.2968],[89.7268,26.2943],[89.7218,26.2998],[89.7255,26.3072],[89.7199,26.3069],[89.7177,26.2955],[89.7384,26.2697],[89.7344,26.2596],[89.7198,26.2573],[89.7126,26.2617],[89.7146,26.2697],[89.7071,26.2705],[89.7023,26.2593],[89.717,26.2568],[89.7181,26.2448],[89.7322,26.2366],[89.7143,26.2296],[89.7107,26.2175],[89.7005,26.2179],[89.7094,26.2114],[89.7257,26.2175],[89.7341,26.2099],[89.7118,26.2022],[89.7205,26.1951],[89.7132,26.1871],[89.6987,26.1907],[89.7099,26.1718],[89.726,26.1772],[89.7367,26.172],[89.7128,26.1681],[89.71,26.1562],[89.7014,26.1518],[89.6813,26.1636],[89.6842,26.1696],[89.7021,26.174],[89.6874,26.1815],[89.6822,26.1924],[89.6863,26.1982],[89.6735,26.2014],[89.6772,26.2097],[89.6857,26.2069],[89.6915,26.2117],[89.6838,26.2087],[89.6794,26.2148],[89.679,26.2241],[89.6894,26.2213],[89.6837,26.2237],[89.6861,26.2307],[89.682,26.2275],[89.6787,26.2382],[89.6719,26.2198],[89.662,26.2192],[89.6344,26.2294],[89.6327,26.2099],[89.6383,26.2104],[89.6395,26.1997],[89.65,26.1902],[89.6422,26.1853],[89.6302,26.1958],[89.6278,26.1839],[89.6391,26.1786],[89.6555,26.1814],[89.6587,26.1762],[89.6461,26.1644],[89.6322,26.1719],[89.6375,26.1768],[89.6325,26.1808],[89.624,26.1711],[89.6239,26.1791],[89.6075,26.1791],[89.6152,26.1759],[89.6112,26.1686],[89.6198,26.1678],[89.6102,26.1618],[89.609,26.1536],[89.6,26.1608],[89.5914,26.1576],[89.5979,26.1541],[89.5966,26.135],[89.6077,26.1249],[89.6013,26.1234],[89.6042,26.1175],[89.612,26.1277],[89.6205,26.1197],[89.6253,26.1286],[89.6304,26.1183],[89.6162,26.1069],[89.5979,26.113],[89.6003,26.1041],[89.5939,26.1022],[89.6086,26.0884],[89.6101,26.0959],[89.6173,26.0947],[89.614,26.1036],[89.6215,26.1003],[89.6241,26.1079],[89.63,26.107],[89.6397,26.0901],[89.6336,26.0809],[89.6501,26.063],[89.6306,26.0627],[89.6205,26.0533],[89.6178,26.0601],[89.6054,26.0638],[89.6128,26.0526],[89.5922,26.0448],[89.5977,26.0379],[89.5869,26.0383],[89.5854,26.0263],[89.5787,26.0263],[89.5868,25.9809],[89.5846,25.9758],[89.5742,25.9803],[89.5772,25.9688],[89.5689,25.9678],[89.566,25.9803],[89.5577,25.9654],[89.5404,25.97],[89.5417,25.9832],[89.5352,25.9889],[89.5482,26.0001],[89.5409,26.0059],[89.5337,26.0054],[89.5375,26.0021],[89.5192,26.0087],[89.5081,26.0018],[89.4913,26.006],[89.4804,25.9961],[89.4308,26.0111],[89.4267,26.0151],[89.4328,26.0375],[89.4238,26.0469],[89.4074,26.0415],[89.403,26.0273],[89.3909,26.0229],[89.3928,26.0072],[89.3491,26.0104],[89.3443,26.0132],[89.3492,26.0161],[89.3345,26.02],[89.3386,26.0239],[89.3237,26.0381],[89.3152,26.0374],[89.3004,26.0504],[89.2966,26.0453],[89.2758,26.0491],[89.2811,26.0656],[89.2709,26.0599],[89.2544,26.0641],[89.2569,26.0801],[89.2668,26.0926],[89.2516,26.0914],[89.2518,26.1012],[89.2416,26.1055],[89.2419,26.1132],[89.2292,26.1166],[89.2294,26.1239],[89.2031,26.1293],[89.1923,26.1236],[89.1624,26.133],[89.1485,26.1581],[89.1573,26.1632],[89.141,26.1693],[89.1346,26.181],[89.1494,26.2091],[89.1421,26.2145],[89.1409,26.2358],[89.1198,26.2526],[89.1252,26.2635],[89.1057,26.274],[89.106,26.2811],[89.1001,26.2795],[89.1071,26.2916],[89.1033,26.2945],[89.1076,26.2998],[89.0999,26.3046],[89.1047,26.3158],[89.1221,26.2871],[89.1325,26.2987],[89.1252,26.3053],[89.136,26.3074],[89.1296,26.3128],[89.1363,26.3201],[89.1127,26.3184],[89.11,26.3252],[89.1005,26.3233],[89.0972,26.3293],[89.0919,26.3203],[89.0835,26.3224],[89.1013,26.3365],[89.0933,26.3529],[89.0983,26.3589],[89.0797,26.3628],[89.0885,26.3657],[89.0901,26.3857],[89.0963,26.3912],[89.0813,26.3902],[89.0845,26.3983],[89.0739,26.3911],[89.0748,26.396],[89.0632,26.4007],[89.0581,26.3953],[89.0406,26.4002],[89.0336,26.3954],[89.0299,26.4071],[89.0194,26.4041],[89.0225,26.4136],[89.0072,26.4127],[89.0055,26.4216],[88.9937,26.423],[88.9986,26.4139],[88.994,26.4128],[88.9808,26.4253],[88.9833,26.4465],[88.9663,26.4513],[88.9651,26.4578],[88.9558,26.4602],[88.9654,26.4515],[88.9462,26.4479],[88.9513,26.435],[88.9448,26.4256],[88.9262,26.4321],[88.9328,26.4268],[88.923,26.4234],[88.9313,26.4142],[88.9266,26.4068],[88.9048,26.4085],[88.9182,26.4004],[88.9165,26.3848],[88.9091,26.38],[88.9214,26.3772],[88.9133,26.3742],[88.9101,26.3698],[88.9201,26.3662],[88.9197,26.3593],[88.9261,26.3647],[88.9468,26.3557],[88.9499,26.3659],[88.9584,26.3617],[88.9463,26.3458],[88.9591,26.3435],[88.9518,26.3426],[88.956,26.33],[88.9635,26.3383],[88.9614,26.3523],[88.9872,26.3483],[88.99,26.3385],[88.9818,26.341],[88.9855,26.3328],[89.001,26.3297],[88.9915,26.3223],[88.9971,26.3137],[88.9846,26.318],[88.9827,26.3095],[88.9849,26.3005],[88.9976,26.2996],[88.9957,26.2902],[89.0069,26.3044],[89.0184,26.2898],[89.0143,26.3002],[89.0216,26.309],[89.0266,26.3054],[89.0201,26.2891],[89.0275,26.2825],[89.0408,26.2858],[89.038,26.2775],[89.0451,26.2751],[89.0505,26.2883],[89.0448,26.2836],[89.0459,26.2954],[89.0595,26.2934],[89.0625,26.2787],[89.0539,26.2771],[89.0633,26.2704],[89.0626,26.2538],[89.0513,26.2553],[89.0507,26.2417],[89.0276,26.2476],[89.0183,26.2419],[88.993,26.2455],[88.9573,26.2403],[88.9263,26.2838],[88.8983,26.2886],[88.8759,26.2866],[88.8614,26.2727],[88.8615,26.252],[88.8722,26.2399],[88.8777,26.2422],[88.8779,26.2334],[88.8417,26.2307],[88.8381,26.2382],[88.8277,26.2396],[88.8292,26.2497],[88.8129,26.256],[88.81,26.2768],[88.8191,26.2945],[88.7936,26.31],[88.7598,26.3003],[88.7586,26.2948],[88.7475,26.2955],[88.7473,26.301],[88.7379,26.2924],[88.7297,26.2946],[88.7171,26.2811],[88.7114,26.2864],[88.6997,26.2842],[88.6962,26.2773],[88.6861,26.2768],[88.6926,26.2695],[88.6832,26.2608],[88.6662,26.2627],[88.6722,26.2685],[88.6669,26.2732],[88.668,26.2972],[88.6787,26.2988],[88.678,26.3069],[88.6831,26.3085],[88.6791,26.3147],[88.6753,26.3114],[88.6751,26.3201],[88.6954,26.3287],[88.6902,26.3231],[88.6933,26.314],[88.715,26.318],[88.7188,26.3121],[88.7312,26.3184],[88.7306,26.3236],[88.7465,26.3224],[88.7487,26.3319],[88.7339,26.3287],[88.7459,26.3471],[88.7333,26.3538],[88.7359,26.348],[88.7261,26.3413],[88.7128,26.3437],[88.7102,26.3347],[88.7028,26.3344],[88.704,26.3419],[88.6941,26.3467],[88.6986,26.3567],[88.6915,26.3612],[88.6963,26.362],[88.681,26.3794],[88.7023,26.3884],[88.6874,26.3868],[88.6892,26.3957],[88.6723,26.3957],[88.6735,26.402],[88.6874,26.401],[88.6868,26.406],[88.6678,26.4072],[88.6604,26.4163],[88.6445,26.4187],[88.6511,26.4217],[88.6498,26.4296],[88.6238,26.4348],[88.6283,26.441],[88.6229,26.4711],[88.5948,26.4706],[88.593,26.4498],[88.5609,26.4565],[88.5601,26.473],[88.5526,26.4753],[88.5568,26.4848],[88.5265,26.4814],[88.5187,26.5013],[88.5214,26.5105],[88.5072,26.5165],[88.4898,26.5104],[88.4901,26.5251],[88.4853,26.5261],[88.4897,26.532],[88.482,26.5313],[88.485,26.5407],[88.4589,26.5471],[88.4565,26.5369],[88.4483,26.5353],[88.436,26.545],[88.4212,26.571],[88.418,26.6216],[88.4152,26.6332],[88.4093,26.6348],[88.387,26.612],[88.3984,26.6035],[88.376,26.5947],[88.3708,26.5603],[88.3572,26.5418],[88.3594,26.5301],[88.3495,26.5091],[88.3321,26.4932],[88.3319,26.4818],[88.3409,26.4782],[88.3405,26.4689],[88.3471,26.4683],[88.3548,26.447],[88.3661,26.4708],[88.3605,26.4846],[88.3712,26.4882],[88.3885,26.4783],[88.405,26.4858],[88.4198,26.4657],[88.4277,26.473],[88.4374,26.4659],[88.4852,26.4603],[88.4789,26.4523],[88.4962,26.4371],[88.4897,26.43],[88.4984,26.4252],[88.494,26.4187],[88.5028,26.4175],[88.4956,26.4095],[88.5028,26.403],[88.509,26.4072],[88.505,26.3987],[88.5129,26.3876],[88.5192,26.39],[88.5128,26.3778],[88.5172,26.3706],[88.5248,26.3748],[88.5154,26.3653],[88.5232,26.3605],[88.5185,26.3516],[88.505,26.3486],[88.5077,26.3625],[88.4884,26.3603],[88.4919,26.3514],[88.4824,26.3497],[88.4774,26.3577],[88.4586,26.3621],[88.4577,26.3767],[88.4461,26.3644],[88.4356,26.3358],[88.4129,26.3375],[88.4044,26.3298],[88.407,26.3236],[88.4156,26.3243],[88.4149,26.3148],[88.3847,26.3133],[88.3497,26.2822],[88.3486,26.2503],[88.3597,26.2424],[88.3505,26.2204],[88.3312,26.217],[88.3198,26.2029],[88.2858,26.2002],[88.2693,26.1865],[88.2418,26.1891],[88.2335,26.1845],[88.2373,26.1773],[88.2262,26.173],[88.2269,26.1684],[88.2144,26.17],[88.2162,26.1633],[88.2057,26.1592],[88.1968,26.1635],[88.1915,26.157],[88.1951,26.1522],[88.1904,26.1553],[88.1773,26.1481],[88.18,26.1392],[88.1739,26.1283],[88.1784,26.1236],[88.172,26.1103],[88.1633,26.1073],[88.1585,26.0953],[88.1656,26.0881],[88.1584,26.0798],[88.1627,26.0769],[88.1686,26.0836],[88.1833,26.0729],[88.1857,26.0637],[88.1761,26.0581],[88.1793,26.0465],[88.1736,26.0499],[88.1695,26.0452],[88.1754,26.0397],[88.1718,26.0328],[88.1832,26.0268],[88.1397,26.0129],[88.1437,26.0004],[88.1297,25.9969],[88.1279,25.9766],[88.1193,25.9716],[88.1243,25.9661],[88.1152,25.9628],[88.1224,25.9484],[88.1126,25.9435],[88.1115,25.9333],[88.0947,25.9314],[88.0863,25.9175],[88.0944,25.9085],[88.0903,25.8965],[88.103,25.8892],[88.0942,25.8734],[88.102,25.8716],[88.1025,25.8618],[88.1103,25.8685],[88.1139,25.8545],[88.1014,25.8442],[88.1084,25.8383],[88.1012,25.829],[88.1116,25.8217],[88.107,25.815],[88.1201,25.8124],[88.1145,25.7979],[88.1443,25.7936],[88.1417,25.7801],[88.1515,25.7756],[88.1594,25.7876],[88.1731,25.7866],[88.1838,25.8017],[88.1935,25.8015],[88.1995,25.79],[88.2095,25.7868],[88.2157,25.8014],[88.231,25.7967],[88.2363,25.8094],[88.2469,25.806],[88.2486,25.8134],[88.2597,25.8138],[88.2696,25.8082],[88.2719,25.7906],[88.2665,25.7824],[88.2908,25.7738],[88.2891,25.7678],[88.3172,25.7525],[88.3209,25.7375],[88.3376,25.7376],[88.3441,25.7294],[88.3588,25.7281],[88.3568,25.7213],[88.3743,25.7171],[88.3715,25.6965],[88.3915,25.6935],[88.3902,25.684],[88.4052,25.6842],[88.4017,25.6726],[88.4538,25.6649],[88.4558,25.6286],[88.4452,25.6155],[88.4496,25.605],[88.4444,25.5969],[88.4576,25.5987],[88.4696,25.5831],[88.4999,25.5839],[88.4935,25.5588],[88.5091,25.5441],[88.5197,25.5446],[88.5235,25.5352],[88.5277,25.5433],[88.5331,25.5421],[88.5328,25.5322],[88.5403,25.5328],[88.54,25.5083],[88.5464,25.5083],[88.5524,25.5208],[88.5602,25.5124],[88.5955,25.5059],[88.6091,25.5163],[88.6074,25.5086],[88.613,25.5099],[88.6225,25.497],[88.6484,25.4964],[88.6427,25.4927],[88.6471,25.4778],[88.6602,25.4818],[88.663,25.4736],[88.6995,25.4712],[88.7104,25.4806],[88.7075,25.4999],[88.7138,25.4956],[88.7421,25.505],[88.74,25.4893],[88.745,25.4879],[88.7688,25.4985],[88.7708,25.5051],[88.7592,25.5112],[88.7587,25.5252],[88.7824,25.5151],[88.7924,25.5227],[88.8105,25.5231],[88.8137,25.488],[88.8297,25.4903],[88.8393,25.4583],[88.8262,25.4445],[88.8343,25.4317],[88.83,25.4169],[88.8183,25.4181],[88.8123,25.4105],[88.8409,25.3976],[88.8402,25.3638],[88.8545,25.3632],[88.8557,25.3542],[88.8689,25.3522],[88.8665,25.343],[88.8851,25.3256],[88.8877,25.3371],[88.9063,25.3377],[88.9155,25.312],[88.9278,25.3172],[88.9295,25.3041],[88.9576,25.3007],[88.961,25.3059],[88.9714,25.3009],[88.9853,25.3059],[88.9852,25.2988],[88.9961,25.2956],[89.009,25.303],[89.0076,25.2636],[88.9868,25.2745],[88.9823,25.2649],[88.9562,25.2549],[88.9517,25.2322],[88.9618,25.2091],[88.9364,25.2106],[88.9338,25.1998],[88.9379,25.1935],[88.9476,25.1944],[88.9435,25.183],[88.9488,25.1766],[88.9412,25.1734],[88.9326,25.1809],[88.9231,25.1649],[88.9123,25.168],[88.9114,25.1798],[88.8905,25.1841],[88.8899,25.178],[88.8753,25.1793],[88.875,25.1962],[88.8644,25.19],[88.8649,25.2006],[88.8516,25.2005],[88.8438,25.2138],[88.8304,25.2053],[88.8274,25.1922],[88.8179,25.1889],[88.8134,25.1743],[88.8059,25.1705],[88.7737,25.1794],[88.7694,25.1898],[88.767,25.1831],[88.7586,25.1866],[88.7491,25.1769],[88.7509,25.1828],[88.7362,25.1866],[88.733,25.1988],[88.7115,25.2077],[88.6801,25.2089],[88.6691,25.1982],[88.6429,25.2063],[88.6127,25.2042],[88.5981,25.1904],[88.5899,25.1926],[88.5912,25.1851],[88.5796,25.1768],[88.5656,25.1751],[88.5558,25.179],[88.5576,25.1926],[88.5421,25.194],[88.534,25.1875],[88.5378,25.1978],[88.5001,25.2034],[88.4991,25.2104],[88.4755,25.2134],[88.4718,25.1974],[88.4437,25.1973],[88.442,25.1743],[88.4572,25.1646],[88.4614,25.1494],[88.4587,25.1356],[88.4414,25.1275],[88.4478,25.1096],[88.4464,25.083],[88.4529,25.0793],[88.435,25.056],[88.4378,25.0431],[88.4527,25.0369],[88.4386,25.0223],[88.4422,25.0131],[88.4352,25.0133],[88.4365,25.0065],[88.4275,25.0077],[88.4281,25.0094],[88.4265,25.0095],[88.4273,25.0126],[88.4256,25.0164],[88.4205,24.9997],[88.4121,24.9988],[88.4174,24.9748],[88.4051,24.9797],[88.4057,24.9723],[88.3952,24.9691],[88.3988,24.9453],[88.3816,24.9391],[88.3667,24.9449],[88.364,24.9533],[88.3547,24.942],[88.3409,24.9406],[88.3366,24.9187],[88.3243,24.9168],[88.3277,24.9043],[88.3341,24.9048],[88.3328,24.8971],[88.3439,24.8996],[88.347,24.8924],[88.3306,24.8701],[88.3209,24.876],[88.3211,24.8835],[88.3019,24.8719],[88.302,24.8858],[88.2781,24.8881],[88.2761,24.8978],[88.2672,24.8783],[88.2583,24.8776],[88.2645,24.8993],[88.2605,24.9192],[88.2261,24.9597],[88.1836,24.9539],[88.1755,24.9462],[88.1702,24.9504],[88.1584,24.9414],[88.1575,24.9335],[88.138,24.9362],[88.1404,24.914],[88.1693,24.8925],[88.1687,24.8882],[88.1576,24.8923],[88.1527,24.8844],[88.1637,24.878],[88.1591,24.8721],[88.1659,24.8634],[88.175,24.8601],[88.1622,24.858],[88.1604,24.8485],[88.1449,24.8511],[88.1409,24.8344],[88.1319,24.836],[88.1363,24.8053],[88.1308,24.8049],[88.1235,24.8231],[88.1052,24.8003],[88.1061,24.7796],[88.089,24.7829],[88.0779,24.7691],[88.0683,24.7692],[88.0745,24.7607],[88.0658,24.7507],[88.0725,24.7436],[88.0628,24.7216],[88.0088,24.6678],[88.0412,24.6433],[88.0969,24.5565],[88.1408,24.5112],[88.1735,24.493],[88.1984,24.4625],[88.2719,24.4406],[88.2849,24.4222],[88.334,24.3814],[88.3893,24.3719],[88.4249,24.3832],[88.4464,24.3786],[88.496,24.3544],[88.5079,24.3425],[88.5271,24.3444],[88.5551,24.2933],[88.5677,24.3267],[88.5872,24.3241],[88.5879,24.3143],[88.6033,24.3101],[88.6236,24.3157],[88.6285,24.3051],[88.6489,24.3109],[88.6525,24.305],[88.659,24.3144],[88.6966,24.3154],[88.7248,24.2978],[88.7354,24.2765],[88.741,24.2539],[88.7314,24.1734],[88.7465,24.1471],[88.707,24.1191],[88.6975,24.1205],[88.6932,24.1112],[88.7,24.1095],[88.7003,24.0943],[88.7255,24.0654],[88.7337,24.0662],[88.7416,24.0571],[88.7411,24.0486],[88.7246,24.0477],[88.7248,24.0416],[88.7575,24.0321],[88.7347,24.0175],[88.729,23.9961],[88.7365,23.9956],[88.745,24.0055],[88.7602,24.0061],[88.7689,23.9822],[88.7382,23.9829],[88.7325,23.9611],[88.7425,23.951],[88.7434,23.9302],[88.7349,23.9329],[88.7334,23.911],[88.7064,23.9163],[88.6993,23.9102],[88.7043,23.8992],[88.6884,23.9015],[88.6829,23.8886],[88.6643,23.8824],[88.6676,23.8694],[88.6535,23.8655],[88.6377,23.8714],[88.6264,23.8649],[88.6248,23.8751],[88.6164,23.8765],[88.609,23.8727],[88.608,23.8623],[88.5875,23.8715],[88.5756,23.8616],[88.5784,23.8507],[88.5911,23.853],[88.5865,23.8312],[88.6021,23.8172],[88.5945,23.8089],[88.5895,23.8136],[88.5852,23.8136],[88.5962,23.8049],[88.5916,23.7978],[88.5816,23.7973],[88.5781,23.7866],[88.5713,23.783],[88.5593,23.786],[88.556,23.7842],[88.5796,23.7747],[88.5808,23.7605],[88.5701,23.7481],[88.5766,23.733],[88.5645,23.7113],[88.5738,23.6669],[88.5582,23.6492],[88.5622,23.6371],[88.5938,23.6408],[88.5941,23.6176],[88.5853,23.6165],[88.5801,23.603],[88.5972,23.6019],[88.5979,23.6063],[88.6063,23.6104],[88.6015,23.6069],[88.6091,23.6044],[88.6052,23.6017],[88.6073,23.6002],[88.6455,23.6093],[88.6388,23.5907],[88.6506,23.5854],[88.6543,23.5562],[88.6633,23.5473],[88.6783,23.5458],[88.6862,23.5378],[88.6842,23.5293],[88.6964,23.5257],[88.6958,23.5173],[88.7062,23.517],[88.7149,23.5085],[88.7251,23.5118],[88.7296,23.4964],[88.7427,23.4866],[88.7414,23.4797],[88.7609,23.4784],[88.7607,23.4899],[88.7749,23.4798],[88.7682,23.4901],[88.786,23.5072],[88.7845,23.4972],[88.7927,23.5029],[88.8008,23.4971],[88.7946,23.4856],[88.8014,23.4858],[88.7873,23.4691],[88.7953,23.443],[88.7851,23.4448],[88.7843,23.4384],[88.7791,23.4373],[88.7822,23.4413],[88.7733,23.4483],[88.7643,23.4482],[88.7544,23.4164],[88.7612,23.4084],[88.7493,23.4006],[88.7529,23.3891],[88.7629,23.3872],[88.7585,23.3741],[88.7654,23.3679],[88.7582,23.3599],[88.7477,23.362],[88.746,23.349],[88.732,23.352],[88.7391,23.3434],[88.7327,23.3281],[88.7497,23.3215],[88.7453,23.3078],[88.7318,23.308],[88.7304,23.3196],[88.7248,23.318],[88.7254,23.2987],[88.7068,23.304],[88.7103,23.3129],[88.6964,23.3023],[88.6976,23.2917],[88.709,23.2897],[88.7114,23.2782],[88.7244,23.2716],[88.7189,23.2548],[88.7519,23.2402],[88.7695,23.2448],[88.7781,23.2361],[88.7744,23.2244],[88.7898,23.2183],[88.8114,23.2215],[88.8059,23.2375],[88.8115,23.2561],[88.8288,23.2449],[88.8238,23.2334],[88.8365,23.2433],[88.8449,23.2305],[88.8538,23.2363],[88.8747,23.2342],[88.8862,23.2259],[88.8868,23.2313],[88.9069,23.236],[88.915,23.2288],[88.9146,23.2135],[88.921,23.216],[88.9167,23.2196],[88.9267,23.2179],[88.9426,23.2061],[88.9709,23.2227],[88.9787,23.2145],[88.9759,23.2244],[88.9814,23.2222],[88.9796,23.2155],[88.9828,23.2218],[88.9957,23.2147],[88.9797,23.2129],[88.9877,23.2027],[88.9801,23.1937],[88.9804,23.1825],[88.9761,23.1819],[88.9753,23.1923],[88.9623,23.1931],[88.9562,23.1819],[88.9391,23.1768],[88.934,23.1618],[88.9279,23.163],[88.9308,23.1432],[88.9233,23.1451],[88.9179,23.1291],[88.9103,23.1297],[88.8999,23.1119],[88.8828,23.1108],[88.8836,23.1046],[88.8684,23.1011],[88.8746,23.0898],[88.861,23.0773],[88.8742,23.0658],[88.8749,23.0445],[88.8841,23.0404],[88.872,23.0168],[88.8798,23.0063],[88.8451,23.0099],[88.8515,23.0022],[88.8645,23.001],[88.871,22.9786],[88.857,22.9689],[88.8594,22.9432],[88.8793,22.954],[88.8943,22.952],[88.897,22.9267],[88.9143,22.9168],[88.9034,22.9039],[88.9094,22.8799],[88.9225,22.8801],[88.9283,22.8725],[88.9477,22.8792],[88.9685,22.845],[88.9584,22.7942],[88.9366,22.7846],[88.9192,22.7617],[88.9208,22.7339],[88.9592,22.6912],[88.9473,22.6599],[88.9319,22.6455],[88.9203,22.6669],[88.9118,22.6766],[88.905,22.6791],[88.8644,22.6651],[88.8641,22.6937],[88.8595,22.697],[88.8493,22.6932],[88.8487,22.7084],[88.8091,22.7117],[88.8116,22.7414],[88.8091,22.7511],[88.8183,22.749],[88.8128,22.744],[88.814,22.7409],[88.8257,22.7376],[88.8292,22.738],[88.8342,22.7455],[88.8365,22.737],[88.8394,22.7349],[88.8423,22.7365],[88.8471,22.744],[88.8482,22.751],[88.8325,22.7539],[88.8468,22.7501],[88.84,22.7356],[88.8352,22.7468],[88.8266,22.7387],[88.8146,22.7426],[88.8203,22.7479],[88.819,22.7507],[88.8108,22.7537],[88.807,22.7507],[88.8087,22.7097],[88.8472,22.7065],[88.848,22.6911],[88.8616,22.6937],[88.8572,22.6775],[88.8612,22.6659],[88.8657,22.6631],[88.9078,22.6768],[88.9301,22.641],[88.9326,22.6187],[88.9578,22.6174],[88.9571,22.6098],[88.9361,22.5923],[88.9376,22.5699],[88.8939,22.5619],[88.8672,22.5398],[88.8671,22.5234],[88.8593,22.5198],[88.8564,22.5117],[88.8452,22.5098],[88.8428,22.5079],[88.8446,22.5009],[88.8588,22.4992],[88.862,22.4911],[88.8652,22.4875],[88.8571,22.4828],[88.8555,22.4545],[88.8596,22.4448],[88.854,22.4396],[88.8524,22.4328],[88.8245,22.4361],[88.8297,22.4468],[88.8142,22.4564],[88.8144,22.472],[88.8116,22.4814],[88.7932,22.4992],[88.7717,22.5134],[88.7828,22.5212],[88.7842,22.525],[88.7657,22.5342],[88.7653,22.5448],[88.7621,22.5505],[88.7658,22.5562],[88.7664,22.5608],[88.761,22.5501],[88.7643,22.5343],[88.7703,22.53],[88.7644,22.5278],[88.7828,22.5247],[88.7689,22.5136],[88.7504,22.517],[88.739,22.5142],[88.7338,22.5109],[88.71,22.5289],[88.7048,22.5282],[88.7011,22.5256],[88.7019,22.5306],[88.6907,22.5244],[88.6913,22.5341],[88.6823,22.5374],[88.6823,22.5438],[88.6736,22.55],[88.6809,22.5774],[88.6783,22.5936],[88.6768,22.5916],[88.6722,22.5494],[88.6811,22.5437],[88.6809,22.5364],[88.6902,22.5329],[88.6893,22.524],[88.6986,22.5231],[88.7078,22.5277],[88.7336,22.51],[88.7529,22.5155],[88.7775,22.5069],[88.7797,22.4926],[88.7992,22.4614],[88.8025,22.4434],[88.8185,22.4306],[88.8483,22.4306],[88.8561,22.408],[88.8521,22.3919]],[[88.2582,26.4397],[88.2582,26.4363],[88.2686,26.4335],[88.2671,26.4368],[88.2582,26.4397]],[[88.274,26.419],[88.2744,26.4187],[88.2749,26.4193],[88.2738,26.4194],[88.274,26.419]],[[88.2716,26.4324],[88.272,26.4323],[88.2713,26.4326],[88.2716,26.4324]]]]}},{"type":"Feature","properties":{"name":"Chandigarh"},"geometry":{"type":"Polygon","coordinates":[[[76.7723,30.7942],[76.7828,30.7892],[76.787,30.7796],[76.7793,30.778],[76.7912,30.7675],[76.8105,30.7798],[76.8183,30.7782],[76.818,30.7713],[76.805,30.7653],[76.815,30.753],[76.8265,30.7635],[76.8381,30.7549],[76.8315,30.7396],[76.8483,30.7304],[76.8436,30.7193],[76.8494,30.7183],[76.8472,30.7123],[76.8251,30.6883],[76.8319,30.6833],[76.8086,30.6674],[76.7965,30.6676],[76.7897,30.6757],[76.7766,30.6704],[76.764,30.6864],[76.7524,30.6845],[76.7472,30.6956],[76.7393,30.6929],[76.7391,30.7058],[76.73,30.7069],[76.7311,30.7236],[76.7052,30.743],[76.7102,30.7607],[76.744,30.7697],[76.7517,30.7843],[76.7723,30.7942]]]}},{"type":"Feature","properties":{"name":"Delhi"},"geometry":{"type":"Polygon","coordinates":[[[77.1059,28.87],[77.1238,28.8576],[77.1403,28.8621],[77.1457,28.838],[77.1577,28.8367],[77.1754,28.8584],[77.2135,28.856],[77.2244,28.8254],[77.219,28.8083],[77.2013,28.813],[77.2026,28.7925],[77.2341,28.7838],[77.2219,28.7774],[77.2359,28.7708],[77.2345,28.7609],[77.2564,28.7562],[77.2552,28.7398],[77.2608,28.7342],[77.2764,28.7355],[77.2908,28.7224],[77.2862,28.7146],[77.2915,28.7062],[77.3062,28.7133],[77.3311,28.7131],[77.3233,28.6986],[77.3329,28.682],[77.3236,28.6768],[77.3163,28.6413],[77.3426,28.622],[77.3424,28.6089],[77.3368,28.6019],[77.3134,28.5966],[77.2984,28.5802],[77.2971,28.566],[77.3038,28.5525],[77.3474,28.5184],[77.3268,28.4901],[77.3141,28.4836],[77.2903,28.4966],[77.2433,28.4788],[77.2329,28.4579],[77.2462,28.4535],[77.2502,28.4261],[77.2166,28.4098],[77.1844,28.4105],[77.1744,28.4047],[77.1623,28.429],[77.1285,28.441],[77.1109,28.4714],[77.1207,28.4963],[77.0981,28.5049],[77.0947,28.5138],[77.0722,28.5203],[77.0673,28.5122],[77.0599,28.5123],[77.0066,28.5414],[77.0005,28.5321],[77.017,28.521],[77.0103,28.5147],[76.9966,28.5198],[76.9904,28.5135],[76.9781,28.5213],[76.9488,28.5041],[76.908,28.5138],[76.8839,28.5008],[76.8796,28.5048],[76.8871,28.5206],[76.8425,28.5561],[76.8396,28.5825],[76.8643,28.5858],[76.8878,28.6316],[76.9063,28.6238],[76.9202,28.6315],[76.9345,28.6183],[76.9437,28.6283],[76.9452,28.633],[76.925,28.6499],[76.935,28.6675],[76.9534,28.6673],[76.9678,28.6996],[76.9482,28.7128],[76.96,28.7328],[76.9586,28.743],[76.9446,28.7541],[76.9559,28.7674],[76.9498,28.7771],[76.9538,28.791],[76.9421,28.7985],[76.9483,28.8154],[76.9617,28.8149],[76.9671,28.8281],[76.9802,28.8215],[76.9948,28.8396],[77.0233,28.8394],[77.04,28.8318],[77.0578,28.8678],[77.0746,28.8676],[77.0824,28.8838],[77.0915,28.8729],[77.1059,28.87]]]}},{"type":"Feature","properties":{"name":"Haryana"},"geometry":{"type":"Polygon","coordinates":[[[76.5753,30.1006],[76.5865,30.1108],[76.5993,30.1125],[76.6235,30.1402],[76.6422,30.1497],[76.6333,30.167],[76.6224,30.1676],[76.6003,30.1839],[76.6034,30.1931],[76.6142,30.2045],[76.6408,30.1934],[76.6448,30.1875],[76.6287,30.1795],[76.6359,30.1686],[76.6514,30.1765],[76.656,30.1862],[76.6498,30.1911],[76.6533,30.2011],[76.6158,30.2091],[76.6274,30.2241],[76.5962,30.2374],[76.6037,30.2492],[76.5961,30.2557],[76.5906,30.2535],[76.5919,30.246],[76.5627,30.2258],[76.548,30.2225],[76.562,30.2415],[76.5567,30.2625],[76.5751,30.2619],[76.5838,30.2703],[76.5929,30.2618],[76.6144,30.2726],[76.6234,30.2646],[76.6354,30.2896],[76.6389,30.2844],[76.6705,30.3115],[76.6819,30.3113],[76.6886,30.3273],[76.6956,30.3216],[76.7,30.3281],[76.711,30.3258],[76.7164,30.3361],[76.7297,30.3389],[76.7326,30.3484],[76.7461,30.3496],[76.7454,30.3679],[76.7199,30.3634],[76.7312,30.3797],[76.7195,30.3788],[76.7128,30.3903],[76.7145,30.4025],[76.7282,30.4004],[76.738,30.4084],[76.735,30.4191],[76.741,30.4263],[76.7688,30.4308],[76.7772,30.4413],[76.7876,30.4335],[76.7773,30.4248],[76.7896,30.415],[76.7951,30.4187],[76.8234,30.4116],[76.8468,30.4381],[76.8561,30.4177],[76.8834,30.4087],[76.8809,30.3939],[76.898,30.3822],[76.8903,30.3695],[76.8975,30.3594],[76.9156,30.3653],[76.9392,30.3919],[76.931,30.4009],[76.9112,30.3999],[76.918,30.4065],[76.9112,30.4192],[76.9147,30.4251],[76.9098,30.4295],[76.8986,30.4258],[76.9066,30.4346],[76.9065,30.4358],[76.8974,30.4342],[76.8949,30.4273],[76.8864,30.4297],[76.9123,30.4658],[76.8969,30.4811],[76.8989,30.4888],[76.9108,30.4943],[76.9189,30.4895],[76.9311,30.5009],[76.932,30.5222],[76.9156,30.5258],[76.9125,30.534],[76.8961,30.5382],[76.8865,30.5499],[76.9049,30.543],[76.9162,30.5537],[76.9175,30.5592],[76.9089,30.5648],[76.9198,30.5852],[76.9096,30.5919],[76.9202,30.5933],[76.926,30.6101],[76.9135,30.6115],[76.9101,30.6262],[76.8955,30.629],[76.8964,30.6359],[76.8851,30.6453],[76.8712,30.6422],[76.8764,30.6806],[76.853,30.6572],[76.8449,30.6591],[76.8458,30.6687],[76.8315,30.6648],[76.8319,30.6833],[76.8251,30.6883],[76.8494,30.7183],[76.8436,30.7193],[76.8494,30.7234],[76.8475,30.7315],[76.8315,30.7396],[76.8369,30.7427],[76.8338,30.7499],[76.8418,30.7745],[76.857,30.7948],[76.8453,30.8072],[76.8467,30.834],[76.814,30.843],[76.8147,30.8525],[76.7905,30.8698],[76.7774,30.8967],[76.7761,30.906],[76.8224,30.9286],[76.841,30.8917],[76.8511,30.89],[76.8696,30.8732],[76.9169,30.9008],[76.9174,30.8835],[76.9284,30.8715],[76.9364,30.8746],[76.9512,30.8506],[76.944,30.8377],[76.9489,30.8245],[76.9426,30.8175],[76.9506,30.8138],[76.9586,30.8251],[76.9615,30.8206],[76.9683,30.8254],[77.0025,30.8064],[77.0122,30.8099],[77.0186,30.7801],[77.0011,30.77],[77.0186,30.7653],[77.0163,30.7502],[77.0236,30.7486],[77.0205,30.7401],[77.0282,30.7345],[77.0478,30.738],[77.0437,30.7463],[77.0494,30.7493],[77.0696,30.7377],[77.0958,30.7388],[77.114,30.7281],[77.1139,30.7181],[77.1243,30.7218],[77.1288,30.7108],[77.1672,30.684],[77.1608,30.6815],[77.1688,30.6698],[77.1634,30.6509],[77.177,30.6361],[77.1713,30.6277],[77.1723,30.6013],[77.1228,30.5633],[77.1447,30.5391],[77.169,30.5361],[77.1957,30.5226],[77.2068,30.5058],[77.2107,30.4648],[77.2265,30.4805],[77.2435,30.4756],[77.2689,30.4813],[77.2765,30.4748],[77.2769,30.4642],[77.2956,30.4666],[77.3209,30.4458],[77.3339,30.4552],[77.3542,30.4582],[77.3643,30.4327],[77.3674,30.4403],[77.3871,30.44],[77.3908,30.43],[77.4073,30.4272],[77.3979,30.4162],[77.4047,30.4086],[77.4565,30.4557],[77.4635,30.4478],[77.4589,30.4329],[77.4516,30.432],[77.4429,30.4174],[77.4223,30.4097],[77.4214,30.4033],[77.4365,30.4032],[77.4432,30.3954],[77.4894,30.4106],[77.5025,30.4047],[77.5065,30.4275],[77.5232,30.4435],[77.5323,30.4205],[77.5548,30.3909],[77.6043,30.3685],[77.5783,30.3299],[77.5868,30.3148],[77.5835,30.3074],[77.5383,30.2786],[77.5306,30.2526],[77.5046,30.2252],[77.4772,30.1824],[77.4688,30.1802],[77.4558,30.1628],[77.4297,30.164],[77.4241,30.1571],[77.4184,30.135],[77.4235,30.1309],[77.4131,30.1138],[77.4025,30.111],[77.4208,30.1016],[77.4051,30.0891],[77.3788,30.0914],[77.3452,30.0694],[77.3343,30.0538],[77.303,30.0554],[77.2778,30.0419],[77.2823,30.0295],[77.276,29.9961],[77.2469,29.9767],[77.2447,29.9609],[77.2175,29.9235],[77.1858,29.9076],[77.1883,29.8941],[77.2001,29.8895],[77.202,29.8689],[77.1973,29.8588],[77.1869,29.8579],[77.1783,29.8458],[77.1792,29.8127],[77.1643,29.7918],[77.1514,29.7882],[77.1466,29.7719],[77.1253,29.7695],[77.1198,29.7601],[77.1391,29.7382],[77.1342,29.7185],[77.1495,29.7095],[77.1566,29.6926],[77.1424,29.6805],[77.1466,29.6723],[77.1381,29.6667],[77.141,29.655],[77.1315,29.6419],[77.1062,29.6324],[77.1016,29.6199],[77.113,29.6107],[77.1095,29.5975],[77.0881,29.5941],[77.084,29.5873],[77.1268,29.5595],[77.1084,29.5479],[77.0964,29.5195],[77.1333,29.4831],[77.1227,29.4689],[77.1232,29.4554],[77.1445,29.4454],[77.1484,29.4341],[77.1331,29.4188],[77.1333,29.4009],[77.1474,29.3879],[77.1574,29.3874],[77.1233,29.3704],[77.1295,29.3426],[77.1517,29.3412],[77.1612,29.3324],[77.1583,29.3029],[77.1389,29.2679],[77.1495,29.25],[77.15,29.2328],[77.1314,29.2175],[77.1422,29.2041],[77.1402,29.1922],[77.1471,29.1806],[77.1359,29.142],[77.1474,29.1336],[77.1491,29.1177],[77.134,29.0961],[77.1468,29.0806],[77.1638,29.0795],[77.1721,29.0465],[77.167,29.0339],[77.1891,29.0277],[77.191,29.006],[77.2023,28.9873],[77.1928,28.9589],[77.1955,28.9405],[77.2324,28.9198],[77.2281,28.8812],[77.1955,28.8862],[77.189,28.8802],[77.1893,28.868],[77.2099,28.8578],[77.1754,28.8584],[77.1571,28.8367],[77.1424,28.8389],[77.1453,28.8537],[77.1403,28.8621],[77.1209,28.8584],[77.1098,28.8701],[77.0875,28.8755],[77.0868,28.881],[77.0824,28.8838],[77.0746,28.8676],[77.0578,28.8678],[77.04,28.8318],[77.0233,28.8394],[76.9948,28.8396],[76.9802,28.8215],[76.9671,28.8281],[76.9617,28.8149],[76.9508,28.8183],[76.9421,28.7985],[76.9538,28.791],[76.9498,28.7771],[76.9559,28.7674],[76.9446,28.7541],[76.9586,28.743],[76.96,28.7328],[76.9482,28.7128],[76.9678,28.6996],[76.9534,28.6673],[76.935,28.6675],[76.925,28.6499],[76.9452,28.633],[76.9437,28.6283],[76.9345,28.6183],[76.9202,28.6315],[76.9063,28.6238],[76.8883,28.6319],[76.866,28.5877],[76.8397,28.5826],[76.8389,28.573],[76.8454,28.5502],[76.8647,28.5433],[76.877,28.5244],[76.8871,28.5206],[76.8796,28.5048],[76.8839,28.5008],[76.908,28.5138],[76.9488,28.5041],[76.9781,28.5213],[76.9904,28.5135],[76.9966,28.5198],[77.0103,28.5147],[77.017,28.521],[77.0005,28.5321],[77.0066,28.5414],[77.0599,28.5123],[77.0673,28.5122],[77.0722,28.5203],[77.0947,28.5138],[77.0981,28.5049],[77.1207,28.4963],[77.1109,28.4714],[77.1218,28.4585],[77.1238,28.4454],[77.1623,28.429],[77.1744,28.4047],[77.1844,28.4105],[77.2166,28.4098],[77.2493,28.4242],[77.2526,28.4329],[77.2466,28.4527],[77.2329,28.4579],[77.2433,28.4788],[77.2903,28.4966],[77.3141,28.4836],[77.3268,28.4901],[77.3454,28.5133],[77.3525,28.4996],[77.3717,28.4985],[77.3701,28.4857],[77.3805,28.4703],[77.4081,28.4672],[77.4001,28.4557],[77.4334,28.4549],[77.4392,28.4351],[77.4355,28.431],[77.4625,28.4244],[77.4636,28.4152],[77.4776,28.4191],[77.4838,28.4081],[77.4734,28.397],[77.5048,28.37],[77.4963,28.3492],[77.4712,28.3349],[77.4717,28.3281],[77.4849,28.3257],[77.5071,28.3057],[77.4985,28.2856],[77.5034,28.2801],[77.4908,28.2714],[77.4927,28.252],[77.5188,28.2425],[77.5446,28.2489],[77.5504,28.2424],[77.5213,28.2245],[77.5353,28.2103],[77.5304,28.1987],[77.5233,28.196],[77.5059,28.2096],[77.4973,28.2061],[77.5012,28.1817],[77.5175,28.1932],[77.5306,28.1859],[77.5452,28.1909],[77.5496,28.1798],[77.537,28.1657],[77.5223,28.1612],[77.5112,28.1669],[77.5021,28.1612],[77.5043,28.1456],[77.4914,28.1366],[77.5124,28.1249],[77.4984,28.1089],[77.4994,28.0946],[77.4821,28.1071],[77.4743,28.0868],[77.5012,28.0586],[77.4836,28.0405],[77.5127,28.0319],[77.5084,28.0228],[77.5424,27.9893],[77.5378,27.9792],[77.5194,27.9752],[77.5189,27.9624],[77.5441,27.9624],[77.545,27.9536],[77.5294,27.9255],[77.5166,27.9333],[77.5018,27.9254],[77.4922,27.9385],[77.4753,27.9293],[77.4805,27.9151],[77.4778,27.8912],[77.4576,27.8745],[77.45,27.8712],[77.4283,27.891],[77.4188,27.8895],[77.4093,27.8742],[77.4219,27.8544],[77.377,27.8589],[77.3609,27.8508],[77.3483,27.8556],[77.3352,27.8475],[77.3353,27.8338],[77.3207,27.8254],[77.2965,27.8253],[77.2986,27.8152],[77.2837,27.8011],[77.2688,27.815],[77.2613,27.8002],[77.2417,27.7844],[77.2341,27.7866],[77.2384,27.7927],[77.2326,27.7974],[77.2106,27.802],[77.2133,27.8085],[77.2021,27.8246],[77.1913,27.81],[77.1986,27.7997],[77.177,27.7863],[77.1691,27.7918],[77.1896,27.8099],[77.1798,27.818],[77.1595,27.8172],[77.1585,27.7882],[77.1436,27.7865],[77.1352,27.776],[77.1345,27.7869],[77.1228,27.7935],[77.1085,27.7863],[77.0746,27.8144],[77.0639,27.8121],[77.0448,27.8219],[77.0266,27.7793],[77.0358,27.7816],[77.0561,27.7712],[77.0595,27.7609],[77.0762,27.7664],[77.0857,27.7381],[77.0596,27.7265],[77.0365,27.7486],[77.0198,27.7458],[77.0115,27.7318],[77.0001,27.737],[76.9791,27.6536],[76.9431,27.6739],[76.9328,27.6563],[76.9257,27.6613],[76.9106,27.6547],[76.9064,27.6617],[76.9106,27.6681],[76.8983,27.6776],[76.9059,27.6863],[76.8891,27.6972],[76.8942,27.7014],[76.9083,27.6937],[76.9244,27.7],[76.9111,27.715],[76.8942,27.718],[76.8923,27.7324],[76.9014,27.744],[76.9061,27.7881],[76.9133,27.7889],[76.9115,27.7964],[76.919,27.8045],[76.91,27.8152],[76.9136,27.832],[76.9357,27.8291],[76.9423,27.8429],[76.9376,27.8965],[76.9506,27.896],[76.9516,27.9183],[76.9315,27.9227],[76.9379,27.983],[76.9335,27.9821],[76.9308,27.9936],[76.9396,28.043],[76.9538,28.0626],[76.9705,28.1385],[76.9482,28.1423],[76.9509,28.1499],[76.932,28.1531],[76.9065,28.1719],[76.8916,28.1903],[76.9068,28.2003],[76.871,28.2066],[76.8749,28.2178],[76.8681,28.2198],[76.8382,28.22],[76.8312,28.2092],[76.8084,28.2109],[76.8048,28.1973],[76.8122,28.1909],[76.8062,28.1866],[76.7975,28.1918],[76.7925,28.1842],[76.8006,28.1624],[76.7948,28.1484],[76.7838,28.151],[76.7624,28.1427],[76.7435,28.1211],[76.7157,28.1278],[76.703,28.1076],[76.6982,28.112],[76.6873,28.0877],[76.6573,28.0893],[76.6516,28.0617],[76.6586,28.047],[76.6544,28.0347],[76.663,28.0299],[76.6681,28.0139],[76.6407,28.0024],[76.6051,28.004],[76.5888,27.998],[76.5793,27.979],[76.5634,27.9782],[76.5605,27.9659],[76.5481,27.9639],[76.5381,27.9677],[76.5359,27.9796],[76.5427,27.9995],[76.5369,28.0004],[76.5454,28.0073],[76.5393,28.0232],[76.5438,28.0342],[76.5293,28.0404],[76.5101,28.0298],[76.5026,28.0315],[76.4974,28.0433],[76.4547,28.0423],[76.4615,28.0587],[76.4894,28.0528],[76.5015,28.0601],[76.4789,28.0777],[76.4478,28.089],[76.4637,28.109],[76.4761,28.1081],[76.4789,28.1006],[76.4993,28.0997],[76.5018,28.1189],[76.4871,28.12],[76.492,28.1299],[76.472,28.1351],[76.4757,28.1486],[76.4363,28.1488],[76.4316,28.1411],[76.3997,28.1451],[76.3907,28.1348],[76.3807,28.1334],[76.3566,28.1438],[76.3578,28.1611],[76.3452,28.1694],[76.2923,28.1792],[76.2807,28.1656],[76.3046,28.1594],[76.2976,28.1491],[76.321,28.1486],[76.3331,28.1336],[76.3599,28.1249],[76.3366,28.1026],[76.3093,28.1082],[76.3014,28.0979],[76.3289,28.0877],[76.3434,28.0702],[76.3556,28.0707],[76.3423,28.0306],[76.319,28.0155],[76.299,28.0227],[76.2922,28.0259],[76.2936,28.0492],[76.261,28.0676],[76.2429,28.0644],[76.238,28.0497],[76.2193,28.0492],[76.2022,28.0584],[76.1804,28.0545],[76.1779,28.0456],[76.1895,28.0345],[76.2018,28.0294],[76.2037,28.0378],[76.2166,28.0355],[76.2147,28.0266],[76.2033,28.028],[76.1968,28.0155],[76.1769,28.0216],[76.1578,27.989],[76.1669,27.983],[76.1635,27.9734],[76.1866,27.9655],[76.1682,27.9034],[76.2015,27.8926],[76.1938,27.8595],[76.2122,27.8465],[76.2089,27.84],[76.2254,27.8335],[76.2173,27.8168],[76.1996,27.8216],[76.1826,27.7986],[76.175,27.7981],[76.1537,27.8198],[76.1323,27.8245],[76.1354,27.8393],[76.1233,27.8511],[76.0889,27.8606],[76.0857,27.8447],[76.0606,27.8483],[76.0481,27.835],[76.0409,27.8413],[76.0095,27.8415],[76.0046,27.8345],[75.9714,27.852],[75.9844,27.8826],[75.9753,27.8937],[75.9875,27.9042],[75.9681,27.9144],[75.9383,27.9141],[75.9345,27.9187],[75.9397,27.9228],[75.9324,27.9302],[75.9517,27.9477],[75.9579,27.9359],[75.9727,27.9327],[75.9831,27.951],[75.9779,27.9544],[75.982,27.9654],[76.0,27.9776],[75.9658,27.9836],[75.9667,28.0001],[75.9899,27.9947],[75.9955,28.0069],[75.9711,28.0161],[75.9727,28.0237],[75.9769,28.0314],[75.9946,28.0385],[75.9977,28.033],[76.0164,28.0305],[76.0171,28.0527],[76.0083,28.0584],[76.0254,28.0543],[76.0408,28.0741],[76.0232,28.086],[76.0077,28.059],[75.9988,28.0571],[75.9929,28.0464],[75.9844,28.0471],[75.9749,28.051],[75.9883,28.0663],[75.9834,28.0814],[75.9386,28.088],[75.9456,28.1072],[75.9674,28.1138],[75.9767,28.1248],[75.999,28.1228],[76.0075,28.1532],[76.0168,28.1501],[76.0318,28.1679],[76.0706,28.1652],[76.0654,28.1415],[76.0747,28.1372],[76.0929,28.14],[76.0954,28.1509],[76.0762,28.1686],[76.0719,28.1944],[76.0474,28.1982],[76.056,28.2203],[76.0378,28.2227],[76.0161,28.237],[76.013,28.2461],[76.0263,28.2751],[75.9862,28.2931],[75.9725,28.3186],[75.9578,28.3138],[75.955,28.3338],[75.933,28.3366],[75.9295,28.3592],[75.9167,28.3674],[75.9182,28.372],[75.9006,28.3718],[75.8963,28.3901],[75.8904,28.3831],[75.864,28.3853],[75.8395,28.3944],[75.8328,28.4054],[75.8221,28.403],[75.819,28.4099],[75.7995,28.4072],[75.7946,28.3996],[75.7885,28.4042],[75.7768,28.4004],[75.7667,28.4143],[75.7808,28.4329],[75.7885,28.4336],[75.7883,28.4536],[75.7357,28.4689],[75.7395,28.4848],[75.702,28.4918],[75.6709,28.5174],[75.6658,28.536],[75.6335,28.5445],[75.6217,28.6021],[75.5911,28.6056],[75.5863,28.6132],[75.5615,28.6133],[75.5607,28.636],[75.5548,28.6439],[75.5495,28.6415],[75.5412,28.6605],[75.545,28.6831],[75.5389,28.6948],[75.5399,28.7249],[75.5304,28.7383],[75.543,28.7504],[75.5303,28.7475],[75.5176,28.7738],[75.5034,28.7824],[75.5115,28.7935],[75.5089,28.8027],[75.5194,28.813],[75.5202,28.834],[75.5078,28.8393],[75.5054,28.8512],[75.4984,28.849],[75.4965,28.8964],[75.4734,28.9234],[75.4772,28.9347],[75.4987,28.934],[75.5115,28.9421],[75.51,28.9539],[75.5274,28.971],[75.5218,29.0039],[75.5052,29.0118],[75.4726,29.0143],[75.4457,29.0083],[75.4429,29.0231],[75.4519,29.0392],[75.4418,29.0576],[75.3912,29.0628],[75.3969,29.0976],[75.3921,29.102],[75.4058,29.1198],[75.4021,29.1279],[75.3844,29.1295],[75.3715,29.1381],[75.3787,29.1422],[75.3813,29.1689],[75.4068,29.1698],[75.4144,29.1843],[75.4086,29.2132],[75.3968,29.2176],[75.412,29.2428],[75.4105,29.2557],[75.3932,29.2614],[75.379,29.2569],[75.3623,29.2445],[75.36,29.2272],[75.3498,29.2238],[75.3281,29.2354],[75.3387,29.252],[75.3415,29.2813],[75.3229,29.2895],[75.3067,29.2747],[75.2883,29.2734],[75.2841,29.2489],[75.2448,29.2502],[75.2384,29.2303],[75.2101,29.2347],[75.188,29.2683],[75.1686,29.2589],[75.1743,29.2513],[75.1628,29.2441],[75.1244,29.2399],[75.1196,29.2229],[75.0755,29.2297],[75.0604,29.2761],[75.05,29.2862],[75.0199,29.2863],[74.9986,29.2707],[74.9832,29.2806],[74.9611,29.2806],[74.9484,29.3015],[74.9609,29.3203],[74.9545,29.3328],[74.9399,29.3401],[74.9383,29.3621],[74.9003,29.3848],[74.8776,29.3836],[74.8714,29.3949],[74.8505,29.4036],[74.8204,29.3972],[74.7875,29.3615],[74.7622,29.3544],[74.7392,29.3542],[74.7194,29.37],[74.6909,29.366],[74.6582,29.372],[74.6521,29.3513],[74.6545,29.333],[74.5993,29.3275],[74.6073,29.3563],[74.6029,29.365],[74.5779,29.3885],[74.5664,29.4205],[74.5366,29.4246],[74.5346,29.4478],[74.5433,29.4679],[74.5846,29.4585],[74.601,29.5011],[74.6219,29.5223],[74.623,29.531],[74.5899,29.548],[74.5749,29.5644],[74.5815,29.6272],[74.5914,29.6396],[74.5855,29.6545],[74.6012,29.6904],[74.6095,29.7433],[74.6161,29.7522],[74.6032,29.758],[74.601,29.766],[74.5873,29.7669],[74.5759,29.7484],[74.5774,29.754],[74.5625,29.7556],[74.5464,29.7531],[74.534,29.7404],[74.4773,29.7454],[74.4737,29.7867],[74.4845,29.8143],[74.5079,29.8331],[74.5391,29.8406],[74.561,29.8697],[74.5436,29.9015],[74.51,29.9082],[74.5318,29.9492],[74.559,29.9271],[74.5824,29.9244],[74.5967,29.9123],[74.6469,29.9044],[74.6542,29.9056],[74.6467,29.9115],[74.6516,29.9265],[74.682,29.9434],[74.6936,29.9669],[74.7067,29.9769],[74.7067,29.9706],[74.7314,29.9615],[74.7608,29.9732],[74.7784,29.9716],[74.806,29.992],[74.816,29.992],[74.8255,29.9822],[74.821,29.971],[74.8385,29.9712],[74.8554,29.9564],[74.8757,29.9576],[74.888,29.9672],[74.9032,29.9522],[74.8973,29.9395],[74.9267,29.9503],[74.9482,29.9068],[74.9788,29.8942],[74.9909,29.8677],[75.0225,29.8663],[75.0329,29.8799],[75.047,29.8851],[75.07,29.8771],[75.0869,29.9154],[75.0988,29.9128],[75.1104,29.902],[75.1147,29.8787],[75.0901,29.8541],[75.1189,29.8316],[75.1015,29.8216],[75.1006,29.8071],[75.1182,29.8027],[75.1351,29.8073],[75.1402,29.7862],[75.151,29.7756],[75.1668,29.7847],[75.1591,29.8014],[75.1656,29.8261],[75.191,29.8414],[75.2103,29.8329],[75.214,29.824],[75.2085,29.7932],[75.2263,29.7892],[75.2244,29.7808],[75.2413,29.7505],[75.2263,29.7289],[75.2103,29.7388],[75.2006,29.7265],[75.1978,29.7033],[75.2076,29.7016],[75.2068,29.6876],[75.1676,29.6696],[75.1746,29.6556],[75.1876,29.6518],[75.1831,29.6284],[75.1968,29.6194],[75.2067,29.6219],[75.2354,29.6031],[75.2217,29.5803],[75.2319,29.5748],[75.2384,29.5589],[75.2354,29.5421],[75.2732,29.55],[75.2811,29.5615],[75.3095,29.5609],[75.3113,29.5802],[75.3199,29.5875],[75.2897,29.6079],[75.2957,29.6251],[75.3166,29.6307],[75.3337,29.6735],[75.341,29.6753],[75.3601,29.6626],[75.3457,29.696],[75.3586,29.6998],[75.3591,29.7055],[75.3708,29.7045],[75.373,29.7133],[75.3922,29.7133],[75.3882,29.7299],[75.3964,29.7395],[75.4048,29.739],[75.4063,29.7613],[75.4214,29.7751],[75.4275,29.7709],[75.4383,29.7801],[75.454,29.782],[75.4574,29.807],[75.5031,29.7777],[75.5186,29.7759],[75.523,29.7584],[75.5379,29.7734],[75.5621,29.7703],[75.5722,29.7433],[75.5801,29.7395],[75.6053,29.752],[75.6167,29.7443],[75.6298,29.75],[75.6352,29.7723],[75.6424,29.7751],[75.6772,29.7766],[75.6913,29.756],[75.7064,29.7532],[75.7046,29.7637],[75.7124,29.7741],[75.7207,29.8136],[75.7378,29.8141],[75.7562,29.805],[75.7794,29.8223],[75.7898,29.8106],[75.8158,29.8042],[75.8259,29.8153],[75.8348,29.8145],[75.837,29.7943],[75.8529,29.7781],[75.8514,29.7727],[75.8667,29.7666],[75.8702,29.7493],[75.8988,29.7463],[75.9063,29.7541],[75.9387,29.7307],[75.9844,29.7272],[75.9949,29.7393],[76.0167,29.7432],[76.0261,29.7562],[76.0435,29.7427],[76.0568,29.7654],[76.0826,29.7812],[76.085,29.8008],[76.0981,29.8107],[76.12,29.8009],[76.1239,29.791],[76.1455,29.8191],[76.1737,29.818],[76.1849,29.8228],[76.1978,29.8448],[76.2205,29.8379],[76.2222,29.8488],[76.2438,29.8525],[76.2467,29.876],[76.2294,29.8857],[76.2174,29.8841],[76.2108,29.8914],[76.2095,29.8858],[76.1934,29.8857],[76.1856,29.8925],[76.1878,29.9207],[76.172,29.9263],[76.1799,29.9453],[76.1938,29.952],[76.193,29.9622],[76.2057,29.9743],[76.2019,29.9871],[76.2107,29.9882],[76.21,30.0052],[76.2329,30.016],[76.2132,30.0227],[76.2137,30.0317],[76.2225,30.0369],[76.2263,30.0594],[76.2535,30.089],[76.2382,30.1055],[76.2167,30.1101],[76.2166,30.1242],[76.2247,30.1271],[76.2072,30.1446],[76.2076,30.1566],[76.2346,30.145],[76.2322,30.1401],[76.2557,30.1261],[76.2537,30.1216],[76.2853,30.1062],[76.2966,30.1145],[76.3217,30.0951],[76.3441,30.1009],[76.3602,30.1202],[76.342,30.1264],[76.3335,30.1382],[76.3505,30.1469],[76.3669,30.1242],[76.3622,30.1202],[76.3889,30.1133],[76.4,30.1167],[76.3912,30.1351],[76.4101,30.1451],[76.3872,30.1706],[76.4064,30.1904],[76.4218,30.1925],[76.4343,30.1832],[76.4304,30.178],[76.4406,30.1659],[76.4288,30.1502],[76.4398,30.1437],[76.4405,30.1315],[76.46,30.1295],[76.4563,30.1155],[76.463,30.1007],[76.5045,30.0939],[76.5139,30.0837],[76.5119,30.072],[76.5298,30.0785],[76.5462,30.0759],[76.5605,30.0934],[76.5753,30.1006]]]}},{"type":"Feature","properties":{"name":"Jharkhand"},"geometry":{"type":"Polygon","coordinates":[[[87.6961,24.1603],[87.6937,24.15],[87.6791,24.1474],[87.6577,24.1588],[87.6419,24.1527],[87.6257,24.1648],[87.5759,24.1609],[87.6103,24.1323],[87.5852,24.1241],[87.5833,24.114],[87.5745,24.1118],[87.581,24.0875],[87.5721,24.0894],[87.5589,24.0814],[87.5543,24.0883],[87.5431,24.0857],[87.532,24.1072],[87.5235,24.1054],[87.5213,24.1129],[87.5111,24.1107],[87.4976,24.1178],[87.5004,24.1016],[87.4897,24.0902],[87.5111,24.0828],[87.5009,24.0727],[87.4928,24.0769],[87.4905,24.0708],[87.4974,24.0633],[87.4933,24.0541],[87.5101,24.0474],[87.512,24.036],[87.5024,24.0246],[87.4764,24.012],[87.4613,24.0129],[87.4599,24.0187],[87.438,24.0129],[87.4486,24.0112],[87.4452,24.0019],[87.4608,23.9963],[87.4601,23.9841],[87.4498,23.9887],[87.4395,23.9817],[87.4274,23.9928],[87.3607,24.0128],[87.3514,23.9984],[87.3292,23.9987],[87.3191,24.0078],[87.3362,24.0208],[87.337,24.0339],[87.2917,24.0331],[87.2883,24.0284],[87.2454,24.045],[87.2337,24.0244],[87.2457,24.0159],[87.2409,24.0118],[87.2477,23.9987],[87.2628,24.0035],[87.268,23.989],[87.2625,23.9672],[87.293,23.959],[87.2846,23.9218],[87.2954,23.902],[87.2695,23.8744],[87.259,23.8816],[87.2579,23.8981],[87.2527,23.8997],[87.2579,23.9084],[87.2519,23.9127],[87.2462,23.9087],[87.241,23.8704],[87.2486,23.8685],[87.2442,23.8571],[87.2558,23.8438],[87.2407,23.8258],[87.2175,23.8298],[87.2235,23.8456],[87.2377,23.8547],[87.2339,23.8564],[87.221,23.8604],[87.2144,23.8507],[87.2059,23.8564],[87.2033,23.8478],[87.1972,23.85],[87.1894,23.8423],[87.1877,23.8485],[87.1968,23.8579],[87.1878,23.8594],[87.181,23.8528],[87.1649,23.8651],[87.1295,23.8689],[87.13,23.8535],[87.1541,23.8292],[87.1673,23.825],[87.1496,23.7967],[87.1403,23.8049],[87.1226,23.7961],[87.1106,23.7998],[87.1187,23.8038],[87.115,23.8079],[87.1031,23.8043],[87.0917,23.8155],[87.082,23.8095],[87.0535,23.8226],[87.038,23.8392],[86.9739,23.8689],[86.9643,23.8637],[86.9627,23.8494],[86.9469,23.846],[86.9357,23.8521],[86.9326,23.8685],[86.9157,23.8831],[86.8936,23.8771],[86.8813,23.8631],[86.8889,23.8586],[86.8945,23.835],[86.8899,23.8196],[86.8747,23.8475],[86.8633,23.8444],[86.8524,23.8249],[86.8385,23.824],[86.8267,23.8141],[86.8141,23.8184],[86.8148,23.8308],[86.8055,23.8375],[86.7994,23.8316],[86.8103,23.8218],[86.8041,23.8014],[86.8261,23.7768],[86.8283,23.7532],[86.8117,23.745],[86.7993,23.6889],[86.748,23.6789],[86.7396,23.6944],[86.713,23.6985],[86.6294,23.6758],[86.5983,23.6739],[86.5992,23.6656],[86.5745,23.6476],[86.5288,23.6298],[86.4906,23.6376],[86.4619,23.6297],[86.4465,23.6175],[86.4472,23.5979],[86.4209,23.5896],[86.4137,23.576],[86.3878,23.574],[86.3886,23.5601],[86.3652,23.531],[86.3646,23.5219],[86.3754,23.5091],[86.3644,23.5016],[86.3617,23.4853],[86.3659,23.4803],[86.3786,23.4853],[86.3793,23.4737],[86.3637,23.4714],[86.357,23.4608],[86.3601,23.4522],[86.3498,23.4515],[86.3489,23.4403],[86.3368,23.4404],[86.3339,23.4472],[86.3057,23.435],[86.3109,23.4263],[86.3177,23.4267],[86.3171,23.4161],[86.3102,23.4118],[86.2902,23.4181],[86.2886,23.4294],[86.2642,23.4308],[86.2524,23.4271],[86.2594,23.4133],[86.2475,23.4116],[86.2461,23.423],[86.2348,23.4213],[86.2304,23.431],[86.2461,23.4596],[86.2329,23.4622],[86.2289,23.4433],[86.1803,23.4608],[86.1823,23.4673],[86.1771,23.4698],[86.1485,23.4653],[86.1605,23.5083],[86.148,23.5197],[86.1571,23.5341],[86.1517,23.548],[86.1587,23.5594],[86.1434,23.5635],[86.1314,23.5588],[86.1262,23.5697],[86.081,23.5656],[86.0726,23.5693],[86.0777,23.5792],[86.0519,23.5862],[86.0421,23.5861],[86.0398,23.5749],[86.0186,23.5597],[86.0168,23.5475],[86.0282,23.5427],[86.0238,23.5373],[86.0398,23.5149],[86.0389,23.4978],[86.0588,23.4944],[86.0542,23.4869],[86.0091,23.4845],[85.9503,23.4708],[85.9091,23.4842],[85.8867,23.4847],[85.8709,23.4755],[85.8631,23.4624],[85.8637,23.4316],[85.8846,23.4299],[85.8872,23.4253],[85.8804,23.4217],[85.8914,23.4101],[85.8861,23.4049],[85.8984,23.4057],[85.9027,23.3985],[85.8698,23.3888],[85.8781,23.3819],[85.8749,23.3605],[85.8836,23.3503],[85.8657,23.3413],[85.8686,23.3303],[85.8383,23.3061],[85.8197,23.2684],[85.838,23.247],[85.8368,23.2201],[85.8644,23.2219],[85.8826,23.1983],[85.8817,23.1692],[85.8942,23.1552],[85.9219,23.1451],[85.9288,23.1514],[85.9512,23.152],[85.9581,23.1609],[86.0026,23.1489],[86.0129,23.1482],[86.0176,23.1552],[86.0238,23.1444],[86.0437,23.1449],[86.0548,23.1238],[86.0492,23.106],[86.0751,23.0945],[86.0895,23.0951],[86.0981,23.0854],[86.1327,23.084],[86.1461,23.0752],[86.1417,23.0572],[86.1576,23.0479],[86.1575,23.0304],[86.1674,23.0332],[86.1856,23.0052],[86.2103,23.0078],[86.2231,22.9948],[86.265,23.0001],[86.3046,23.0167],[86.3041,23.01],[86.3261,22.9948],[86.338,22.9905],[86.3442,22.9978],[86.3768,22.9984],[86.3859,22.996],[86.394,22.981],[86.4158,22.9908],[86.4192,23.0005],[86.4468,22.9881],[86.5014,22.9946],[86.5134,22.9776],[86.5075,22.9729],[86.5189,22.9705],[86.547,22.9893],[86.5448,22.9659],[86.5315,22.9647],[86.5255,22.9472],[86.503,22.9514],[86.4891,22.9376],[86.4766,22.9518],[86.4628,22.9369],[86.4358,22.9258],[86.453,22.9035],[86.4673,22.9008],[86.4534,22.886],[86.451,22.8623],[86.4349,22.8606],[86.4387,22.8312],[86.4225,22.8107],[86.4251,22.8],[86.4194,22.7909],[86.4325,22.7749],[86.4602,22.7633],[86.4822,22.7293],[86.4936,22.7265],[86.5106,22.7047],[86.5141,22.7184],[86.5481,22.7208],[86.5713,22.6998],[86.6351,22.6655],[86.6414,22.6576],[86.6332,22.611],[86.6385,22.5984],[86.6561,22.5914],[86.6527,22.5824],[86.6586,22.5756],[86.7102,22.583],[86.7659,22.5756],[86.7717,22.5648],[86.7668,22.556],[86.7893,22.5477],[86.7866,22.5268],[86.8022,22.5022],[86.794,22.4958],[86.801,22.4883],[86.793,22.4774],[86.7507,22.4824],[86.7512,22.4557],[86.7635,22.4471],[86.7596,22.4447],[86.7648,22.4266],[86.813,22.4191],[86.8456,22.3998],[86.8431,22.3729],[86.8318,22.347],[86.8332,22.3244],[86.8882,22.2973],[86.8902,22.285],[86.8868,22.2573],[86.8241,22.2668],[86.8169,22.2537],[86.8135,22.2675],[86.8031,22.2443],[86.7971,22.2477],[86.8012,22.2655],[86.7923,22.2662],[86.7944,22.2433],[86.7992,22.2381],[86.8125,22.2411],[86.8023,22.2178],[86.7918,22.2221],[86.7852,22.2151],[86.7782,22.218],[86.7848,22.2308],[86.7952,22.2279],[86.7894,22.2357],[86.7777,22.2367],[86.7761,22.218],[86.7511,22.211],[86.709,22.2226],[86.6856,22.2222],[86.6707,22.2421],[86.6561,22.2357],[86.6524,22.243],[86.6567,22.2497],[86.6467,22.2676],[86.6421,22.2645],[86.6386,22.2717],[86.6289,22.2705],[86.6129,22.2825],[86.5957,22.2776],[86.5823,22.3016],[86.5769,22.2955],[86.5689,22.3014],[86.5549,22.2983],[86.5408,22.3082],[86.5344,22.3011],[86.5255,22.314],[86.5301,22.3143],[86.5292,22.3226],[86.5102,22.3272],[86.4969,22.3471],[86.4873,22.3476],[86.4858,22.3372],[86.4715,22.3357],[86.4639,22.325],[86.4464,22.3273],[86.4465,22.3096],[86.4398,22.3032],[86.4297,22.3166],[86.4105,22.3199],[86.3596,22.3487],[86.3519,22.3635],[86.3229,22.3847],[86.3227,22.3967],[86.2942,22.4267],[86.2834,22.4478],[86.2693,22.4422],[86.2259,22.453],[86.2079,22.4734],[86.1185,22.4866],[86.0691,22.5558],[86.0455,22.5674],[86.024,22.5446],[86.0339,22.5344],[86.0286,22.524],[86.0231,22.5275],[86.0042,22.5138],[85.9845,22.515],[85.9734,22.5058],[85.9723,22.4916],[85.9627,22.485],[85.9571,22.4647],[85.9698,22.4606],[85.9676,22.4512],[85.9865,22.435],[86.0181,22.4257],[86.0271,22.395],[86.03,22.3798],[86.0237,22.3756],[86.024,22.3642],[85.998,22.3415],[86.0056,22.3348],[86.0121,22.3405],[86.0291,22.3342],[86.0144,22.3217],[86.0158,22.3123],[86.0488,22.3079],[86.0171,22.2972],[86.0069,22.2798],[85.9883,22.2669],[85.9897,22.2543],[85.9739,22.247],[86.0313,22.1899],[85.9968,22.1324],[86.0093,22.1157],[85.9464,22.0218],[85.9335,22.0222],[85.9192,22.0081],[85.9092,21.9692],[85.8967,21.9838],[85.8839,21.9794],[85.8557,21.9829],[85.8258,21.975],[85.818,21.9852],[85.784,21.9843],[85.766,21.9948],[85.7615,22.0107],[85.7834,22.0314],[85.7854,22.0397],[85.7773,22.0555],[85.7956,22.0807],[85.8182,22.0734],[85.8384,22.0794],[85.8353,22.0929],[85.8153,22.0949],[85.8229,22.1063],[85.8074,22.116],[85.799,22.1043],[85.7673,22.0927],[85.7494,22.0735],[85.7102,22.0587],[85.6917,22.0622],[85.6853,22.0544],[85.6516,22.0954],[85.6272,22.0812],[85.6157,22.0807],[85.6134,22.0862],[85.609,22.079],[85.5994,22.0783],[85.5684,22.088],[85.5626,22.0952],[85.5452,22.0896],[85.542,22.101],[85.512,22.1169],[85.4921,22.1202],[85.4233,22.158],[85.3973,22.1631],[85.3847,22.1556],[85.3711,22.1609],[85.3603,22.1434],[85.3665,22.1229],[85.3462,22.1302],[85.3235,22.1276],[85.3106,22.1187],[85.2751,22.0822],[85.2519,22.027],[85.2381,22.0093],[85.2217,22.018],[85.2143,22.0493],[85.1873,22.0581],[85.1811,22.0727],[85.1676,22.0691],[85.1741,22.0515],[85.1678,22.0534],[85.1548,22.0784],[85.1219,22.0707],[85.1009,22.0938],[85.0985,22.1058],[85.0393,22.1154],[85.0214,22.1071],[85.0099,22.0888],[84.9869,22.0826],[84.9847,22.0955],[85.0284,22.1221],[85.0346,22.1444],[85.0299,22.1623],[85.0543,22.1836],[85.0498,22.1945],[85.0593,22.2057],[85.0724,22.2373],[85.0706,22.2482],[85.0782,22.2572],[85.0702,22.2733],[85.0996,22.2934],[85.117,22.2944],[85.118,22.3175],[85.1063,22.3214],[85.092,22.316],[85.0957,22.3446],[85.0833,22.3452],[85.0766,22.3561],[85.0878,22.3875],[85.0817,22.417],[85.0678,22.428],[85.0597,22.4486],[85.0769,22.4636],[85.0778,22.4774],[85.0672,22.4842],[85.0423,22.4795],[85.0383,22.4839],[85.0348,22.4739],[84.959,22.445],[84.9544,22.4587],[84.939,22.446],[84.9216,22.444],[84.926,22.4349],[84.9151,22.4255],[84.8862,22.4201],[84.8893,22.4281],[84.8801,22.4488],[84.8708,22.4398],[84.8369,22.4314],[84.8176,22.437],[84.8102,22.4532],[84.7938,22.4463],[84.7591,22.4466],[84.75,22.4189],[84.6666,22.4195],[84.6289,22.4344],[84.6028,22.4287],[84.5981,22.4347],[84.5476,22.4216],[84.5353,22.427],[84.5246,22.4199],[84.4802,22.4132],[84.4758,22.4009],[84.4853,22.3892],[84.431,22.3729],[84.4289,22.3648],[84.4345,22.3604],[84.4294,22.3524],[84.4005,22.3464],[84.3697,22.3539],[84.3658,22.3481],[84.2915,22.3428],[84.269,22.3544],[84.2504,22.3789],[84.1969,22.378],[84.1563,22.4076],[84.1411,22.4255],[84.1409,22.4738],[84.1118,22.477],[84.1081,22.4837],[84.0811,22.494],[84.0711,22.5019],[84.0757,22.5061],[84.0653,22.5075],[84.0599,22.5163],[84.0532,22.5128],[84.0298,22.5191],[84.0257,22.5257],[84.0089,22.5251],[84.0028,22.5459],[84.0095,22.573],[84.0244,22.5918],[84.0528,22.5958],[84.084,22.6381],[84.1525,22.6368],[84.2002,22.6665],[84.2203,22.6672],[84.2335,22.6808],[84.2381,22.6918],[84.2329,22.7003],[84.2319,22.7418],[84.2599,22.7676],[84.2894,22.7662],[84.2979,22.7943],[84.3151,22.8007],[84.3253,22.835],[84.323,22.848],[84.3336,22.8606],[84.3725,22.8653],[84.3832,22.8934],[84.3752,22.9045],[84.3937,22.9205],[84.3959,22.9392],[84.3837,22.9526],[84.3741,22.9791],[84.365,22.9742],[84.3281,22.9819],[84.3076,22.9674],[84.2842,22.9634],[84.274,22.9812],[84.2774,22.9929],[84.2535,22.9722],[84.2426,22.9833],[84.2192,22.9788],[84.2004,23.0061],[84.2017,23.0211],[84.1858,23.0271],[84.1755,23.0098],[84.1783,22.9798],[84.1719,22.9704],[84.1495,22.9654],[84.147,22.9905],[84.1254,23.0369],[84.1335,23.0831],[84.1154,23.09],[84.0935,23.1124],[84.0666,23.1104],[84.0583,23.1262],[84.0375,23.1399],[84.0324,23.1605],[84.0634,23.206],[84.0558,23.22],[84.0591,23.236],[84.0537,23.2473],[84.0675,23.2941],[84.0617,23.3073],[84.0748,23.3333],[84.0538,23.3526],[84.0473,23.3705],[84.051,23.3745],[84.0231,23.378],[84.0117,23.3537],[84.0057,23.3539],[83.9746,23.3629],[83.9623,23.3853],[83.9817,23.4223],[83.971,23.4669],[84.0146,23.5035],[84.0281,23.5456],[84.0244,23.5556],[84.0301,23.6],[84.0077,23.6223],[84.0166,23.6344],[83.9806,23.6337],[83.9804,23.6249],[83.9478,23.6267],[83.9319,23.6204],[83.9377,23.569],[83.8994,23.5824],[83.8881,23.5788],[83.8154,23.5962],[83.8072,23.5875],[83.8006,23.602],[83.7753,23.609],[83.7751,23.6219],[83.7594,23.626],[83.7519,23.6387],[83.7611,23.6515],[83.7229,23.6859],[83.7421,23.7038],[83.7461,23.7195],[83.7377,23.7605],[83.7216,23.7715],[83.7226,23.7866],[83.7051,23.8039],[83.7053,23.8208],[83.6915,23.8264],[83.6828,23.8194],[83.6645,23.8277],[83.6685,23.8367],[83.6595,23.8493],[83.6434,23.8469],[83.5897,23.8633],[83.5712,23.8621],[83.5695,23.8691],[83.5835,23.8778],[83.5858,23.8864],[83.5534,23.8981],[83.5474,23.9375],[83.5153,23.9807],[83.5138,23.9964],[83.5239,24.0114],[83.5157,24.0272],[83.4793,24.0409],[83.4515,24.0427],[83.4373,24.0588],[83.4317,24.0859],[83.4066,24.0804],[83.4009,24.0922],[83.3878,24.1],[83.3642,24.1033],[83.3485,24.0962],[83.3297,24.1017],[83.3541,24.1249],[83.362,24.1564],[83.383,24.1979],[83.3787,24.2107],[83.3847,24.2205],[83.3788,24.2303],[83.3977,24.2438],[83.4091,24.2663],[83.4072,24.2888],[83.3863,24.2988],[83.3801,24.3131],[83.4115,24.3398],[83.4335,24.3387],[83.4452,24.3588],[83.4573,24.3645],[83.4336,24.3933],[83.4345,24.4007],[83.4051,24.4048],[83.4049,24.436],[83.3942,24.4346],[83.3866,24.4481],[83.4015,24.5034],[83.5058,24.5256],[83.5521,24.5232],[83.596,24.5126],[83.6878,24.5138],[83.7187,24.5033],[83.7546,24.5093],[83.8015,24.5299],[83.8619,24.537],[83.8727,24.5321],[83.9368,24.5496],[83.9748,24.5913],[83.9981,24.6382],[84.0084,24.6427],[84.0273,24.6337],[84.025,24.6288],[84.0339,24.6299],[84.0328,24.6202],[84.0521,24.6103],[84.0473,24.6044],[84.0572,24.5926],[84.0506,24.5868],[84.062,24.5867],[84.065,24.5816],[84.0587,24.5722],[84.0732,24.5673],[84.0776,24.5415],[84.0932,24.5343],[84.0855,24.5062],[84.0918,24.5051],[84.0901,24.4979],[84.1084,24.4774],[84.1248,24.4808],[84.1257,24.4923],[84.1407,24.5005],[84.1346,24.5242],[84.1457,24.5375],[84.1632,24.5334],[84.1526,24.5157],[84.1564,24.5108],[84.1783,24.5051],[84.1856,24.522],[84.1779,24.5263],[84.1728,24.545],[84.1841,24.545],[84.1883,24.5533],[84.1999,24.5547],[84.2011,24.5443],[84.2148,24.5326],[84.2203,24.547],[84.2356,24.5501],[84.2358,24.539],[84.2423,24.5419],[84.2496,24.5357],[84.2476,24.5288],[84.2569,24.5269],[84.259,24.5342],[84.2797,24.5472],[84.2705,24.5601],[84.2973,24.5604],[84.3,24.5453],[84.3276,24.5003],[84.3274,24.4872],[84.3028,24.48],[84.2914,24.4662],[84.2974,24.449],[84.3217,24.446],[84.3356,24.4313],[84.3356,24.4248],[84.3246,24.4275],[84.3205,24.4211],[84.3344,24.4204],[84.3305,24.4103],[84.3446,24.3992],[84.342,24.3932],[84.3735,24.3834],[84.388,24.3886],[84.3939,24.3733],[84.4066,24.3747],[84.4006,24.3645],[84.4308,24.3565],[84.4244,24.3298],[84.4601,24.3373],[84.4669,24.3172],[84.4837,24.3129],[84.5051,24.3313],[84.5074,24.3245],[84.4889,24.3146],[84.4854,24.3066],[84.4964,24.2996],[84.4896,24.2929],[84.4962,24.2863],[84.507,24.2978],[84.5097,24.3155],[84.5317,24.3386],[84.5247,24.3505],[84.5351,24.3636],[84.5278,24.3764],[84.554,24.3728],[84.5724,24.3828],[84.5743,24.3889],[84.5615,24.3963],[84.5676,24.4092],[84.5831,24.4128],[84.586,24.4002],[84.595,24.4047],[84.6147,24.3987],[84.6307,24.405],[84.6422,24.3988],[84.6466,24.403],[84.6653,24.3909],[84.6763,24.4253],[84.6713,24.4299],[84.6792,24.4357],[84.6864,24.4567],[84.7103,24.4709],[84.7283,24.4697],[84.7552,24.4998],[84.7861,24.5035],[84.7893,24.518],[84.8022,24.5306],[84.8084,24.5219],[84.8258,24.5253],[84.8388,24.5127],[84.8328,24.4701],[84.8407,24.469],[84.8399,24.4523],[84.8488,24.4543],[84.8536,24.4665],[84.8641,24.4571],[84.8753,24.4671],[84.8874,24.4631],[84.8875,24.4319],[84.8821,24.4246],[84.9044,24.3953],[84.9092,24.3836],[84.9008,24.3765],[84.9039,24.3722],[84.9367,24.3798],[84.9541,24.3715],[84.9747,24.3746],[84.984,24.3874],[85.0282,24.4153],[85.0619,24.4074],[85.0674,24.4228],[85.0796,24.4334],[85.0817,24.3984],[85.0727,24.3808],[85.0888,24.3722],[85.104,24.3772],[85.1031,24.385],[85.1172,24.3915],[85.1232,24.4019],[85.174,24.4205],[85.1527,24.4551],[85.1615,24.4607],[85.2011,24.4606],[85.2084,24.4665],[85.2262,24.4632],[85.2497,24.4908],[85.2827,24.4916],[85.2805,24.5137],[85.2882,24.523],[85.3216,24.5198],[85.3917,24.5299],[85.3976,24.5448],[85.3709,24.5552],[85.3846,24.5554],[85.4345,24.528],[85.4367,24.5339],[85.4607,24.5364],[85.4779,24.5465],[85.4978,24.5465],[85.5094,24.5372],[85.5078,24.5252],[85.5239,24.5209],[85.5417,24.5318],[85.5457,24.5487],[85.5409,24.5623],[85.5608,24.5527],[85.5718,24.5616],[85.5662,24.5869],[85.5807,24.6007],[85.6019,24.5957],[85.6153,24.5807],[85.6513,24.5745],[85.668,24.5789],[85.6776,24.5909],[85.6762,24.6164],[85.6625,24.6501],[85.6667,24.6611],[85.649,24.6845],[85.6814,24.6915],[85.7072,24.7245],[85.7075,24.7795],[85.7224,24.7859],[85.7367,24.8207],[85.7622,24.8128],[85.7782,24.7965],[85.8096,24.7941],[85.8248,24.8084],[85.8673,24.8046],[85.8897,24.7926],[85.8866,24.7838],[85.9196,24.7448],[85.9454,24.7329],[85.9702,24.733],[85.9804,24.7486],[86.0553,24.7797],[86.0567,24.7605],[86.0345,24.746],[86.0369,24.7406],[86.0664,24.7518],[86.0942,24.7448],[86.1072,24.7349],[86.1286,24.6987],[86.1313,24.6756],[86.1248,24.6719],[86.1244,24.6546],[86.1154,24.6437],[86.1246,24.6112],[86.1324,24.6034],[86.1502,24.6016],[86.1507,24.5924],[86.1669,24.5837],[86.1888,24.5834],[86.2137,24.5943],[86.215,24.6138],[86.2401,24.5995],[86.243,24.5877],[86.2541,24.5874],[86.2592,24.5781],[86.2633,24.5842],[86.2744,24.5769],[86.27,24.5854],[86.2848,24.5879],[86.3026,24.5832],[86.3085,24.5884],[86.3228,24.5868],[86.3007,24.5608],[86.3078,24.5475],[86.2972,24.5333],[86.3053,24.5279],[86.3092,24.5111],[86.2762,24.4658],[86.2989,24.4607],[86.2943,24.4514],[86.3172,24.4415],[86.3492,24.4465],[86.3583,24.4291],[86.3651,24.4254],[86.3774,24.4307],[86.4021,24.4079],[86.4105,24.3925],[86.4051,24.3877],[86.4131,24.3802],[86.4327,24.3801],[86.4453,24.3678],[86.467,24.3809],[86.4721,24.3935],[86.4679,24.4251],[86.481,24.4279],[86.4773,24.4344],[86.4913,24.428],[86.4954,24.4561],[86.4836,24.4676],[86.4923,24.4781],[86.4928,24.4907],[86.5026,24.493],[86.4998,24.5098],[86.5277,24.5442],[86.5525,24.536],[86.5527,24.5443],[86.563,24.5532],[86.5591,24.5648],[86.5805,24.5666],[86.6035,24.6081],[86.6151,24.6087],[86.6107,24.5993],[86.6243,24.5999],[86.6316,24.5849],[86.6463,24.5804],[86.6521,24.5701],[86.6694,24.5661],[86.7216,24.5831],[86.735,24.5795],[86.75,24.5953],[86.7534,24.618],[86.7871,24.6164],[86.811,24.5992],[86.8062,24.5937],[86.8099,24.5816],[86.8021,24.5702],[86.8436,24.5748],[86.8409,24.5628],[86.8568,24.5546],[86.8612,24.5663],[86.8813,24.5741],[86.8877,24.5617],[86.9007,24.5589],[86.9165,24.5451],[86.9088,24.5956],[86.92,24.6023],[86.9332,24.6311],[86.9455,24.6357],[86.9398,24.6525],[86.9583,24.6489],[86.953,24.6313],[86.9784,24.64],[86.9962,24.6199],[87.007,24.6229],[87.0108,24.6311],[87.02,24.6297],[87.0231,24.6157],[87.036,24.6129],[87.0381,24.6172],[87.0511,24.6085],[87.0463,24.6299],[87.0541,24.6693],[87.0693,24.6932],[87.0681,24.7033],[87.0812,24.7291],[87.0699,24.7449],[87.0843,24.7561],[87.0787,24.7775],[87.0958,24.8027],[87.0742,24.8083],[87.0745,24.8177],[87.0769,24.8237],[87.0914,24.8234],[87.1047,24.8468],[87.1121,24.8475],[87.1094,24.8516],[87.1325,24.8624],[87.1378,24.8596],[87.144,24.8613],[87.1412,24.8645],[87.1568,24.8809],[87.157,24.8998],[87.145,24.9192],[87.1545,24.9323],[87.1462,24.9416],[87.1544,24.9779],[87.1458,25.0099],[87.1504,25.026],[87.1624,25.0332],[87.1811,25.0657],[87.1927,25.0661],[87.2004,25.0781],[87.2113,25.0807],[87.2127,25.0911],[87.2372,25.0891],[87.2442,25.1007],[87.235,25.107],[87.2414,25.1168],[87.2699,25.0939],[87.2956,25.0885],[87.3051,25.1428],[87.3194,25.1652],[87.3157,25.1805],[87.3276,25.2236],[87.3346,25.2161],[87.3719,25.2062],[87.3836,25.2243],[87.4014,25.2271],[87.4124,25.215],[87.4782,25.1943],[87.4733,25.2382],[87.4829,25.2518],[87.5006,25.2598],[87.4874,25.2972],[87.4936,25.3037],[87.5018,25.2923],[87.517,25.2932],[87.5322,25.2803],[87.543,25.281],[87.5519,25.3326],[87.5712,25.3333],[87.5841,25.3494],[87.5918,25.3419],[87.584,25.3318],[87.6105,25.3132],[87.6179,25.318],[87.6273,25.3115],[87.6306,25.3197],[87.6549,25.3075],[87.692,25.3115],[87.6851,25.306],[87.6985,25.3039],[87.6933,25.2846],[87.7114,25.2746],[87.7111,25.2575],[87.7787,25.2505],[87.7728,25.2071],[87.7818,25.1768],[87.7793,25.1435],[87.8008,25.1177],[87.7958,25.0872],[87.8767,25.0343],[87.9057,25.0035],[87.9399,24.9913],[87.9576,24.971],[87.9623,24.9378],[87.9525,24.908],[87.9154,24.8829],[87.8908,24.8551],[87.8997,24.8443],[87.9003,24.823],[87.8854,24.8268],[87.8829,24.8224],[87.8832,24.8287],[87.8775,24.8212],[87.8701,24.8261],[87.8817,24.7989],[87.8786,24.7904],[87.8731,24.7949],[87.8686,24.7889],[87.8687,24.7743],[87.8544,24.7617],[87.8435,24.7693],[87.8366,24.7658],[87.8414,24.7835],[87.8362,24.7898],[87.8298,24.7695],[87.8229,24.77],[87.8178,24.7609],[87.8191,24.7538],[87.8293,24.7533],[87.8427,24.7402],[87.8746,24.7325],[87.8828,24.7413],[87.8902,24.7248],[87.9078,24.7212],[87.8984,24.6871],[87.8886,24.6791],[87.9171,24.6657],[87.9116,24.6546],[87.9143,24.637],[87.9058,24.6314],[87.9057,24.6147],[87.8779,24.6181],[87.8752,24.6137],[87.892,24.6063],[87.8913,24.6114],[87.9115,24.6102],[87.9089,24.5857],[87.8926,24.5813],[87.8919,24.5656],[87.8689,24.5642],[87.8653,24.5567],[87.8522,24.5607],[87.852,24.5539],[87.8271,24.5582],[87.8269,24.5689],[87.8124,24.5788],[87.7717,24.5837],[87.7707,24.5707],[87.7915,24.572],[87.8089,24.5474],[87.7994,24.5438],[87.8038,24.5179],[87.7981,24.5091],[87.8035,24.5056],[87.7943,24.5013],[87.8022,24.4944],[87.8099,24.5141],[87.8165,24.5005],[87.8115,24.4921],[87.8283,24.4985],[87.827,24.4884],[87.8166,24.4897],[87.8107,24.477],[87.8227,24.4709],[87.8239,24.4583],[87.8035,24.4542],[87.804,24.4412],[87.7949,24.4364],[87.7957,24.422],[87.7896,24.4204],[87.7888,24.4149],[87.8,24.409],[87.8064,24.4201],[87.8123,24.4141],[87.8097,24.4053],[87.7942,24.3996],[87.8014,24.3831],[87.7933,24.3821],[87.787,24.3636],[87.7646,24.3397],[87.7628,24.3303],[87.7708,24.3224],[87.7632,24.3214],[87.7615,24.3082],[87.7548,24.3098],[87.7302,24.2884],[87.7132,24.2939],[87.706,24.2604],[87.6912,24.2585],[87.6848,24.2462],[87.6622,24.2453],[87.6584,24.2359],[87.6389,24.2547],[87.6416,24.2472],[87.636,24.2418],[87.6462,24.2301],[87.638,24.2154],[87.6745,24.2075],[87.677,24.1946],[87.6941,24.1867],[87.6999,24.1764],[87.6961,24.1603]]]}},{"type":"Feature","properties":{"name":"Karnataka"},"geometry":{"type":"MultiPolygon","coordinates":[[[[77.3323,18.4509],[77.3452,18.4336],[77.3535,18.4477],[77.3657,18.4516],[77.3622,18.4299],[77.3707,18.4188],[77.3729,18.4011],[77.4002,18.402],[77.4141,18.3931],[77.4099,18.3774],[77.3949,18.3685],[77.4002,18.3474],[77.3944,18.3474],[77.395,18.3415],[77.3824,18.3423],[77.381,18.331],[77.3567,18.3202],[77.3658,18.3071],[77.3851,18.3093],[77.409,18.3015],[77.4283,18.3124],[77.4377,18.3103],[77.4365,18.2932],[77.4404,18.2826],[77.4459,18.2838],[77.4476,18.27],[77.4651,18.2625],[77.4814,18.2724],[77.4927,18.2672],[77.5116,18.282],[77.5126,18.3096],[77.5614,18.2849],[77.5726,18.2933],[77.5819,18.2854],[77.6054,18.2813],[77.5718,18.244],[77.5853,18.2198],[77.5748,18.2016],[77.5655,18.2042],[77.5635,18.1961],[77.5707,18.1922],[77.5813,18.1623],[77.5969,18.1559],[77.5988,18.0933],[77.5957,18.086],[77.5659,18.0767],[77.5574,18.0637],[77.5483,18.0652],[77.5476,18.0561],[77.5538,18.0358],[77.5806,18.0316],[77.5886,18.0122],[77.6059,18.0202],[77.6075,18.0099],[77.6278,17.9968],[77.6489,17.9989],[77.6482,17.9803],[77.6559,17.9688],[77.6495,17.95],[77.6372,17.9523],[77.633,17.9674],[77.6246,17.9596],[77.6329,17.9558],[77.6325,17.9467],[77.6187,17.9395],[77.619,17.9041],[77.5861,17.9078],[77.586,17.8938],[77.6004,17.8806],[77.5991,17.8731],[77.5764,17.8754],[77.554,17.8201],[77.5489,17.8194],[77.5467,17.8285],[77.5282,17.8279],[77.529,17.8129],[77.5149,17.8054],[77.5066,17.786],[77.5375,17.7799],[77.5549,17.764],[77.5692,17.7665],[77.5685,17.7489],[77.5486,17.7358],[77.546,17.7268],[77.522,17.726],[77.4923,17.7081],[77.4524,17.6947],[77.4548,17.6745],[77.4482,17.6511],[77.4558,17.6325],[77.4448,17.6094],[77.4431,17.584],[77.4618,17.5808],[77.4781,17.5668],[77.4941,17.5684],[77.5,17.5467],[77.5069,17.5423],[77.5284,17.5754],[77.5374,17.5754],[77.5506,17.5517],[77.5938,17.5645],[77.5969,17.5343],[77.6121,17.5348],[77.628,17.5236],[77.662,17.5228],[77.673,17.5094],[77.6888,17.5109],[77.6925,17.4974],[77.6884,17.4752],[77.6574,17.4809],[77.6523,17.4829],[77.6569,17.5065],[77.6479,17.4961],[77.6448,17.4776],[77.6152,17.4729],[77.6143,17.4459],[77.6029,17.4442],[77.5762,17.4562],[77.5759,17.4307],[77.5373,17.4437],[77.513,17.4309],[77.5142,17.4142],[77.5378,17.4061],[77.5243,17.388],[77.5332,17.3805],[77.5298,17.3707],[77.5158,17.3604],[77.4838,17.355],[77.4744,17.3615],[77.4791,17.3707],[77.4536,17.374],[77.456,17.3312],[77.4379,17.2919],[77.4549,17.2872],[77.4585,17.279],[77.4263,17.2565],[77.4204,17.2376],[77.4083,17.2412],[77.3802,17.2225],[77.4037,17.2099],[77.3964,17.2075],[77.3939,17.1944],[77.3723,17.1956],[77.3637,17.1588],[77.3782,17.1527],[77.3779,17.1399],[77.4038,17.1329],[77.4067,17.1245],[77.4636,17.11],[77.4629,17.0941],[77.481,17.0792],[77.4799,17.0688],[77.4881,17.0472],[77.4967,17.0427],[77.4949,17.0271],[77.5025,17.0141],[77.4795,16.996],[77.4813,16.9704],[77.4721,16.9571],[77.4652,16.9566],[77.4642,16.9299],[77.4694,16.9192],[77.454,16.9139],[77.4641,16.8506],[77.4571,16.8302],[77.4765,16.7884],[77.4745,16.7812],[77.4672,16.7805],[77.4395,16.7891],[77.4431,16.7625],[77.427,16.7289],[77.431,16.7231],[77.4261,16.7229],[77.4385,16.7117],[77.4472,16.7207],[77.474,16.7166],[77.4698,16.687],[77.4639,16.6763],[77.4477,16.6793],[77.4425,16.6699],[77.4189,16.6686],[77.419,16.6584],[77.4297,16.6562],[77.4386,16.6453],[77.4343,16.6414],[77.4447,16.6392],[77.4624,16.6543],[77.4761,16.6501],[77.4536,16.6168],[77.4678,16.6098],[77.4674,16.5988],[77.4622,16.5977],[77.4621,16.5852],[77.4397,16.5872],[77.4237,16.5689],[77.3929,16.57],[77.4037,16.5512],[77.419,16.5489],[77.4191,16.5224],[77.4169,16.5173],[77.4022,16.5215],[77.3778,16.5137],[77.3701,16.5046],[77.369,16.4887],[77.3296,16.4859],[77.2987,16.4962],[77.294,16.4767],[77.265,16.4725],[77.2458,16.4777],[77.2358,16.4728],[77.2621,16.4519],[77.2689,16.4305],[77.2879,16.4087],[77.3334,16.3954],[77.3491,16.3839],[77.378,16.3856],[77.4209,16.3662],[77.441,16.3808],[77.4897,16.385],[77.5234,16.3758],[77.5388,16.3582],[77.5727,16.3409],[77.5939,16.3439],[77.588,16.3334],[77.5978,16.2931],[77.582,16.2913],[77.5689,16.3036],[77.5632,16.3016],[77.5451,16.2917],[77.5369,16.2668],[77.5219,16.278],[77.5048,16.2758],[77.5024,16.2631],[77.4901,16.2552],[77.4923,16.2293],[77.5156,16.2278],[77.515,16.222],[77.5011,16.2217],[77.4995,16.1986],[77.4861,16.163],[77.4907,16.1596],[77.4898,16.1196],[77.5002,16.1206],[77.5133,16.108],[77.5009,16.1062],[77.4936,16.0864],[77.5069,16.0796],[77.494,16.037],[77.5044,16.0113],[77.514,16.0081],[77.5095,15.9804],[77.5198,15.9669],[77.5134,15.9268],[77.466,15.9345],[77.4296,15.9491],[77.4163,15.9424],[77.3801,15.9398],[77.3612,15.9494],[77.324,15.9502],[77.3011,15.958],[77.2847,15.9538],[77.2489,15.9646],[77.2355,15.9571],[77.1853,15.9568],[77.1522,15.9491],[77.0846,15.9187],[77.071,15.9088],[77.0559,15.8816],[77.0326,15.8569],[77.0252,15.8375],[77.0358,15.8296],[77.0655,15.8274],[77.0672,15.7877],[77.0609,15.7863],[77.0569,15.7687],[77.0523,15.7699],[77.0543,15.7562],[77.048,15.7562],[77.0491,15.7303],[77.0797,15.7275],[77.0788,15.7163],[77.0874,15.7155],[77.0787,15.6952],[77.1289,15.6659],[77.1214,15.6311],[77.0832,15.6592],[77.0717,15.6467],[77.0304,15.6345],[77.0329,15.605],[77.0262,15.5817],[77.03,15.5027],[76.9745,15.5105],[76.974,15.4982],[76.9771,15.4898],[76.9973,15.478],[77.0107,15.4488],[77.032,15.4356],[77.0351,15.4232],[77.0292,15.4044],[77.0472,15.39],[77.0418,15.3619],[77.0649,15.3436],[77.0637,15.328],[77.1131,15.3337],[77.1183,15.2949],[77.1516,15.2924],[77.1519,15.2757],[77.1471,15.2729],[77.1669,15.2686],[77.1676,15.2585],[77.1438,15.2572],[77.1362,15.241],[77.1264,15.2405],[77.1251,15.227],[77.1476,15.2239],[77.1619,15.2011],[77.1691,15.1714],[77.1628,15.1574],[77.1407,15.1586],[77.1354,15.1498],[77.1378,15.1435],[77.1573,15.1405],[77.1563,15.1229],[77.1421,15.1046],[77.1301,15.1008],[77.1282,15.0723],[77.1129,15.0341],[77.0936,15.0362],[77.0908,15.0293],[77.0847,15.0307],[77.0824,15.0061],[77.0441,15.0099],[77.0495,15.0331],[77.004,15.0338],[76.986,15.0265],[76.9852,15.0152],[76.9659,15.0181],[76.9496,15.0304],[76.9183,15.0355],[76.8949,15.0371],[76.8771,15.0302],[76.8659,15.0597],[76.836,15.0793],[76.8237,15.08],[76.8002,15.0959],[76.786,15.0878],[76.7821,15.0773],[76.7767,15.0784],[76.7736,15.0591],[76.7901,15.0207],[76.775,14.9931],[76.7605,14.9899],[76.7665,14.9756],[76.8182,14.9695],[76.8285,14.9565],[76.8419,14.9664],[76.8674,14.9698],[76.8696,14.9377],[76.8638,14.8956],[76.8473,14.896],[76.8454,14.8893],[76.8524,14.887],[76.8572,14.8691],[76.854,14.8432],[76.8418,14.8366],[76.846,14.8221],[76.8545,14.8181],[76.8539,14.8095],[76.8373,14.8106],[76.8367,14.7908],[76.7827,14.786],[76.7895,14.7601],[76.8029,14.7419],[76.7752,14.681],[76.765,14.6021],[76.7818,14.5965],[76.7913,14.5547],[76.8062,14.5311],[76.831,14.5304],[76.8355,14.5213],[76.8556,14.5096],[76.8679,14.4741],[76.8842,14.4771],[76.9006,14.4892],[76.9748,14.4853],[76.9599,14.4506],[76.9447,14.4509],[76.9478,14.4132],[76.9428,14.3997],[76.9158,14.4207],[76.8986,14.398],[76.8848,14.3957],[76.8847,14.3476],[76.9033,14.3227],[76.9456,14.3132],[76.9567,14.2944],[76.9249,14.2738],[76.94,14.2446],[76.9856,14.2474],[77.0056,14.2358],[77.036,14.2468],[77.0524,14.2455],[77.0811,14.2142],[77.1077,14.2199],[77.1166,14.2264],[77.1153,14.2545],[77.1204,14.2629],[77.1111,14.2616],[77.1101,14.2682],[77.1156,14.2925],[77.1305,14.3069],[77.1357,14.3369],[77.1573,14.3421],[77.1669,14.3421],[77.1693,14.3355],[77.1786,14.3355],[77.1974,14.3212],[77.2382,14.3174],[77.2865,14.3401],[77.2888,14.3055],[77.2835,14.2827],[77.3638,14.2758],[77.3594,14.234],[77.3791,14.2265],[77.3832,14.2075],[77.3919,14.1989],[77.4141,14.2048],[77.4193,14.2116],[77.4176,14.2259],[77.4096,14.2319],[77.4088,14.2599],[77.4053,14.2667],[77.3873,14.2709],[77.3887,14.2809],[77.377,14.3048],[77.379,14.3227],[77.3928,14.3358],[77.4077,14.3376],[77.4284,14.3286],[77.4315,14.3129],[77.4462,14.3175],[77.4502,14.2807],[77.4818,14.2916],[77.4871,14.2817],[77.4982,14.2789],[77.5038,14.2638],[77.4927,14.231],[77.5046,14.194],[77.517,14.1844],[77.5035,14.1571],[77.468,14.1649],[77.467,14.1716],[77.3937,14.1743],[77.3948,14.1608],[77.385,14.1533],[77.3789,14.1359],[77.3513,14.13],[77.3474,14.1036],[77.3906,14.1266],[77.4009,14.1187],[77.3605,14.0626],[77.3405,14.0602],[77.3323,14.0307],[77.3901,14.0167],[77.3796,13.9899],[77.3816,13.9762],[77.3956,13.9837],[77.4258,13.9861],[77.4378,13.9755],[77.4353,13.9475],[77.412,13.9456],[77.4158,13.9242],[77.4348,13.9197],[77.435,13.915],[77.4,13.8883],[77.3979,13.9066],[77.3576,13.9034],[77.3478,13.916],[77.3712,13.9528],[77.3494,13.9581],[77.361,13.9908],[77.3362,13.9954],[77.3222,14.03],[77.3065,14.032],[77.2982,14.0216],[77.2749,14.0113],[77.2787,14.0324],[77.2703,14.0345],[77.2453,14.012],[77.2046,14.0083],[77.174,14.013],[77.1728,14.0011],[77.1492,14.0012],[77.141,14.0039],[77.1274,14.047],[77.0789,14.0427],[77.0761,14.0533],[77.0347,14.0557],[77.0276,14.0618],[77.0298,14.0882],[77.0146,14.1],[77.0262,14.125],[77.0201,14.1309],[77.0233,14.1767],[77.0054,14.184],[76.9837,14.1788],[76.9606,14.1818],[76.9475,14.1982],[76.9427,14.1954],[76.9423,14.1733],[76.9197,14.1645],[76.8945,14.1678],[76.8859,14.1383],[76.9128,14.1288],[76.9249,14.1371],[76.9456,14.1182],[76.9535,14.0997],[76.9484,14.0921],[76.9734,14.0835],[76.9775,14.0713],[76.9717,14.058],[76.9323,14.0539],[76.9311,14.0302],[76.9434,14.0298],[76.9499,14.0151],[76.9994,13.9904],[76.9937,13.9626],[77.0142,13.9549],[77.0243,13.94],[77.0416,13.9334],[77.0472,13.9066],[77.023,13.9026],[77.0142,13.8603],[76.9922,13.849],[76.9888,13.8353],[76.978,13.8269],[76.9764,13.8173],[76.9897,13.813],[76.9851,13.7908],[76.9984,13.7456],[77.0164,13.7385],[77.0244,13.7792],[77.0433,13.7778],[77.0646,13.7438],[77.0856,13.7425],[77.0838,13.7567],[77.0904,13.7672],[77.1368,13.7583],[77.1511,13.7662],[77.173,13.762],[77.1785,13.7827],[77.1575,13.806],[77.1686,13.8296],[77.1536,13.8341],[77.156,13.8444],[77.132,13.8458],[77.128,13.8561],[77.1476,13.8685],[77.1685,13.8645],[77.1687,13.8896],[77.1619,13.9066],[77.1699,13.9206],[77.1847,13.9252],[77.1908,13.9119],[77.1813,13.8699],[77.2004,13.863],[77.2131,13.8862],[77.2154,13.8679],[77.2198,13.8677],[77.2306,13.9033],[77.2356,13.9041],[77.2482,13.9012],[77.2463,13.8679],[77.2591,13.8631],[77.2566,13.8465],[77.2882,13.8475],[77.3114,13.8666],[77.3214,13.8559],[77.3253,13.8332],[77.3368,13.8328],[77.3624,13.8543],[77.3768,13.8507],[77.3818,13.8394],[77.4325,13.8432],[77.4164,13.8088],[77.4286,13.8068],[77.4225,13.7991],[77.437,13.7967],[77.4453,13.811],[77.4645,13.8061],[77.4564,13.7887],[77.4613,13.7884],[77.4651,13.7587],[77.4705,13.758],[77.465,13.7109],[77.45,13.7109],[77.4553,13.6823],[77.4921,13.6898],[77.485,13.7148],[77.5141,13.7132],[77.5123,13.6973],[77.5252,13.691],[77.5343,13.707],[77.5366,13.7306],[77.5219,13.7446],[77.5272,13.7538],[77.5474,13.7529],[77.5605,13.7224],[77.5716,13.7382],[77.5868,13.7335],[77.5999,13.7508],[77.6136,13.7519],[77.6277,13.7346],[77.6422,13.7468],[77.6188,13.755],[77.621,13.7684],[77.6512,13.7841],[77.68,13.7868],[77.6798,13.7723],[77.6717,13.7605],[77.7032,13.7698],[77.7084,13.741],[77.7173,13.7411],[77.7193,13.8003],[77.7407,13.8124],[77.7815,13.8183],[77.789,13.8305],[77.7822,13.8441],[77.812,13.849],[77.8201,13.8632],[77.837,13.8697],[77.8273,13.8744],[77.8355,13.881],[77.8319,13.8957],[77.8161,13.903],[77.8134,13.9146],[77.8148,13.9319],[77.8265,13.9447],[77.8388,13.9359],[77.8956,13.941],[77.8958,13.9204],[77.9267,13.9053],[77.9462,13.9353],[77.9573,13.9367],[77.9674,13.9602],[77.9826,13.9577],[77.9875,13.9555],[77.9802,13.9279],[77.9845,13.8974],[77.949,13.8864],[77.9529,13.8274],[77.976,13.8295],[77.992,13.8688],[78.0004,13.8729],[78.0212,13.8638],[78.0413,13.8603],[78.0461,13.8621],[78.0488,13.8961],[78.0789,13.8812],[78.0819,13.8612],[78.1147,13.8629],[78.1236,13.8453],[78.1253,13.8316],[78.1137,13.8075],[78.1263,13.7864],[78.1137,13.7634],[78.0998,13.7585],[78.0915,13.7423],[78.1043,13.7365],[78.1207,13.7156],[78.1132,13.6927],[78.069,13.6978],[78.0735,13.6877],[78.0657,13.6761],[78.077,13.6733],[78.0897,13.6591],[78.0871,13.6431],[78.0989,13.6428],[78.1142,13.6574],[78.1675,13.6558],[78.1682,13.6328],[78.2041,13.6284],[78.2033,13.6065],[78.1902,13.5901],[78.1929,13.5648],[78.2029,13.5688],[78.2196,13.5932],[78.2326,13.5868],[78.236,13.5993],[78.2594,13.5825],[78.3261,13.5948],[78.3505,13.5869],[78.3851,13.5921],[78.4022,13.5872],[78.4066,13.5768],[78.3941,13.5411],[78.3823,13.525],[78.3833,13.5156],[78.3744,13.509],[78.3787,13.482],[78.3708,13.4695],[78.3816,13.397],[78.3657,13.3586],[78.3776,13.3631],[78.4083,13.3457],[78.4034,13.3361],[78.3848,13.3349],[78.3876,13.3428],[78.383,13.3436],[78.3782,13.3372],[78.3771,13.332],[78.3871,13.3318],[78.401,13.3155],[78.4188,13.3206],[78.4279,13.3313],[78.4403,13.3284],[78.4441,13.3081],[78.4833,13.3212],[78.4792,13.3013],[78.4987,13.2995],[78.5139,13.2906],[78.5219,13.273],[78.5321,13.2669],[78.5393,13.2879],[78.5563,13.2838],[78.5647,13.2947],[78.5631,13.3094],[78.5695,13.3092],[78.5786,13.2803],[78.5873,13.2806],[78.5852,13.2622],[78.5701,13.2471],[78.5663,13.2208],[78.5794,13.2156],[78.5711,13.212],[78.5677,13.2015],[78.55,13.2002],[78.5497,13.1897],[78.5672,13.1933],[78.576,13.1867],[78.5797,13.1673],[78.5733,13.1689],[78.5681,13.1618],[78.55,13.1642],[78.5413,13.1557],[78.5483,13.1485],[78.5446,13.142],[78.5312,13.1414],[78.5233,13.1304],[78.517,13.1316],[78.5185,13.1198],[78.5384,13.1057],[78.5094,13.0915],[78.5142,13.0618],[78.4784,13.0545],[78.4731,13.0429],[78.4621,13.0432],[78.4635,13.0053],[78.4747,12.9914],[78.4674,12.975],[78.4353,12.981],[78.4326,12.9678],[78.4379,12.964],[78.4192,12.9587],[78.4203,12.9477],[78.4111,12.9453],[78.4187,12.9217],[78.4281,12.9321],[78.4379,12.929],[78.4666,12.9054],[78.4647,12.8668],[78.464,12.8777],[78.4472,12.8922],[78.4455,12.9118],[78.4349,12.9118],[78.4286,12.9021],[78.4121,12.9032],[78.3986,12.9173],[78.3963,12.9073],[78.3886,12.9068],[78.3558,12.9407],[78.3397,12.9032],[78.3235,12.9018],[78.3203,12.8873],[78.3344,12.8892],[78.337,12.8824],[78.3309,12.8756],[78.3136,12.8764],[78.3124,12.8585],[78.282,12.8593],[78.2683,12.8677],[78.2521,12.8605],[78.2456,12.7883],[78.2309,12.7607],[78.1951,12.7738],[78.1773,12.7759],[78.1676,12.7701],[78.1342,12.782],[78.1249,12.7982],[78.0901,12.8174],[78.0861,12.8319],[78.0738,12.8305],[78.0765,12.8396],[78.0601,12.8438],[78.0533,12.8539],[78.0504,12.8487],[78.0238,12.8565],[78.0289,12.8452],[78.0191,12.8439],[78.0182,12.8311],[78.0038,12.8256],[78.0152,12.8138],[78.0097,12.8057],[77.9884,12.8082],[77.9897,12.8215],[77.9792,12.827],[77.9803,12.8351],[77.9642,12.8328],[77.9653,12.8482],[77.9527,12.8501],[77.9523,12.8571],[77.9399,12.8531],[77.9465,12.8387],[77.9406,12.8233],[77.9205,12.8282],[77.9172,12.8389],[77.9227,12.8556],[77.9417,12.8716],[77.9277,12.8749],[77.9271,12.8815],[77.936,12.8836],[77.9293,12.8909],[77.9087,12.8848],[77.9083,12.8788],[77.8948,12.8786],[77.8903,12.8697],[77.8509,12.8661],[77.8359,12.8703],[77.823,12.8558],[77.8078,12.8477],[77.799,12.8515],[77.7924,12.8427],[77.7958,12.8345],[77.8098,12.8315],[77.8098,12.8155],[77.8021,12.817],[77.7997,12.8052],[77.8085,12.7967],[77.7985,12.7951],[77.7788,12.768],[77.7943,12.7576],[77.7927,12.7479],[77.7623,12.7353],[77.7611,12.7274],[77.7744,12.7242],[77.7638,12.6996],[77.7398,12.6999],[77.7351,12.694],[77.7399,12.673],[77.7245,12.6712],[77.7227,12.6797],[77.7115,12.6831],[77.7109,12.6671],[77.7042,12.6614],[77.6786,12.6604],[77.6763,12.6795],[77.6598,12.6838],[77.5988,12.6672],[77.596,12.6503],[77.6062,12.6289],[77.5909,12.6152],[77.5913,12.5921],[77.5793,12.5731],[77.5803,12.5516],[77.5863,12.5457],[77.5871,12.5148],[77.6123,12.5149],[77.6162,12.5092],[77.5836,12.4788],[77.6073,12.4751],[77.626,12.4963],[77.6345,12.4876],[77.6271,12.4585],[77.6295,12.4183],[77.6232,12.4123],[77.6167,12.3682],[77.6129,12.3611],[77.6008,12.3584],[77.5915,12.3401],[77.5785,12.3357],[77.5659,12.3063],[77.5578,12.3057],[77.5513,12.2912],[77.5328,12.2915],[77.5271,12.2788],[77.5141,12.2754],[77.4999,12.2826],[77.4875,12.2805],[77.479,12.2713],[77.471,12.2435],[77.4825,12.2294],[77.4718,12.2084],[77.4926,12.1973],[77.5186,12.1945],[77.5458,12.2047],[77.5652,12.1963],[77.6107,12.2062],[77.6375,12.1967],[77.6652,12.1982],[77.7333,12.1781],[77.7497,12.1385],[77.7737,12.1205],[77.7763,12.1123],[77.7677,12.1066],[77.7556,12.0797],[77.7274,12.062],[77.7088,12.036],[77.6746,11.966],[77.6756,11.952],[77.6573,11.9499],[77.652,11.9549],[77.6033,11.9377],[77.5581,11.9416],[77.5379,11.9324],[77.4947,11.9439],[77.4905,11.9085],[77.483,11.8996],[77.4861,11.8875],[77.4734,11.8992],[77.4615,11.9],[77.4604,11.8813],[77.4657,11.8742],[77.4598,11.8635],[77.4665,11.8471],[77.4497,11.7961],[77.4272,11.7609],[77.4221,11.7724],[77.3943,11.7877],[77.3647,11.7905],[77.3603,11.7795],[77.335,11.7713],[77.2937,11.809],[77.2879,11.8005],[77.2498,11.8131],[77.2495,11.8042],[77.2385,11.7947],[77.1891,11.7926],[77.1819,11.7864],[77.147,11.782],[77.138,11.7727],[77.1106,11.7735],[77.1084,11.7527],[77.1176,11.7211],[77.1049,11.7329],[77.0801,11.736],[77.0826,11.7398],[77.0563,11.7698],[77.0696,11.7821],[77.0668,11.788],[77.0464,11.7877],[77.035,11.7698],[77.0287,11.7747],[77.0386,11.7939],[77.0298,11.8047],[77.0168,11.8108],[77.0139,11.8063],[77.0128,11.8147],[76.9829,11.8119],[76.9835,11.8017],[76.9698,11.7769],[76.9538,11.7921],[76.9423,11.7881],[76.9079,11.7953],[76.9003,11.784],[76.8882,11.7337],[76.8625,11.7111],[76.8349,11.6555],[76.8345,11.6396],[76.845,11.6342],[76.8426,11.6271],[76.852,11.6217],[76.8504,11.616],[76.858,11.6141],[76.8535,11.597],[76.8392,11.5971],[76.8227,11.6081],[76.8174,11.6048],[76.7568,11.6185],[76.7469,11.6138],[76.6303,11.6139],[76.6139,11.6076],[76.5975,11.6107],[76.5922,11.6187],[76.577,11.6145],[76.5598,11.6225],[76.5504,11.6743],[76.5371,11.6909],[76.5115,11.7051],[76.4935,11.6931],[76.4815,11.6926],[76.4825,11.6862],[76.4581,11.6644],[76.4166,11.6718],[76.4033,11.7113],[76.4117,11.7158],[76.4139,11.7113],[76.4273,11.7263],[76.4181,11.7426],[76.4104,11.7421],[76.4149,11.7555],[76.4139,11.7601],[76.3769,11.7446],[76.3627,11.7484],[76.3524,11.7383],[76.3396,11.739],[76.3183,11.7513],[76.3077,11.7848],[76.2883,11.7951],[76.2801,11.8124],[76.2455,11.803],[76.2236,11.8082],[76.2097,11.8274],[76.2128,11.842],[76.2074,11.8616],[76.1903,11.8713],[76.1559,11.8702],[76.1199,11.8504],[76.1127,11.8585],[76.1124,11.9788],[76.0896,11.9674],[76.07,11.9671],[76.0334,11.9402],[76.0132,11.9418],[76.0031,11.9314],[75.9563,11.9419],[75.9307,11.9391],[75.9134,11.9462],[75.8968,11.9447],[75.8584,11.9589],[75.8468,11.9821],[75.8294,11.9846],[75.8248,12.0027],[75.8203,12.0027],[75.8228,12.0129],[75.801,12.037],[75.794,12.0558],[75.8026,12.0795],[75.7535,12.0854],[75.747,12.0782],[75.7146,12.0705],[75.7178,12.0856],[75.702,12.0923],[75.7032,12.1082],[75.6871,12.1103],[75.6767,12.0974],[75.6616,12.0985],[75.6488,12.1086],[75.6358,12.1484],[75.6194,12.1557],[75.5951,12.1534],[75.5924,12.147],[75.5597,12.1756],[75.5523,12.192],[75.5325,12.2005],[75.5397,12.2156],[75.5267,12.225],[75.5053,12.2708],[75.4938,12.2728],[75.4849,12.29],[75.4748,12.2961],[75.4652,12.2894],[75.4357,12.2946],[75.4256,12.2868],[75.414,12.2896],[75.4321,12.3091],[75.4202,12.319],[75.4103,12.3473],[75.4196,12.357],[75.4218,12.3727],[75.3724,12.4002],[75.3658,12.412],[75.3714,12.4378],[75.3656,12.4568],[75.3862,12.4583],[75.3933,12.4514],[75.4132,12.4586],[75.4249,12.4696],[75.4173,12.4985],[75.3819,12.5021],[75.3677,12.4918],[75.3721,12.4769],[75.36,12.465],[75.3362,12.4642],[75.3406,12.4704],[75.3321,12.4996],[75.3145,12.4975],[75.3041,12.5033],[75.303,12.5226],[75.28,12.5242],[75.2731,12.5369],[75.272,12.5702],[75.2838,12.5708],[75.2896,12.5839],[75.3145,12.5738],[75.3255,12.5827],[75.3261,12.5937],[75.3112,12.591],[75.301,12.6067],[75.2907,12.6032],[75.2887,12.6117],[75.2754,12.6198],[75.2663,12.6159],[75.2653,12.6048],[75.2495,12.5837],[75.2387,12.5799],[75.2374,12.5684],[75.2202,12.5682],[75.2086,12.5923],[75.2002,12.589],[75.2091,12.6015],[75.1984,12.6133],[75.2017,12.629],[75.1821,12.6317],[75.161,12.621],[75.1376,12.6447],[75.1499,12.6513],[75.1604,12.6716],[75.15,12.6739],[75.1524,12.6822],[75.133,12.6746],[75.1116,12.6808],[75.1153,12.6828],[75.1054,12.6981],[75.0851,12.7053],[75.0801,12.7003],[75.0852,12.6739],[75.0692,12.6639],[75.0598,12.6709],[75.0575,12.6651],[75.0465,12.6667],[75.0396,12.6866],[75.043,12.6939],[75.0547,12.6947],[75.0502,12.7194],[75.0338,12.7226],[75.0187,12.7202],[75.0152,12.7134],[75.001,12.7155],[75.0001,12.7208],[75.0111,12.728],[74.9824,12.7384],[75.0094,12.7676],[75.0031,12.7917],[74.9982,12.786],[74.989,12.7955],[74.992,12.7883],[74.9872,12.783],[74.9683,12.7764],[74.9581,12.7847],[74.9329,12.7806],[74.8822,12.7541],[74.8671,12.7614],[74.8678,12.7659],[74.8643,12.7709],[74.8641,12.7614],[74.8244,12.8491],[74.8075,12.9243],[74.8205,12.9296],[74.8176,12.9358],[74.8064,12.9295],[74.7163,13.3126],[74.7075,13.3347],[74.6935,13.3438],[74.7002,13.3445],[74.6911,13.455],[74.6954,13.4552],[74.6888,13.4643],[74.6685,13.6402],[74.6455,13.682],[74.6099,13.8656],[74.596,13.8832],[74.5867,13.9183],[74.5692,13.9468],[74.5492,13.9492],[74.5139,13.9869],[74.5013,14.0234],[74.4689,14.1887],[74.4639,14.2006],[74.4534,14.2003],[74.4416,14.2246],[74.4129,14.3173],[74.3976,14.4082],[74.3938,14.4187],[74.3811,14.4245],[74.3835,14.4396],[74.3637,14.4941],[74.3546,14.5026],[74.3599,14.511],[74.3547,14.5222],[74.3402,14.5147],[74.3102,14.5214],[74.3159,14.5266],[74.3108,14.5368],[74.3147,14.5458],[74.293,14.5966],[74.2704,14.627],[74.2816,14.6265],[74.2864,14.6343],[74.2786,14.6566],[74.2843,14.6636],[74.2756,14.6664],[74.2828,14.6754],[74.2723,14.7002],[74.2567,14.7076],[74.2649,14.7129],[74.2628,14.7199],[74.2493,14.7412],[74.2342,14.7485],[74.2261,14.7478],[74.2275,14.7381],[74.2038,14.7365],[74.2084,14.7177],[74.204,14.7193],[74.1771,14.7506],[74.1521,14.7471],[74.1577,14.76],[74.1423,14.7786],[74.1281,14.7806],[74.1194,14.7741],[74.1178,14.7866],[74.1102,14.7851],[74.1095,14.7926],[74.0927,14.8041],[74.1126,14.8052],[74.1133,14.7969],[74.1242,14.8051],[74.1251,14.838],[74.1119,14.8469],[74.0964,14.8975],[74.0858,14.901],[74.1016,14.9159],[74.1199,14.917],[74.1242,14.9254],[74.1621,14.9122],[74.1659,14.9187],[74.1541,14.9435],[74.1636,14.9585],[74.1794,14.9571],[74.2015,14.9258],[74.2136,14.9478],[74.2298,14.9506],[74.2367,14.9669],[74.2526,14.9592],[74.2643,14.9786],[74.2536,14.9982],[74.268,15.0021],[74.2832,15.0316],[74.2965,15.0413],[74.2726,15.0976],[74.2849,15.114],[74.2851,15.1491],[74.2956,15.1513],[74.3169,15.1863],[74.3016,15.2244],[74.2915,15.2339],[74.2595,15.2411],[74.2511,15.2589],[74.261,15.2603],[74.2763,15.2836],[74.2818,15.2805],[74.2943,15.2893],[74.3263,15.2838],[74.3364,15.295],[74.317,15.3292],[74.3218,15.3437],[74.3162,15.3631],[74.3232,15.3677],[74.2987,15.382],[74.283,15.383],[74.2759,15.3917],[74.2783,15.4058],[74.2688,15.4192],[74.2769,15.4353],[74.2754,15.4493],[74.2509,15.4917],[74.2552,15.5031],[74.2765,15.515],[74.2826,15.5315],[74.2631,15.564],[74.2452,15.5667],[74.2602,15.5927],[74.2643,15.6156],[74.2537,15.6268],[74.2441,15.6262],[74.2504,15.6573],[74.2363,15.6686],[74.2284,15.6645],[74.2238,15.669],[74.2151,15.6629],[74.2221,15.6557],[74.2051,15.6511],[74.204,15.6637],[74.1868,15.6675],[74.1908,15.679],[74.181,15.6822],[74.1674,15.6722],[74.1644,15.6536],[74.1355,15.6484],[74.1019,15.6585],[74.088,15.6723],[74.1088,15.6728],[74.1258,15.681],[74.1321,15.7025],[74.1221,15.7208],[74.151,15.7359],[74.1615,15.7514],[74.1895,15.7522],[74.2014,15.7587],[74.209,15.7813],[74.221,15.7861],[74.2335,15.7871],[74.2265,15.7627],[74.2402,15.7434],[74.2683,15.7548],[74.2873,15.742],[74.3079,15.7485],[74.3231,15.7727],[74.3457,15.7646],[74.3584,15.7749],[74.372,15.7983],[74.3699,15.8115],[74.3606,15.8178],[74.381,15.8354],[74.3831,15.8492],[74.3382,15.855],[74.3632,15.875],[74.3647,15.8939],[74.3686,15.8944],[74.3881,15.8543],[74.4062,15.8554],[74.4064,15.8645],[74.3928,15.8785],[74.3934,15.9001],[74.3869,15.905],[74.4308,15.9566],[74.4632,16.0392],[74.4565,16.0411],[74.463,16.0417],[74.4622,16.0499],[74.4297,16.0592],[74.3734,16.0365],[74.369,16.0393],[74.3773,16.0552],[74.3613,16.0539],[74.3722,16.0783],[74.3909,16.0805],[74.39,16.0895],[74.407,16.0936],[74.41,16.1022],[74.4276,16.112],[74.4587,16.1038],[74.4816,16.0889],[74.4912,16.1044],[74.4798,16.1472],[74.4884,16.1573],[74.4938,16.1865],[74.5062,16.1903],[74.508,16.2023],[74.4959,16.2144],[74.5031,16.2255],[74.4805,16.2502],[74.4686,16.2402],[74.4561,16.2439],[74.4548,16.2534],[74.4356,16.2512],[74.4358,16.2589],[74.4176,16.2581],[74.416,16.2802],[74.4105,16.2831],[74.3826,16.2774],[74.3806,16.262],[74.373,16.2617],[74.3548,16.2927],[74.343,16.2907],[74.3536,16.2831],[74.3505,16.2754],[74.3438,16.2781],[74.3384,16.2715],[74.3333,16.276],[74.3342,16.2689],[74.3249,16.2718],[74.3208,16.2845],[74.328,16.2933],[74.342,16.2912],[74.3426,16.2981],[74.3319,16.3053],[74.3332,16.3135],[74.3252,16.3137],[74.3287,16.3238],[74.3166,16.3266],[74.3225,16.3344],[74.3153,16.3401],[74.327,16.3426],[74.3176,16.3531],[74.3248,16.36],[74.3172,16.3811],[74.3248,16.3783],[74.3275,16.3916],[74.3359,16.3938],[74.3473,16.3684],[74.3534,16.3665],[74.3637,16.4051],[74.3351,16.4015],[74.3289,16.4191],[74.3367,16.4289],[74.3362,16.4457],[74.3297,16.4473],[74.3326,16.4548],[74.3125,16.4533],[74.2971,16.4646],[74.2893,16.463],[74.2909,16.505],[74.2797,16.5049],[74.2744,16.4857],[74.2608,16.4801],[74.2474,16.497],[74.278,16.5045],[74.2761,16.5214],[74.2698,16.5222],[74.2641,16.5399],[74.2706,16.548],[74.2811,16.5411],[74.2831,16.5246],[74.2916,16.5339],[74.3017,16.5291],[74.3061,16.5037],[74.3151,16.5046],[74.3157,16.5545],[74.3252,16.5563],[74.3397,16.5478],[74.3563,16.5598],[74.3579,16.5384],[74.3798,16.5286],[74.3872,16.5362],[74.3869,16.56],[74.3966,16.5833],[74.4222,16.5846],[74.4354,16.6011],[74.4667,16.6069],[74.4658,16.6248],[74.4548,16.6473],[74.4688,16.6639],[74.489,16.6302],[74.5445,16.6355],[74.5435,16.5954],[74.5588,16.5947],[74.5669,16.5854],[74.5549,16.5646],[74.5685,16.5539],[74.5846,16.5592],[74.5879,16.5662],[74.6095,16.5696],[74.6188,16.5841],[74.6286,16.5778],[74.6359,16.584],[74.6334,16.6004],[74.64,16.6105],[74.66,16.6029],[74.6738,16.6092],[74.687,16.6068],[74.6876,16.6179],[74.6535,16.6389],[74.6652,16.6657],[74.6795,16.6662],[74.679,16.6731],[74.6896,16.6771],[74.6808,16.6859],[74.6894,16.6865],[74.691,16.7156],[74.7321,16.7184],[74.772,16.7507],[74.7958,16.7478],[74.7988,16.7537],[74.8445,16.7619],[74.8498,16.7728],[74.8657,16.7634],[74.8694,16.7741],[74.9195,16.7725],[74.9108,16.7896],[74.9103,16.8352],[74.9015,16.8626],[74.9265,16.8636],[74.9256,16.8721],[74.9352,16.8711],[74.9359,16.8793],[74.9604,16.881],[74.9636,16.9098],[74.9554,16.9052],[74.9218,16.9299],[74.9232,16.9393],[74.9317,16.9448],[74.9646,16.9268],[74.9602,16.9373],[74.9675,16.9416],[74.9644,16.9477],[74.9929,16.9521],[75.0266,16.9442],[75.0252,16.928],[75.0445,16.9418],[75.0893,16.9516],[75.0963,16.9138],[75.1175,16.9135],[75.1203,16.9026],[75.1349,16.8947],[75.1365,16.8745],[75.1766,16.8677],[75.189,16.8753],[75.1819,16.8434],[75.2142,16.8417],[75.2276,16.8432],[75.2377,16.868],[75.2647,16.8628],[75.282,16.8803],[75.2899,16.9041],[75.2794,16.9234],[75.2796,16.9566],[75.3501,16.9579],[75.3921,16.9801],[75.4279,16.9665],[75.4416,16.9823],[75.4656,16.9884],[75.4662,16.9813],[75.4832,16.976],[75.4891,16.9445],[75.5097,16.9503],[75.5293,16.9694],[75.5677,16.9658],[75.5672,17.0091],[75.5731,17.0096],[75.6069,17.0046],[75.6079,16.971],[75.6339,16.9703],[75.6448,16.9541],[75.6703,16.9621],[75.6771,16.969],[75.6661,16.9798],[75.6697,17.0382],[75.65,17.0323],[75.641,17.0376],[75.6503,17.0573],[75.6767,17.0654],[75.6723,17.116],[75.6504,17.1157],[75.6495,17.1344],[75.6254,17.174],[75.6284,17.1887],[75.6399,17.1889],[75.6619,17.2146],[75.6577,17.2632],[75.6542,17.2738],[75.6279,17.2744],[75.6224,17.2951],[75.6037,17.3055],[75.6121,17.3252],[75.61,17.3451],[75.5809,17.3513],[75.5742,17.3833],[75.6061,17.3945],[75.6135,17.3919],[75.6066,17.4204],[75.6134,17.4248],[75.6216,17.4593],[75.633,17.4772],[75.6589,17.4581],[75.6759,17.456],[75.6835,17.417],[75.6907,17.4095],[75.7125,17.408],[75.7336,17.4201],[75.7659,17.4053],[75.772,17.3858],[75.793,17.3697],[75.8137,17.3728],[75.8215,17.4212],[75.8511,17.4106],[75.8609,17.3856],[75.8752,17.3981],[75.8765,17.4162],[75.8842,17.418],[75.8941,17.4012],[75.8906,17.3565],[75.9308,17.3226],[75.9687,17.3365],[75.9983,17.338],[76.0143,17.3536],[76.0605,17.3553],[76.0791,17.3316],[76.0875,17.3365],[76.0935,17.3494],[76.0894,17.3532],[76.0998,17.3647],[76.119,17.3705],[76.1626,17.3452],[76.1651,17.3034],[76.1763,17.3008],[76.1833,17.3195],[76.1766,17.3246],[76.1703,17.3526],[76.1964,17.3637],[76.2295,17.3652],[76.2285,17.3759],[76.2421,17.3789],[76.2507,17.3605],[76.272,17.3606],[76.2764,17.3346],[76.3177,17.3324],[76.3144,17.3484],[76.3453,17.3545],[76.354,17.3143],[76.3832,17.3145],[76.3966,17.3471],[76.4122,17.3511],[76.4091,17.3714],[76.3634,17.3777],[76.3715,17.4364],[76.3333,17.4339],[76.3307,17.4702],[76.3504,17.4742],[76.3755,17.4902],[76.3747,17.4957],[76.3458,17.4925],[76.3466,17.5126],[76.3672,17.5195],[76.3628,17.5374],[76.3407,17.5425],[76.3313,17.5974],[76.35,17.5941],[76.4197,17.6037],[76.4292,17.645],[76.445,17.641],[76.4418,17.6493],[76.4545,17.6498],[76.4529,17.6558],[76.4898,17.6605],[76.4845,17.6785],[76.4872,17.7148],[76.5239,17.7152],[76.5233,17.7598],[76.5613,17.7646],[76.5727,17.7605],[76.564,17.7508],[76.5703,17.7054],[76.582,17.7057],[76.6004,17.7257],[76.6053,17.7587],[76.6153,17.7704],[76.6319,17.7547],[76.6333,17.7282],[76.6556,17.7179],[76.6642,17.6876],[76.6749,17.69],[76.6909,17.681],[76.6926,17.7067],[76.7037,17.7156],[76.6997,17.7273],[76.7283,17.7376],[76.7248,17.7511],[76.7188,17.7515],[76.7211,17.7695],[76.7119,17.7733],[76.7141,17.781],[76.721,17.7881],[76.7407,17.7795],[76.7621,17.787],[76.7665,17.7985],[76.7787,17.8005],[76.7904,17.8263],[76.7675,17.8521],[76.7385,17.8567],[76.74,17.8997],[76.7682,17.9012],[76.7751,17.8777],[76.8067,17.8706],[76.8102,17.8871],[76.8312,17.8856],[76.8319,17.8953],[76.8397,17.8994],[76.8843,17.8943],[76.884,17.899],[76.8942,17.8998],[76.9013,17.9173],[76.919,17.916],[76.9137,17.9932],[76.9067,17.9966],[76.9057,18.0097],[76.9143,18.0354],[76.9523,18.0402],[76.9449,18.0484],[76.9516,18.0611],[76.9452,18.0832],[76.963,18.0896],[76.9664,18.0982],[76.9543,18.1106],[76.9205,18.1182],[76.9203,18.1251],[76.9318,18.1335],[76.924,18.1466],[76.9315,18.1597],[76.9424,18.1564],[76.952,18.1881],[76.9906,18.19],[77.0011,18.1609],[77.0233,18.1585],[77.0231,18.1757],[77.0332,18.182],[77.052,18.1732],[77.0532,18.1595],[77.064,18.1507],[77.1116,18.1558],[77.1164,18.171],[77.0976,18.1967],[77.1402,18.2077],[77.1427,18.217],[77.1515,18.217],[77.1487,18.239],[77.1592,18.2558],[77.1698,18.2609],[77.1748,18.2849],[77.1882,18.2847],[77.1975,18.2766],[77.213,18.2803],[77.1987,18.3155],[77.2017,18.3222],[77.2118,18.3163],[77.2191,18.3257],[77.2296,18.3482],[77.2201,18.3493],[77.2259,18.3652],[77.2464,18.3708],[77.2484,18.3761],[77.2337,18.3882],[77.2418,18.4126],[77.2594,18.4133],[77.2791,18.4298],[77.3169,18.4423],[77.3199,18.458],[77.3323,18.4509]]],[[[74.2927,15.831],[74.314,15.7992],[74.3025,15.7878],[74.2943,15.796],[74.2902,15.7874],[74.2676,15.7969],[74.2692,15.8176],[74.2637,15.8288],[74.2927,15.831]]]]}},{"type":"Feature","properties":{"name":"Kerala"},"geometry":{"type":"Polygon","coordinates":[[[74.989,12.7955],[74.9982,12.786],[75.005,12.7904],[75.0094,12.7676],[74.9824,12.7384],[75.0111,12.728],[75.0001,12.7208],[75.001,12.7155],[75.0152,12.7134],[75.0187,12.7202],[75.0338,12.7226],[75.0502,12.7194],[75.0547,12.6947],[75.043,12.6939],[75.0396,12.6866],[75.0465,12.6667],[75.0575,12.6651],[75.0598,12.6709],[75.0692,12.6639],[75.0852,12.6739],[75.0801,12.7003],[75.0851,12.7053],[75.1054,12.6981],[75.1153,12.6828],[75.1116,12.6808],[75.133,12.6746],[75.1524,12.6822],[75.15,12.6739],[75.1604,12.6716],[75.1499,12.6513],[75.1376,12.6447],[75.161,12.621],[75.1821,12.6317],[75.2017,12.629],[75.1984,12.6133],[75.2091,12.6015],[75.2002,12.589],[75.2086,12.5923],[75.2202,12.5682],[75.2374,12.5684],[75.2387,12.5799],[75.2495,12.5837],[75.2653,12.6048],[75.2663,12.6159],[75.2754,12.6198],[75.2887,12.6117],[75.2907,12.6032],[75.301,12.6067],[75.3112,12.591],[75.3261,12.5937],[75.3255,12.5827],[75.3145,12.5738],[75.2896,12.5839],[75.2838,12.5708],[75.272,12.5702],[75.2697,12.5496],[75.28,12.5242],[75.303,12.5226],[75.3041,12.5033],[75.3145,12.4975],[75.3321,12.4996],[75.3406,12.4704],[75.3362,12.4642],[75.36,12.465],[75.3721,12.4769],[75.3677,12.4918],[75.3819,12.5021],[75.4157,12.5005],[75.4232,12.4668],[75.3933,12.4514],[75.3862,12.4583],[75.3656,12.4568],[75.3714,12.4378],[75.3658,12.412],[75.3724,12.4002],[75.4218,12.3727],[75.4196,12.357],[75.4103,12.3473],[75.4202,12.319],[75.4321,12.3091],[75.414,12.2896],[75.4256,12.2868],[75.4357,12.2946],[75.4652,12.2894],[75.4748,12.2961],[75.4849,12.29],[75.4938,12.2728],[75.5053,12.2708],[75.5267,12.225],[75.5397,12.2156],[75.5325,12.2005],[75.5398,12.2017],[75.5525,12.1918],[75.5769,12.1569],[75.583,12.1583],[75.5924,12.147],[75.5951,12.1534],[75.6194,12.1557],[75.6358,12.1484],[75.6488,12.1086],[75.6616,12.0985],[75.6767,12.0974],[75.6871,12.1103],[75.7032,12.1082],[75.702,12.0923],[75.7178,12.0856],[75.7146,12.0705],[75.747,12.0782],[75.7535,12.0854],[75.8026,12.0795],[75.794,12.0558],[75.801,12.037],[75.8228,12.0129],[75.8203,12.0027],[75.8248,12.0027],[75.8294,11.9846],[75.8468,11.9821],[75.8541,11.9637],[75.87,11.952],[76.0031,11.9314],[76.0132,11.9418],[76.0334,11.9402],[76.07,11.9671],[76.0896,11.9674],[76.1124,11.9788],[76.1127,11.8585],[76.1199,11.8504],[76.1559,11.8702],[76.1903,11.8713],[76.2074,11.8616],[76.2128,11.842],[76.2097,11.8274],[76.2236,11.8082],[76.2455,11.803],[76.2801,11.8124],[76.2883,11.7951],[76.3077,11.7848],[76.3183,11.7513],[76.3396,11.739],[76.3524,11.7383],[76.3627,11.7484],[76.3769,11.7446],[76.4139,11.7601],[76.4104,11.7421],[76.4181,11.7426],[76.4273,11.726],[76.4034,11.7078],[76.4088,11.7064],[76.4158,11.6728],[76.4281,11.67],[76.4433,11.6437],[76.4318,11.631],[76.4065,11.6343],[76.388,11.6297],[76.3779,11.6019],[76.3412,11.5873],[76.3358,11.5958],[76.3023,11.5713],[76.2959,11.5902],[76.286,11.5902],[76.2789,11.6008],[76.2343,11.5713],[76.2514,11.5369],[76.2502,11.527],[76.2397,11.5267],[76.2513,11.5024],[76.2471,11.4679],[76.2646,11.4813],[76.2734,11.4771],[76.2843,11.483],[76.2945,11.4741],[76.2948,11.4658],[76.3051,11.4678],[76.3259,11.454],[76.3421,11.4676],[76.3978,11.4363],[76.4186,11.4418],[76.4155,11.4232],[76.4603,11.3888],[76.5176,11.3716],[76.5081,11.3542],[76.5478,11.3589],[76.5499,11.331],[76.5372,11.3141],[76.5456,11.3003],[76.5267,11.2886],[76.5216,11.2706],[76.453,11.2394],[76.4489,11.2055],[76.4385,11.199],[76.4515,11.1994],[76.4583,11.1877],[76.4734,11.195],[76.4723,11.2088],[76.4957,11.2114],[76.5093,11.2082],[76.5156,11.1946],[76.5338,11.1856],[76.6008,11.1975],[76.6288,11.1942],[76.6763,11.2202],[76.6842,11.2338],[76.7057,11.2404],[76.7345,11.218],[76.7268,11.2074],[76.7285,11.1914],[76.6979,11.1742],[76.7001,11.1536],[76.7062,11.1416],[76.712,11.1423],[76.712,11.1509],[76.7188,11.1494],[76.7313,11.1317],[76.748,11.1354],[76.7498,11.1191],[76.7433,11.1025],[76.7545,11.079],[76.7438,11.0731],[76.7464,11.0567],[76.778,11.0421],[76.8007,11.0539],[76.7917,11.0374],[76.7665,11.0291],[76.7181,11.0409],[76.6996,11.0266],[76.6859,10.9892],[76.6667,10.9684],[76.6646,10.9435],[76.6557,10.939],[76.659,10.9305],[76.6951,10.9103],[76.7148,10.9086],[76.7407,10.891],[76.7524,10.8957],[76.7679,10.8877],[76.7814,10.8911],[76.7918,10.8818],[76.8283,10.8726],[76.8319,10.8608],[76.8538,10.8396],[76.8451,10.8268],[76.8482,10.8195],[76.864,10.8179],[76.8701,10.809],[76.9007,10.808],[76.9072,10.7833],[76.9036,10.7618],[76.8881,10.7317],[76.8921,10.7184],[76.8821,10.7167],[76.8674,10.6942],[76.867,10.6791],[76.8781,10.6743],[76.882,10.6389],[76.8595,10.6316],[76.8142,10.635],[76.81,10.6238],[76.8174,10.6027],[76.8385,10.5963],[76.8352,10.5445],[76.843,10.5366],[76.8302,10.4972],[76.8279,10.4497],[76.816,10.4229],[76.8242,10.4095],[76.8332,10.4073],[76.8232,10.3945],[76.8485,10.3673],[76.836,10.3454],[76.8298,10.3031],[76.8402,10.299],[76.8485,10.2845],[76.8731,10.2975],[76.8732,10.2756],[76.8973,10.2614],[76.9025,10.2395],[76.9118,10.2342],[76.9218,10.2315],[76.9395,10.2381],[76.9835,10.2196],[77.015,10.2455],[77.0484,10.2594],[77.0528,10.2722],[77.0435,10.284],[77.0631,10.2916],[77.0914,10.315],[77.0956,10.3087],[77.1019,10.3155],[77.1201,10.318],[77.1759,10.3585],[77.2352,10.3528],[77.2273,10.3165],[77.2635,10.2638],[77.2572,10.2594],[77.259,10.2304],[77.2809,10.2367],[77.2952,10.2185],[77.2829,10.2085],[77.2834,10.1976],[77.2745,10.1849],[77.2748,10.1312],[77.2676,10.1221],[77.2385,10.1308],[77.2163,10.1164],[77.2074,10.1191],[77.2011,10.1071],[77.204,10.0884],[77.2315,10.0668],[77.2638,10.0292],[77.2547,10.0124],[77.2648,10.0042],[77.261,9.9917],[77.2667,9.9903],[77.2727,9.9642],[77.2609,9.9525],[77.2466,9.9519],[77.2301,9.913],[77.2183,9.9048],[77.2208,9.885],[77.2125,9.8774],[77.2213,9.8637],[77.2363,9.8601],[77.2372,9.8519],[77.223,9.8454],[77.2275,9.8386],[77.2218,9.823],[77.2412,9.8161],[77.2467,9.7984],[77.2227,9.7883],[77.2324,9.7691],[77.2201,9.745],[77.2238,9.7304],[77.2034,9.7221],[77.2066,9.6946],[77.181,9.6592],[77.1761,9.6295],[77.1657,9.6129],[77.1885,9.6061],[77.198,9.6144],[77.2088,9.6135],[77.2097,9.605],[77.2342,9.5816],[77.2529,9.583],[77.2696,9.5728],[77.3037,9.5988],[77.3177,9.6025],[77.3298,9.599],[77.3252,9.58],[77.3393,9.5733],[77.3544,9.6041],[77.361,9.6023],[77.366,9.596],[77.3573,9.5944],[77.3597,9.5774],[77.3501,9.5671],[77.3649,9.5527],[77.3654,9.5351],[77.385,9.5192],[77.4004,9.5274],[77.4003,9.5179],[77.4122,9.509],[77.3991,9.4964],[77.4019,9.4776],[77.3914,9.4688],[77.3925,9.4594],[77.377,9.4528],[77.3658,9.4601],[77.3492,9.4411],[77.3364,9.4123],[77.3437,9.4021],[77.3251,9.3371],[77.2999,9.3367],[77.2994,9.3109],[77.2829,9.3013],[77.2884,9.2742],[77.2826,9.2732],[77.2752,9.2348],[77.2821,9.2168],[77.2706,9.2008],[77.2562,9.1993],[77.2524,9.1895],[77.2642,9.1861],[77.2677,9.1533],[77.2468,9.1238],[77.228,9.1161],[77.226,9.1074],[77.212,9.0998],[77.1971,9.0465],[77.1669,9.0448],[77.1609,9.0291],[77.1469,9.0213],[77.1615,8.9951],[77.1734,8.9912],[77.178,8.9691],[77.1854,8.9702],[77.1961,8.9546],[77.1926,8.9262],[77.2029,8.923],[77.2103,8.9319],[77.2212,8.9274],[77.2211,8.904],[77.2384,8.8978],[77.2375,8.8857],[77.2583,8.8749],[77.2639,8.842],[77.2422,8.8093],[77.2319,8.8071],[77.2296,8.7846],[77.213,8.7785],[77.2174,8.7676],[77.1968,8.7682],[77.1982,8.7535],[77.191,8.7415],[77.1724,8.7495],[77.1699,8.7418],[77.2067,8.6844],[77.2008,8.6689],[77.2141,8.6492],[77.2292,8.6398],[77.2345,8.6269],[77.2514,8.6202],[77.2519,8.6082],[77.2463,8.6035],[77.2663,8.5852],[77.2837,8.5467],[77.2615,8.5062],[77.2386,8.4959],[77.2293,8.5081],[77.2134,8.5119],[77.2012,8.5009],[77.2103,8.4918],[77.2129,8.4703],[77.2251,8.4595],[77.2269,8.4466],[77.2059,8.4439],[77.1959,8.4288],[77.1968,8.4195],[77.1676,8.3836],[77.1605,8.3893],[77.1506,8.3844],[77.1593,8.3811],[77.1607,8.3735],[77.1523,8.355],[77.1675,8.3633],[77.1738,8.3584],[77.175,8.3499],[77.1665,8.3424],[77.1805,8.324],[77.1755,8.3199],[77.1684,8.3324],[77.1532,8.3268],[77.1481,8.3316],[77.1189,8.3208],[77.1223,8.3088],[77.1029,8.3063],[77.0976,8.2935],[77.022,8.3566],[77.0054,8.3619],[76.9973,8.38],[76.9893,8.3769],[76.9817,8.3819],[76.9722,8.3936],[76.9699,8.4144],[76.8834,8.5112],[76.6712,8.7822],[76.6707,8.7919],[76.6545,8.8041],[76.6022,8.8693],[76.5776,8.8859],[76.5659,8.8836],[76.5485,8.8996],[76.5226,8.9974],[76.4856,9.0861],[76.4888,9.0902],[76.4765,9.1172],[76.4817,9.1242],[76.4636,9.1334],[76.3575,9.364],[76.3239,9.4605],[76.3026,9.574],[76.2769,9.8087],[76.233,9.9911],[76.2195,10.0035],[76.2057,10.0401],[76.1785,10.1446],[76.165,10.1744],[76.169,10.1845],[76.154,10.2008],[76.1389,10.2343],[76.1385,10.2592],[76.0939,10.3936],[76.0614,10.4665],[76.0319,10.5081],[76.0097,10.5734],[75.9553,10.6843],[75.9608,10.6875],[75.9535,10.6877],[75.9237,10.7667],[75.9007,10.8039],[75.8512,11.055],[75.8299,11.127],[75.7968,11.1805],[75.7664,11.2715],[75.7385,11.3293],[75.7386,11.3585],[75.6876,11.44],[75.661,11.4597],[75.6322,11.4634],[75.6198,11.4787],[75.5578,11.6517],[75.534,11.6985],[75.5103,11.7297],[75.4803,11.753],[75.4727,11.7698],[75.4572,11.7672],[75.4565,11.7815],[75.387,11.8591],[75.3763,11.861],[75.3649,11.8525],[75.3569,11.8558],[75.3485,11.8766],[75.3199,11.9004],[75.323,11.9096],[75.308,11.9405],[75.3154,11.9438],[75.3154,11.9532],[75.3088,11.9659],[75.2975,11.966],[75.2874,11.9865],[75.3006,11.954],[75.2834,11.9641],[75.2425,12.0223],[75.2294,12.0238],[75.208,12.0039],[75.203,12.0054],[75.0582,12.3522],[75.0415,12.3884],[75.0313,12.3916],[75.0147,12.4179],[74.9735,12.5012],[74.8667,12.7501],[74.8694,12.7607],[74.8822,12.7541],[74.9329,12.7806],[74.9581,12.7847],[74.9668,12.7764],[74.9819,12.7797],[74.992,12.7883],[74.989,12.7955]]]}},{"type":"Feature","properties":{"name":"Madhya Pradesh"},"geometry":{"type":"Polygon","coordinates":[[[78.3721,26.8641],[78.3952,26.8171],[78.4335,26.8257],[78.4607,26.7876],[78.521,26.7806],[78.5445,26.7639],[78.5646,26.7616],[78.5762,26.7488],[78.6083,26.7497],[78.63,26.7732],[78.6729,26.7645],[78.6835,26.7883],[78.7256,26.7959],[78.73,26.7751],[78.7517,26.7869],[78.7719,26.7701],[78.8159,26.7624],[78.8717,26.6981],[78.8932,26.6975],[78.9097,26.707],[78.9556,26.6918],[78.9575,26.6828],[78.9426,26.6641],[78.9455,26.6548],[78.9799,26.6758],[79.0048,26.6733],[79.0088,26.6649],[78.9936,26.641],[79.0084,26.6238],[79.0165,26.6007],[78.9891,26.5956],[78.9901,26.578],[79.0002,26.5784],[79.0072,26.5655],[79.0144,26.5507],[79.0077,26.5439],[79.0189,26.541],[79.0283,26.5467],[79.0266,26.5357],[79.0398,26.5299],[79.0397,26.5151],[79.0486,26.518],[79.0449,26.5103],[79.0563,26.4951],[79.0681,26.4966],[79.0717,26.4789],[79.0526,26.4537],[79.062,26.4538],[79.0699,26.4419],[79.0872,26.4463],[79.0952,26.4424],[79.0997,26.4526],[79.1352,26.4401],[79.1243,26.4226],[79.126,26.4113],[79.1047,26.4064],[79.0952,26.4126],[79.089,26.3965],[79.0964,26.3724],[79.0842,26.3593],[79.1388,26.3375],[79.1326,26.3353],[79.135,26.3248],[79.1274,26.3219],[79.1252,26.3271],[79.1155,26.3205],[79.1249,26.3116],[79.1174,26.2989],[79.1019,26.3068],[79.0899,26.2878],[79.0965,26.2785],[79.0907,26.2701],[79.077,26.2807],[79.0647,26.2771],[79.0557,26.2589],[79.0456,26.2603],[79.0543,26.2503],[79.0697,26.2457],[79.0624,26.2365],[79.0634,26.2259],[79.0349,26.2253],[79.0307,26.2393],[79.0194,26.2476],[78.9917,26.239],[78.9966,26.228],[79.0258,26.2201],[79.0278,26.2033],[79.0201,26.1982],[79.0265,26.1913],[78.9937,26.1969],[78.983,26.1843],[79.0045,26.1692],[79.0049,26.1481],[78.967,26.1501],[78.9629,26.1365],[78.9489,26.1287],[78.9769,26.116],[78.9756,26.1052],[78.9936,26.0937],[79.0087,26.0932],[79.0119,26.0827],[79.0028,26.0666],[78.9907,26.0688],[78.9862,26.0537],[78.9802,26.0481],[78.9734,26.0507],[78.974,26.0448],[78.9483,26.0278],[78.9535,26.0152],[78.9445,26.0063],[78.9568,25.9965],[78.9483,25.9932],[78.9532,25.9891],[78.9435,25.9789],[78.9332,25.9793],[78.9376,25.9645],[78.9305,25.9589],[78.939,25.9427],[78.9267,25.9468],[78.9083,25.9345],[78.8986,25.9179],[78.8846,25.9139],[78.895,25.8951],[78.887,25.8832],[78.8901,25.8745],[78.8873,25.8686],[78.8765,25.8759],[78.8646,25.8716],[78.8524,25.8565],[78.8506,25.8112],[78.8437,25.8234],[78.8182,25.8291],[78.8055,25.8136],[78.8141,25.8071],[78.8197,25.816],[78.828,25.8144],[78.8328,25.8096],[78.8287,25.7956],[78.8083,25.8009],[78.7829,25.7582],[78.7741,25.7595],[78.7704,25.7489],[78.7588,25.7545],[78.7529,25.7509],[78.7633,25.7199],[78.7999,25.7051],[78.7956,25.6967],[78.8167,25.6763],[78.8199,25.6486],[78.8118,25.6208],[78.7939,25.6124],[78.7662,25.6102],[78.7422,25.597],[78.7318,25.6063],[78.7173,25.6053],[78.6951,25.5878],[78.6789,25.5853],[78.6583,25.5599],[78.6242,25.5674],[78.6308,25.5789],[78.6181,25.5837],[78.6108,25.578],[78.6117,25.5699],[78.5979,25.5705],[78.5877,25.5566],[78.5692,25.5646],[78.5606,25.5591],[78.5447,25.5616],[78.5327,25.5717],[78.5241,25.5669],[78.4933,25.5787],[78.4669,25.5593],[78.4647,25.5455],[78.451,25.5518],[78.4494,25.5633],[78.4436,25.5632],[78.4194,25.5328],[78.4191,25.5181],[78.4288,25.5116],[78.4188,25.509],[78.4168,25.5018],[78.4287,25.4879],[78.4313,25.4736],[78.4165,25.4765],[78.4003,25.4636],[78.395,25.4442],[78.3777,25.4368],[78.3545,25.452],[78.3389,25.431],[78.3405,25.3995],[78.3168,25.3787],[78.3053,25.3768],[78.3008,25.3599],[78.3276,25.3526],[78.3375,25.3303],[78.3438,25.3285],[78.3117,25.3033],[78.334,25.2924],[78.3546,25.2923],[78.3501,25.2773],[78.3725,25.2599],[78.3598,25.2422],[78.3785,25.2387],[78.3821,25.2226],[78.4109,25.2127],[78.3913,25.2012],[78.3953,25.1879],[78.4166,25.1835],[78.4234,25.1693],[78.4516,25.1689],[78.4583,25.1637],[78.4479,25.1527],[78.4273,25.154],[78.4274,25.1459],[78.4479,25.1281],[78.4468,25.1218],[78.4068,25.1289],[78.3834,25.1017],[78.3386,25.0866],[78.3355,25.0666],[78.3474,25.0215],[78.334,24.9949],[78.3186,24.9908],[78.2946,24.9631],[78.2238,24.9153],[78.2106,24.8948],[78.1735,24.879],[78.169,24.8626],[78.1733,24.8467],[78.1976,24.8398],[78.2167,24.8086],[78.2357,24.7717],[78.2261,24.7469],[78.2575,24.7042],[78.2767,24.663],[78.2627,24.646],[78.2653,24.6314],[78.278,24.6148],[78.2645,24.5522],[78.2294,24.5375],[78.2258,24.5201],[78.246,24.5095],[78.2459,24.4861],[78.275,24.4739],[78.2642,24.4557],[78.2697,24.4469],[78.3219,24.4088],[78.3407,24.4021],[78.3489,24.3874],[78.3658,24.386],[78.3697,24.3749],[78.3579,24.3676],[78.3291,24.3271],[78.3437,24.3173],[78.3479,24.2995],[78.3793,24.283],[78.3895,24.2627],[78.4,24.272],[78.4136,24.2727],[78.4186,24.2851],[78.4311,24.284],[78.4401,24.2962],[78.4376,24.3086],[78.4439,24.3193],[78.478,24.339],[78.4744,24.3563],[78.4936,24.3814],[78.502,24.3903],[78.5186,24.3878],[78.5298,24.3789],[78.5299,24.3681],[78.5732,24.351],[78.5861,24.3537],[78.5843,24.3463],[78.596,24.3353],[78.6036,24.3145],[78.6285,24.3038],[78.62,24.2929],[78.6257,24.2806],[78.6385,24.2852],[78.6602,24.2674],[78.6686,24.24],[78.7031,24.2269],[78.7087,24.2343],[78.7256,24.2364],[78.7343,24.2525],[78.7413,24.2473],[78.7404,24.235],[78.7486,24.233],[78.7597,24.2442],[78.7619,24.2595],[78.7682,24.2519],[78.7674,24.2202],[78.7811,24.206],[78.7855,24.1835],[78.7894,24.1771],[78.8064,24.1784],[78.8142,24.1848],[78.8151,24.207],[78.8265,24.1954],[78.8471,24.2139],[78.8604,24.2092],[78.8823,24.2175],[78.888,24.227],[78.8846,24.2505],[78.9167,24.269],[78.9187,24.283],[78.9096,24.298],[78.9412,24.3153],[78.9715,24.3476],[78.9698,24.3691],[78.9936,24.4227],[78.9858,24.4417],[78.9474,24.4366],[78.9399,24.4534],[78.9142,24.4596],[78.9122,24.4734],[78.9206,24.4997],[78.9371,24.491],[78.9272,24.4821],[78.9377,24.4788],[78.9635,24.4835],[78.9715,24.4942],[78.9472,24.5024],[78.9514,24.5187],[78.9437,24.5345],[78.9532,24.5469],[78.9201,24.5748],[78.9126,24.6002],[78.9006,24.6072],[78.8962,24.6257],[78.8832,24.6413],[78.868,24.64],[78.8598,24.6176],[78.8525,24.6247],[78.8433,24.6233],[78.8346,24.6046],[78.8032,24.6035],[78.799,24.5944],[78.7838,24.5886],[78.752,24.6002],[78.752,24.6424],[78.7439,24.6541],[78.7468,24.6627],[78.7611,24.6702],[78.7636,24.6903],[78.7712,24.6914],[78.781,24.7061],[78.7733,24.7312],[78.7766,24.7518],[78.77,24.7581],[78.7704,24.7884],[78.787,24.8013],[78.7898,24.811],[78.7759,24.8307],[78.77,24.859],[78.7539,24.8688],[78.7468,24.8652],[78.7222,24.8817],[78.7109,24.8797],[78.6967,24.8932],[78.6766,24.8986],[78.6672,24.9138],[78.6634,24.9384],[78.6519,24.9384],[78.6522,24.948],[78.6317,24.9577],[78.644,24.9843],[78.6526,25.0506],[78.6281,25.0862],[78.6022,25.0949],[78.6031,25.1469],[78.5705,25.2052],[78.5702,25.2239],[78.5558,25.2092],[78.578,25.2533],[78.5569,25.266],[78.5346,25.2681],[78.5317,25.284],[78.5125,25.2767],[78.5034,25.2896],[78.4505,25.2621],[78.435,25.2842],[78.4403,25.2955],[78.4538,25.3013],[78.4729,25.2855],[78.4983,25.3201],[78.5043,25.3204],[78.5033,25.3015],[78.5104,25.2954],[78.533,25.3009],[78.5349,25.3109],[78.5531,25.3197],[78.5399,25.3279],[78.542,25.345],[78.5296,25.3534],[78.5364,25.3595],[78.5524,25.356],[78.5622,25.3409],[78.585,25.3468],[78.5872,25.3726],[78.5778,25.3817],[78.5619,25.3784],[78.5665,25.3908],[78.5914,25.3859],[78.6106,25.416],[78.6231,25.4134],[78.6253,25.4017],[78.6352,25.4007],[78.6452,25.415],[78.6411,25.4333],[78.6582,25.441],[78.6821,25.4335],[78.6891,25.4457],[78.7115,25.4281],[78.6745,25.3998],[78.6657,25.4154],[78.6585,25.4088],[78.6648,25.3933],[78.6601,25.384],[78.6947,25.3738],[78.6998,25.3819],[78.7052,25.3733],[78.7147,25.373],[78.7095,25.3513],[78.7267,25.3434],[78.7316,25.3487],[78.7528,25.3459],[78.7548,25.3515],[78.7746,25.353],[78.7659,25.3692],[78.7737,25.3761],[78.7569,25.3854],[78.768,25.4],[78.7484,25.3916],[78.7483,25.4098],[78.7749,25.4199],[78.7825,25.4157],[78.7958,25.4164],[78.7991,25.4229],[78.8214,25.4225],[78.803,25.4371],[78.7851,25.4358],[78.7707,25.4228],[78.7624,25.4269],[78.7523,25.4468],[78.7378,25.4494],[78.7321,25.4576],[78.7353,25.4914],[78.7449,25.4994],[78.7476,25.4843],[78.7679,25.4694],[78.7763,25.4784],[78.7967,25.4828],[78.8187,25.471],[78.8092,25.4535],[78.8206,25.4678],[78.8409,25.4615],[78.8352,25.4548],[78.8549,25.4476],[78.8207,25.4387],[78.828,25.4282],[78.8466,25.4287],[78.8564,25.4468],[78.8607,25.445],[78.8662,25.4657],[78.8544,25.49],[78.8401,25.4933],[78.8423,25.499],[78.8334,25.5026],[78.8415,25.5125],[78.8844,25.5156],[78.8864,25.5324],[78.8743,25.541],[78.881,25.553],[78.8934,25.5553],[78.9169,25.5525],[78.9222,25.5361],[78.9365,25.5568],[78.9518,25.5488],[78.9469,25.5295],[78.9364,25.5198],[78.9271,25.5248],[78.9199,25.5158],[78.9422,25.4925],[78.9266,25.4904],[78.9439,25.4829],[78.9378,25.4651],[78.924,25.4595],[78.9089,25.4424],[78.9383,25.4222],[78.9509,25.4406],[78.9672,25.4344],[78.9763,25.42],[78.9684,25.4046],[78.9738,25.3979],[78.9699,25.3901],[78.9875,25.3813],[78.9893,25.374],[78.9752,25.3661],[78.9592,25.3715],[78.9387,25.347],[78.9232,25.3588],[78.9013,25.3616],[78.8964,25.3741],[78.9159,25.3814],[78.9383,25.3748],[78.9575,25.3937],[78.9531,25.4001],[78.9178,25.3962],[78.9138,25.3843],[78.8802,25.3859],[78.8457,25.3556],[78.841,25.345],[78.8499,25.3349],[78.8462,25.327],[78.8472,25.3368],[78.8426,25.3366],[78.8193,25.3069],[78.7984,25.3139],[78.7923,25.3081],[78.7878,25.296],[78.7977,25.2892],[78.8172,25.3067],[78.8286,25.3027],[78.8184,25.299],[78.8181,25.2831],[78.8095,25.2705],[78.8327,25.2525],[78.8428,25.2277],[78.8497,25.2288],[78.8666,25.2804],[78.875,25.2784],[78.8799,25.2858],[78.8718,25.2995],[78.8744,25.3087],[78.8627,25.3145],[78.8676,25.3256],[78.8813,25.3249],[78.882,25.3436],[78.9118,25.3326],[78.9225,25.3429],[78.9322,25.3359],[78.9279,25.3241],[78.9463,25.3339],[78.9477,25.3421],[78.9606,25.3451],[78.9574,25.3022],[78.9799,25.279],[78.9555,25.2828],[78.9487,25.2742],[78.9546,25.2614],[78.9451,25.2594],[78.917,25.2736],[78.8998,25.2431],[78.8798,25.2526],[78.8695,25.2307],[78.8906,25.2144],[78.8706,25.187],[78.8819,25.1569],[78.903,25.1704],[78.9252,25.2045],[78.9343,25.2119],[78.9516,25.2128],[78.9538,25.219],[78.9631,25.2111],[78.9703,25.2164],[78.9928,25.1969],[79.0059,25.195],[79.0012,25.2337],[78.9829,25.2343],[78.9846,25.2396],[78.9748,25.2405],[78.9944,25.2732],[79.0132,25.274],[79.0256,25.2612],[79.0179,25.2495],[79.0222,25.2413],[79.0399,25.2429],[79.0335,25.2341],[79.0636,25.222],[79.0596,25.1907],[79.052,25.1877],[79.0485,25.1937],[79.0523,25.2077],[79.0309,25.1849],[79.04,25.1712],[79.0318,25.1643],[79.0368,25.1616],[79.031,25.1384],[79.0508,25.1343],[79.0678,25.1496],[79.0714,25.1705],[79.0906,25.1911],[79.0958,25.175],[79.1259,25.1613],[79.116,25.1399],[79.1321,25.1274],[79.124,25.111],[79.1402,25.1089],[79.1439,25.1151],[79.1742,25.1086],[79.1779,25.1156],[79.186,25.1149],[79.1873,25.1264],[79.1746,25.1282],[79.1766,25.1413],[79.1922,25.1462],[79.2043,25.1399],[79.2038,25.1256],[79.2136,25.1207],[79.215,25.1114],[79.2274,25.1218],[79.2449,25.1137],[79.2466,25.1352],[79.2605,25.1532],[79.2689,25.1384],[79.26,25.1252],[79.283,25.1173],[79.2863,25.1312],[79.307,25.1293],[79.3153,25.1471],[79.3232,25.1498],[79.3044,25.1781],[79.3102,25.1821],[79.3085,25.1982],[79.3015,25.2014],[79.2922,25.1842],[79.2847,25.1911],[79.2862,25.2264],[79.2794,25.2447],[79.2995,25.2397],[79.3105,25.223],[79.3287,25.2213],[79.3283,25.2098],[79.3385,25.198],[79.3521,25.2122],[79.333,25.228],[79.3439,25.2273],[79.3474,25.2667],[79.3352,25.2697],[79.3285,25.2569],[79.3165,25.256],[79.2938,25.2836],[79.2826,25.2621],[79.2735,25.2606],[79.263,25.2722],[79.2705,25.3097],[79.279,25.324],[79.2957,25.3236],[79.2998,25.3377],[79.3522,25.3298],[79.3413,25.3189],[79.3397,25.3112],[79.3466,25.3051],[79.3361,25.2881],[79.3583,25.2842],[79.3553,25.2659],[79.3629,25.2617],[79.3699,25.26],[79.3739,25.2725],[79.3673,25.2811],[79.3686,25.2924],[79.4076,25.2739],[79.4087,25.2561],[79.4367,25.2547],[79.4629,25.2716],[79.4586,25.2798],[79.4672,25.2833],[79.4793,25.2784],[79.4819,25.2686],[79.4945,25.2669],[79.4931,25.2621],[79.4625,25.2647],[79.4571,25.2486],[79.447,25.2445],[79.4328,25.2206],[79.449,25.2149],[79.4404,25.1989],[79.4122,25.2003],[79.4118,25.1826],[79.3903,25.1701],[79.384,25.1428],[79.3908,25.1412],[79.3877,25.1303],[79.3962,25.1284],[79.3933,25.1172],[79.4053,25.1062],[79.4263,25.119],[79.4402,25.1014],[79.4772,25.1275],[79.4651,25.088],[79.4915,25.0796],[79.5054,25.0954],[79.525,25.0974],[79.518,25.1268],[79.5332,25.1337],[79.5516,25.1609],[79.5692,25.1718],[79.5754,25.17],[79.5815,25.1511],[79.596,25.1433],[79.6065,25.1524],[79.5997,25.1279],[79.6214,25.1351],[79.6227,25.1405],[79.6415,25.1269],[79.6495,25.1297],[79.6731,25.1205],[79.6833,25.1351],[79.7172,25.1288],[79.7485,25.1397],[79.8083,25.11],[79.824,25.1082],[79.8287,25.0993],[79.8512,25.0942],[79.8617,25.0967],[79.848,25.1105],[79.8516,25.1285],[79.8661,25.1411],[79.8815,25.142],[79.8665,25.1498],[79.8701,25.1723],[79.8632,25.1771],[79.8651,25.188],[79.856,25.194],[79.8686,25.2165],[79.8527,25.2251],[79.8514,25.2356],[79.8645,25.2363],[79.8779,25.251],[79.9021,25.2408],[79.9075,25.2509],[79.9165,25.2446],[79.9175,25.2268],[79.9276,25.2496],[79.9366,25.2475],[79.9483,25.2686],[79.9808,25.2618],[79.9867,25.2674],[80.0048,25.2672],[79.9987,25.2856],[80.0223,25.2976],[80.0243,25.3118],[80.0185,25.3214],[80.0335,25.342],[80.0727,25.3368],[80.089,25.3558],[80.1311,25.3342],[80.1488,25.357],[80.1673,25.3639],[80.169,25.3769],[80.1949,25.378],[80.2024,25.414],[80.2062,25.4045],[80.2209,25.3967],[80.2362,25.4079],[80.2535,25.4008],[80.2639,25.424],[80.2885,25.417],[80.3154,25.3889],[80.3203,25.366],[80.3096,25.3544],[80.3227,25.3321],[80.3108,25.2864],[80.3255,25.2782],[80.3515,25.2772],[80.3568,25.2618],[80.3836,25.2373],[80.3963,25.2464],[80.4034,25.244],[80.4078,25.218],[80.4317,25.1776],[80.4199,25.1632],[80.3902,25.1584],[80.3766,25.1458],[80.3546,25.1384],[80.3548,25.1264],[80.3761,25.1164],[80.3705,25.0997],[80.3485,25.0866],[80.3458,25.0649],[80.356,25.0616],[80.3555,25.0557],[80.3437,25.0534],[80.3368,25.0591],[80.3316,25.0479],[80.3114,25.0442],[80.2906,25.0595],[80.2858,25.056],[80.2884,25.0393],[80.2737,25.026],[80.2998,25.0156],[80.3306,24.9923],[80.342,25.0138],[80.352,25.0175],[80.3574,25.0116],[80.363,25.0236],[80.3775,25.0195],[80.3785,25.0043],[80.3957,25.0102],[80.3852,25.0183],[80.387,25.0239],[80.3779,25.027],[80.3899,25.0356],[80.3854,25.0418],[80.3705,25.0427],[80.3736,25.0559],[80.388,25.0509],[80.4007,25.0696],[80.4087,25.0552],[80.4169,25.063],[80.4161,25.0732],[80.4331,25.0658],[80.4485,25.0786],[80.4515,25.0622],[80.4665,25.0649],[80.4752,25.0379],[80.4889,25.0435],[80.502,25.0366],[80.4954,25.029],[80.4744,25.0305],[80.4629,25.0399],[80.449,25.0405],[80.4331,25.0236],[80.4525,25.0151],[80.4549,25.0042],[80.4368,25.0015],[80.4373,24.9943],[80.4624,25.0025],[80.4562,24.9816],[80.4786,24.9739],[80.4804,24.986],[80.4926,24.9894],[80.4993,25.0062],[80.5148,25.003],[80.5177,25.0088],[80.5309,25.0012],[80.5493,25.0021],[80.5414,25.0167],[80.5461,25.0324],[80.5142,25.0434],[80.5006,25.0416],[80.501,25.0515],[80.5091,25.0587],[80.4964,25.0729],[80.5034,25.073],[80.5068,25.084],[80.4796,25.0964],[80.5142,25.0968],[80.5204,25.0928],[80.522,25.0757],[80.5523,25.0628],[80.5677,25.0733],[80.5684,25.0869],[80.5954,25.0794],[80.6132,25.0657],[80.6067,25.0867],[80.5982,25.0873],[80.5981,25.0793],[80.5924,25.0902],[80.5978,25.0889],[80.5924,25.1032],[80.5976,25.114],[80.6072,25.1179],[80.595,25.1272],[80.6019,25.1504],[80.6127,25.1432],[80.6113,25.1279],[80.6289,25.1335],[80.6383,25.1167],[80.6271,25.1171],[80.6188,25.1002],[80.6075,25.0982],[80.6273,25.0833],[80.6289,25.0904],[80.6393,25.0872],[80.6404,25.0925],[80.641,25.0873],[80.6591,25.0835],[80.6617,25.0676],[80.673,25.0826],[80.6846,25.077],[80.6838,25.0672],[80.6741,25.0605],[80.6804,25.058],[80.6796,25.0485],[80.7123,25.0587],[80.7195,25.0645],[80.7171,25.0691],[80.7291,25.0672],[80.7369,25.0529],[80.7762,25.0548],[80.7875,25.0617],[80.7834,25.0759],[80.7572,25.082],[80.7521,25.0925],[80.7255,25.0914],[80.7274,25.1185],[80.7077,25.1176],[80.7044,25.1284],[80.7184,25.1305],[80.7304,25.1466],[80.742,25.1235],[80.7539,25.1328],[80.7718,25.1324],[80.7782,25.1422],[80.7864,25.1294],[80.8083,25.1369],[80.8153,25.1317],[80.812,25.1241],[80.8267,25.1214],[80.8299,25.1],[80.8429,25.1124],[80.8365,25.1338],[80.8401,25.1562],[80.8491,25.1626],[80.8382,25.1805],[80.8442,25.1869],[80.8642,25.1824],[80.8694,25.1745],[80.8847,25.1879],[80.8823,25.1831],[80.9036,25.1596],[80.9129,25.1591],[80.8948,25.134],[80.8796,25.1383],[80.8789,25.1256],[80.8685,25.1157],[80.8796,25.0992],[80.8676,25.0753],[80.8765,25.0734],[80.8781,25.0655],[80.8464,25.0444],[80.8402,25.0334],[80.8318,25.0329],[80.8552,25.004],[80.8522,24.9887],[80.8331,24.982],[80.824,24.9678],[80.7923,24.9649],[80.8101,24.9527],[80.8083,24.9385],[80.8202,24.933],[80.8122,24.9225],[80.8358,24.9195],[80.8376,24.9283],[80.8607,24.9286],[80.8926,24.9453],[80.9068,24.9352],[80.8992,24.9486],[80.9467,24.9663],[80.9543,24.9535],[80.9477,24.941],[80.9589,24.9388],[80.9572,24.9178],[80.9741,24.9342],[80.9859,24.9325],[80.9867,24.9233],[81.0045,24.9371],[81.0132,24.9279],[81.0231,24.9276],[81.0289,24.9332],[81.0159,24.9513],[81.0256,24.94],[81.0259,24.9487],[81.0335,24.9526],[81.0848,24.9497],[81.0901,24.9455],[81.0871,24.9332],[81.0963,24.9212],[81.1396,24.8875],[81.1455,24.9103],[81.1602,24.9135],[81.1681,24.9552],[81.1852,24.952],[81.2072,24.9304],[81.193,24.9253],[81.2102,24.9226],[81.2197,24.9286],[81.2112,24.9461],[81.2145,24.9579],[81.2072,24.9645],[81.2209,24.9776],[81.209,24.9926],[81.2131,25.0],[81.2264,25.0016],[81.264,25.0531],[81.2689,25.0675],[81.2595,25.0757],[81.267,25.0845],[81.2521,25.1021],[81.265,25.1173],[81.2662,25.1396],[81.2817,25.152],[81.2776,25.166],[81.3135,25.1637],[81.3118,25.1376],[81.3214,25.1128],[81.3312,25.1147],[81.3187,25.144],[81.3196,25.1568],[81.3346,25.1692],[81.3606,25.1605],[81.3755,25.1417],[81.371,25.1348],[81.3928,25.1311],[81.3996,25.1194],[81.4143,25.121],[81.4061,25.1313],[81.4383,25.1305],[81.4476,25.1071],[81.4073,25.1051],[81.4649,25.0901],[81.4697,25.0794],[81.4912,25.0722],[81.4935,25.0802],[81.5016,25.0781],[81.5003,25.0964],[81.5182,25.101],[81.4903,25.1097],[81.48,25.1322],[81.4966,25.1292],[81.4996,25.1487],[81.5273,25.1381],[81.5311,25.1449],[81.5231,25.1482],[81.5366,25.1605],[81.5147,25.1736],[81.5145,25.1837],[81.5399,25.1807],[81.5404,25.1859],[81.556,25.1836],[81.5734,25.1921],[81.5955,25.182],[81.5885,25.1658],[81.6049,25.163],[81.6156,25.1691],[81.6262,25.1607],[81.6234,25.141],[81.6145,25.1444],[81.5977,25.1312],[81.6024,25.1271],[81.5971,25.1189],[81.6101,25.1124],[81.6083,25.0959],[81.624,25.112],[81.6244,25.1199],[81.633,25.1171],[81.6287,25.107],[81.6409,25.0989],[81.6002,25.0742],[81.6173,25.0611],[81.6104,25.0612],[81.6117,25.0563],[81.6275,25.0524],[81.6335,25.0593],[81.6413,25.0567],[81.6524,25.0707],[81.6666,25.0751],[81.6672,25.0614],[81.6824,25.0612],[81.6936,25.0488],[81.6898,25.0389],[81.7134,25.0361],[81.7215,25.0382],[81.7237,25.05],[81.7315,25.0486],[81.7458,25.0335],[81.755,25.0348],[81.7588,25.0269],[81.7803,25.0196],[81.7927,25.0044],[81.8041,25.0019],[81.8107,25.0129],[81.8234,25.0175],[81.8323,25.0122],[81.8352,25.0173],[81.8489,25.012],[81.8537,25.0026],[81.8909,24.9957],[81.8914,24.9889],[81.9022,25.0004],[81.8957,25.0098],[81.9071,25.0062],[81.9015,24.9865],[81.9079,24.9801],[81.9041,24.9722],[81.9104,24.9374],[81.9197,24.9281],[81.9029,24.8917],[81.9079,24.8813],[81.9338,24.8707],[81.938,24.8497],[81.9442,24.8413],[81.9604,24.8367],[81.9653,24.827],[81.9716,24.8389],[82.017,24.846],[82.0454,24.8286],[82.0977,24.8161],[82.1122,24.8005],[82.1156,24.7844],[82.1339,24.788],[82.1387,24.7994],[82.1671,24.7854],[82.1678,24.7912],[82.1789,24.795],[82.1697,24.798],[82.1667,24.8009],[82.1752,24.8009],[82.1782,24.8109],[82.1911,24.8107],[82.1994,24.8177],[82.2036,24.8192],[82.1843,24.7956],[82.2162,24.7941],[82.2093,24.7784],[82.2179,24.7767],[82.2093,24.7717],[82.1965,24.7781],[82.2,24.7687],[82.1955,24.7641],[82.2032,24.7581],[82.1975,24.7467],[82.1775,24.7323],[82.1968,24.7379],[82.2138,24.7342],[82.2212,24.7219],[82.2176,24.7374],[82.207,24.7473],[82.216,24.7545],[82.2292,24.7451],[82.2248,24.7578],[82.2342,24.7606],[82.2456,24.7441],[82.2503,24.7614],[82.2461,24.7697],[82.2508,24.7698],[82.2554,24.7477],[82.2448,24.7304],[82.2501,24.6971],[82.2298,24.6816],[82.2364,24.677],[82.239,24.661],[82.2401,24.6696],[82.2492,24.6713],[82.2565,24.6685],[82.2551,24.6606],[82.261,24.6615],[82.2729,24.6746],[82.2628,24.6788],[82.2687,24.6834],[82.2856,24.6754],[82.2877,24.6662],[82.303,24.6669],[82.2961,24.6613],[82.3039,24.6439],[82.2967,24.6058],[82.3197,24.6061],[82.3388,24.6203],[82.3638,24.5976],[82.4161,24.5911],[82.4223,24.5994],[82.4091,24.6252],[82.4185,24.6519],[82.4064,24.6812],[82.4295,24.7026],[82.4533,24.6885],[82.4498,24.6746],[82.4796,24.6784],[82.4937,24.671],[82.5235,24.6762],[82.5293,24.6533],[82.5391,24.6477],[82.6711,24.6969],[82.7016,24.675],[82.6983,24.6469],[82.7066,24.6362],[82.7179,24.6425],[82.7182,24.6348],[82.728,24.6353],[82.7323,24.6444],[82.7532,24.6368],[82.7738,24.6417],[82.7719,24.6216],[82.7795,24.614],[82.7655,24.5957],[82.8034,24.5969],[82.7973,24.5765],[82.7681,24.5623],[82.7482,24.5613],[82.743,24.547],[82.7193,24.5524],[82.7311,24.5348],[82.7206,24.5287],[82.7207,24.5138],[82.7437,24.4963],[82.7401,24.482],[82.73,24.4724],[82.7365,24.4617],[82.7325,24.4313],[82.7398,24.4301],[82.7218,24.4136],[82.7135,24.3803],[82.7254,24.3681],[82.7559,24.3698],[82.7601,24.3773],[82.7695,24.3707],[82.7644,24.3549],[82.7733,24.3438],[82.7687,24.3422],[82.7666,24.3304],[82.7712,24.3284],[82.7655,24.3142],[82.7728,24.3076],[82.7558,24.2619],[82.7589,24.2367],[82.7347,24.2173],[82.7444,24.1656],[82.7294,24.1481],[82.7281,24.1356],[82.7003,24.1391],[82.683,24.1546],[82.6705,24.147],[82.6742,24.1407],[82.6645,24.1283],[82.6833,24.1093],[82.7071,24.0969],[82.7139,24.0745],[82.7331,24.0785],[82.7481,24.0705],[82.76,24.0771],[82.7644,24.0699],[82.7741,24.0759],[82.7663,24.0464],[82.7473,24.0269],[82.7506,24.0127],[82.8039,24.0035],[82.8086,23.9861],[82.8022,23.9793],[82.8103,23.9624],[82.8017,23.9617],[82.7984,23.9508],[82.7811,23.9384],[82.7545,23.9342],[82.7524,23.9198],[82.6989,23.9249],[82.6889,23.9207],[82.6844,23.9103],[82.6616,23.9076],[82.6512,23.8868],[82.6681,23.8709],[82.66,23.8548],[82.6467,23.859],[82.6471,23.8487],[82.6381,23.848],[82.6353,23.8377],[82.6076,23.8333],[82.5886,23.8214],[82.5543,23.8262],[82.5331,23.8221],[82.5484,23.8085],[82.5515,23.7906],[82.5381,23.7943],[82.5234,23.7837],[82.4974,23.7849],[82.4791,23.806],[82.4658,23.812],[82.3935,23.7999],[82.374,23.812],[82.3498,23.8045],[82.3395,23.8086],[82.3347,23.8025],[82.3148,23.8127],[82.2961,23.808],[82.2606,23.8212],[82.2318,23.8053],[82.2255,23.8201],[82.2063,23.8274],[82.2153,23.841],[82.2095,23.8527],[82.1809,23.8363],[82.1786,23.8216],[82.1715,23.8182],[82.1436,23.8163],[82.1216,23.8229],[82.0937,23.8165],[82.0527,23.8194],[82.0384,23.8268],[82.0442,23.8416],[82.02,23.8494],[82.0075,23.8618],[81.986,23.8619],[81.9578,23.8523],[81.9385,23.8623],[81.9396,23.8678],[81.9215,23.8709],[81.899,23.8409],[81.8677,23.8341],[81.8631,23.8245],[81.8382,23.8211],[81.8156,23.8064],[81.8084,23.8135],[81.7959,23.8149],[81.7911,23.8093],[81.7374,23.8392],[81.7255,23.8398],[81.732,23.8567],[81.7075,23.8611],[81.7073,23.8824],[81.6904,23.8848],[81.6875,23.9065],[81.6723,23.9134],[81.6686,23.925],[81.6322,23.9058],[81.609,23.9032],[81.6116,23.8923],[81.6042,23.8818],[81.6222,23.8702],[81.6143,23.8617],[81.6049,23.8615],[81.6032,23.8537],[81.6132,23.8345],[81.6358,23.8345],[81.6514,23.7991],[81.6447,23.7701],[81.6818,23.7533],[81.6868,23.7475],[81.6785,23.7394],[81.6959,23.7213],[81.6841,23.6909],[81.6555,23.682],[81.6552,23.6631],[81.6445,23.6572],[81.6146,23.6629],[81.6203,23.6514],[81.6142,23.6224],[81.6065,23.6139],[81.612,23.5953],[81.5897,23.596],[81.5767,23.5853],[81.584,23.5536],[81.6103,23.5551],[81.6163,23.5308],[81.6114,23.5125],[81.6271,23.482],[81.6442,23.4818],[81.6623,23.514],[81.6589,23.529],[81.6681,23.5329],[81.6996,23.522],[81.7225,23.5433],[81.7252,23.5569],[81.7466,23.5698],[81.7548,23.5656],[81.7583,23.5499],[81.8091,23.5493],[81.817,23.5409],[81.8207,23.5152],[81.8364,23.5109],[81.8637,23.5176],[81.8756,23.5127],[81.9079,23.5353],[81.9233,23.5327],[81.9423,23.5057],[81.9577,23.5004],[81.955,23.4672],[81.9647,23.4657],[81.9804,23.447],[81.9839,23.4293],[81.9767,23.4238],[81.9853,23.4145],[81.9997,23.4216],[82.0096,23.412],[82.0255,23.4249],[82.0328,23.41],[82.0238,23.4087],[82.0291,23.4002],[82.0219,23.3873],[82.0323,23.3824],[82.0368,23.3887],[82.056,23.3768],[82.0641,23.3929],[82.0915,23.3983],[82.0935,23.3929],[82.1034,23.3982],[82.1138,23.3842],[82.1101,23.3632],[82.1171,23.3555],[82.1457,23.3612],[82.1637,23.3347],[82.194,23.3238],[82.1994,23.3134],[82.1934,23.278],[82.1744,23.2687],[82.1673,23.2462],[82.1605,23.2471],[82.1534,23.231],[82.1448,23.2274],[82.1537,23.2092],[82.143,23.1869],[82.1489,23.1757],[82.1442,23.1654],[82.1603,23.1615],[82.1614,23.1431],[82.1396,23.132],[82.1373,23.1119],[82.1258,23.1039],[82.0702,23.1182],[82.0349,23.0804],[82.0183,23.0843],[82.0082,23.0793],[81.9911,23.0866],[81.9635,23.0759],[81.9423,23.079],[81.9469,23.0691],[81.9295,23.0616],[81.9215,23.0408],[81.9505,22.9829],[81.9463,22.9568],[81.9189,22.9465],[81.8782,22.9098],[81.8661,22.9158],[81.8695,22.8945],[81.8616,22.8893],[81.7757,22.8744],[81.7765,22.8516],[81.7613,22.8303],[81.7818,22.8109],[81.7836,22.7792],[81.7944,22.7665],[81.7696,22.7469],[81.7682,22.7355],[81.7548,22.7334],[81.7523,22.7267],[81.7716,22.6764],[81.7685,22.6642],[81.7546,22.6464],[81.7466,22.6483],[81.752,22.6544],[81.743,22.6725],[81.7287,22.6764],[81.7227,22.6571],[81.7131,22.6481],[81.6833,22.6469],[81.6609,22.6193],[81.6473,22.6133],[81.6455,22.5844],[81.6578,22.5844],[81.6599,22.5695],[81.6428,22.5597],[81.629,22.5634],[81.624,22.5559],[81.6287,22.5444],[81.6219,22.538],[81.6,22.5353],[81.5918,22.5452],[81.5695,22.5507],[81.5628,22.5424],[81.563,22.534],[81.57,22.5323],[81.5461,22.5276],[81.5327,22.5385],[81.5222,22.539],[81.5182,22.5198],[81.5093,22.5261],[81.4966,22.5195],[81.4847,22.4878],[81.4728,22.4937],[81.4588,22.4895],[81.4526,22.4958],[81.4426,22.4944],[81.4511,22.4866],[81.4425,22.4792],[81.4509,22.4786],[81.4466,22.4698],[81.4589,22.4693],[81.4474,22.4659],[81.4392,22.4821],[81.4278,22.4798],[81.4228,22.47],[81.4287,22.4569],[81.423,22.4477],[81.4067,22.441],[81.3964,22.4401],[81.3901,22.4523],[81.3915,22.4777],[81.3821,22.5098],[81.3706,22.5149],[81.3543,22.5113],[81.3265,22.5261],[81.3176,22.5143],[81.3228,22.4892],[81.3137,22.4829],[81.3073,22.4819],[81.2813,22.503],[81.2733,22.4932],[81.2621,22.4933],[81.2619,22.4722],[81.2322,22.4522],[81.2002,22.4628],[81.1956,22.4906],[81.1727,22.4879],[81.1551,22.4549],[81.127,22.4492],[81.1112,22.4376],[81.1037,22.3834],[81.1212,22.3426],[81.1135,22.3241],[81.1187,22.2913],[81.1019,22.2783],[81.0915,22.249],[81.0795,22.2394],[81.0726,22.2484],[81.0501,22.2446],[81.0195,22.2212],[81.0316,22.1997],[81.0307,22.1874],[81.0167,22.1855],[81.0268,22.1664],[81.0219,22.1327],[80.9946,22.1355],[80.978,22.1226],[80.981,22.1102],[80.9905,22.1136],[81.0113,22.0956],[81.0014,22.0835],[81.0089,22.0718],[81.0062,22.0632],[80.9949,22.0586],[80.9944,22.0492],[80.9835,22.0486],[80.9694,22.058],[80.9716,22.0857],[80.9476,22.1183],[80.922,22.12],[80.9079,22.1096],[80.8971,22.0648],[80.8825,22.0586],[80.8858,22.0496],[80.8758,22.0385],[80.8759,22.0134],[80.8567,21.9648],[80.8475,21.9557],[80.8256,21.9583],[80.8288,21.9479],[80.8458,21.9424],[80.8414,21.9412],[80.8478,21.9309],[80.832,21.9082],[80.8317,21.891],[80.8447,21.8746],[80.8528,21.8734],[80.8422,21.8648],[80.8525,21.8542],[80.8392,21.8481],[80.8447,21.8292],[80.8386,21.8003],[80.8167,21.7617],[80.8197,21.748],[80.7854,21.7403],[80.7782,21.7547],[80.7561,21.7622],[80.7409,21.7445],[80.7321,21.7137],[80.7261,21.7137],[80.7351,21.7039],[80.7341,21.6945],[80.716,21.6747],[80.7144,21.6615],[80.7193,21.6454],[80.7268,21.6456],[80.7309,21.6173],[80.717,21.603],[80.7154,21.585],[80.7289,21.5726],[80.72,21.555],[80.7408,21.5392],[80.7305,21.5156],[80.7332,21.5007],[80.7276,21.4962],[80.7378,21.4731],[80.7244,21.4452],[80.7068,21.4331],[80.6991,21.3909],[80.6802,21.3649],[80.6713,21.3384],[80.6519,21.327],[80.6214,21.3202],[80.6112,21.3276],[80.5999,21.3268],[80.5894,21.3335],[80.5895,21.3436],[80.5667,21.3455],[80.5702,21.3575],[80.5432,21.3706],[80.5277,21.3948],[80.5084,21.3907],[80.501,21.3985],[80.4842,21.3953],[80.4811,21.4009],[80.4765,21.3949],[80.4576,21.4027],[80.4486,21.372],[80.4123,21.3766],[80.3961,21.408],[80.4222,21.4404],[80.4091,21.4673],[80.3973,21.4715],[80.3922,21.4866],[80.3841,21.49],[80.3765,21.5233],[80.3311,21.5475],[80.3393,21.5548],[80.3279,21.5712],[80.3177,21.5772],[80.2984,21.5754],[80.2945,21.5928],[80.2808,21.5963],[80.2703,21.6158],[80.2533,21.6248],[80.2216,21.6209],[80.2099,21.6348],[80.1928,21.6354],[80.1546,21.6065],[80.1197,21.6099],[80.1161,21.5932],[80.1011,21.5898],[80.0667,21.5541],[80.0329,21.5561],[79.9985,21.5334],[79.9887,21.5368],[79.9715,21.5577],[79.9359,21.5561],[79.9222,21.5417],[79.9184,21.5244],[79.897,21.5242],[79.8912,21.518],[79.8312,21.5467],[79.7921,21.5866],[79.7376,21.6038],[79.7182,21.593],[79.6991,21.5929],[79.6896,21.5809],[79.6609,21.5769],[79.652,21.5557],[79.6185,21.5573],[79.5814,21.5413],[79.5658,21.5476],[79.5406,21.5427],[79.5425,21.5682],[79.512,21.584],[79.5107,21.6056],[79.5037,21.6148],[79.517,21.6253],[79.5042,21.6408],[79.4962,21.674],[79.4607,21.6873],[79.4352,21.6826],[79.4222,21.6918],[79.3924,21.6739],[79.3523,21.6778],[79.3542,21.6846],[79.2906,21.6925],[79.2681,21.7154],[79.2312,21.7223],[79.2373,21.7132],[79.2207,21.6927],[79.2217,21.6769],[79.2311,21.6702],[79.2312,21.6568],[79.224,21.6552],[79.2239,21.6486],[79.155,21.66],[79.1595,21.6518],[79.1539,21.6464],[79.1683,21.6372],[79.1514,21.6403],[79.1422,21.6299],[79.1382,21.6344],[79.1302,21.6257],[79.112,21.6238],[79.1002,21.6174],[79.1069,21.6048],[79.0936,21.598],[79.0765,21.6054],[79.0123,21.5994],[78.9984,21.619],[78.9753,21.6176],[78.9433,21.5919],[78.9141,21.589],[78.9137,21.5709],[78.9316,21.5617],[78.9066,21.5532],[78.9296,21.5403],[78.9272,21.5222],[78.9442,21.5158],[78.9367,21.4857],[78.8993,21.5005],[78.8909,21.4852],[78.8681,21.494],[78.8411,21.4869],[78.8003,21.4901],[78.7802,21.4787],[78.7762,21.4644],[78.7669,21.489],[78.7509,21.493],[78.7457,21.4702],[78.7336,21.4695],[78.7282,21.4622],[78.6884,21.4819],[78.667,21.477],[78.6433,21.4854],[78.6283,21.4755],[78.6087,21.4889],[78.5854,21.4867],[78.568,21.5057],[78.5701,21.5143],[78.5118,21.5285],[78.487,21.5055],[78.4609,21.5033],[78.4514,21.4965],[78.436,21.5006],[78.4323,21.5143],[78.4387,21.5177],[78.43,21.5275],[78.4349,21.5339],[78.4245,21.5443],[78.4281,21.5593],[78.4193,21.5796],[78.4274,21.599],[78.3874,21.6148],[78.3726,21.6134],[78.3818,21.5917],[78.3633,21.5749],[78.3556,21.573],[78.3429,21.5886],[78.3268,21.5746],[78.3064,21.5694],[78.303,21.5837],[78.2665,21.5917],[78.2603,21.5791],[78.274,21.5687],[78.2397,21.5625],[78.2234,21.5526],[78.182,21.5566],[78.1743,21.5466],[78.1713,21.525],[78.1827,21.5112],[78.1746,21.5074],[78.1763,21.4991],[78.0298,21.4214],[78.0013,21.4145],[77.9846,21.4032],[77.9425,21.3966],[77.9411,21.3857],[77.8831,21.376],[77.8839,21.3842],[77.8568,21.3885],[77.8225,21.4072],[77.8012,21.4095],[77.7966,21.389],[77.75,21.3828],[77.737,21.3622],[77.7099,21.3573],[77.7069,21.3755],[77.6954,21.3779],[77.6969,21.3926],[77.6918,21.3975],[77.6695,21.3688],[77.6642,21.3745],[77.6663,21.3841],[77.6536,21.3912],[77.6431,21.3869],[77.6056,21.3908],[77.6077,21.3647],[77.5873,21.3627],[77.5734,21.3709],[77.5635,21.3691],[77.5564,21.3838],[77.5619,21.396],[77.532,21.4191],[77.5144,21.3759],[77.4886,21.3742],[77.4876,21.4064],[77.4717,21.436],[77.4734,21.4546],[77.4599,21.4664],[77.4417,21.4714],[77.4432,21.4872],[77.4223,21.517],[77.4256,21.5378],[77.4403,21.5447],[77.4497,21.5414],[77.4563,21.5462],[77.4546,21.5538],[77.5029,21.5523],[77.5204,21.5415],[77.5751,21.5264],[77.595,21.5266],[77.6118,21.5386],[77.5953,21.5594],[77.577,21.5549],[77.5755,21.6208],[77.5438,21.7039],[77.526,21.7115],[77.5255,21.7244],[77.5026,21.7458],[77.4795,21.7541],[77.478,21.7628],[77.4834,21.7659],[77.4791,21.77],[77.4562,21.7602],[77.4042,21.7524],[77.3456,21.7577],[77.3243,21.7527],[77.2898,21.7603],[77.2796,21.7541],[77.2872,21.7447],[77.284,21.7367],[77.2911,21.7328],[77.2869,21.7219],[77.2715,21.7281],[77.2599,21.714],[77.2269,21.7168],[77.2276,21.6994],[77.2104,21.6897],[77.1881,21.7017],[77.1915,21.7207],[77.176,21.7258],[77.1651,21.7107],[77.1296,21.7222],[77.0865,21.7144],[77.0732,21.7195],[77.0623,21.7071],[77.0052,21.6783],[76.9288,21.6243],[76.9019,21.5969],[76.8544,21.6134],[76.8328,21.589],[76.7952,21.5939],[76.7813,21.5647],[76.7892,21.5364],[76.7633,21.5208],[76.7728,21.5057],[76.7877,21.5012],[76.7955,21.4894],[76.7858,21.4651],[76.7443,21.4398],[76.7387,21.4298],[76.7402,21.4113],[76.6826,21.3784],[76.6215,21.3323],[76.6627,21.2759],[76.6614,21.2407],[76.6494,21.2446],[76.6415,21.2371],[76.6345,21.219],[76.6369,21.2026],[76.6232,21.1849],[76.6135,21.1931],[76.5992,21.1907],[76.5668,21.1993],[76.5298,21.1818],[76.5078,21.1929],[76.502,21.1873],[76.5018,21.1932],[76.4924,21.1936],[76.4801,21.182],[76.4781,21.1473],[76.4659,21.1425],[76.4738,21.1368],[76.4575,21.1331],[76.4512,21.1203],[76.4556,21.1077],[76.4404,21.1061],[76.4372,21.1002],[76.4102,21.1022],[76.4124,21.0884],[76.3895,21.0857],[76.3762,21.0731],[76.279,21.0699],[76.2719,21.0888],[76.259,21.0905],[76.1917,21.0866],[76.1666,21.079],[76.1727,21.0903],[76.1698,21.1036],[76.1354,21.1207],[76.1101,21.1612],[76.1104,21.1668],[76.1287,21.1757],[76.1326,21.1694],[76.1717,21.1665],[76.1763,21.184],[76.1652,21.1904],[76.1719,21.205],[76.1583,21.2133],[76.1652,21.2212],[76.1409,21.2276],[76.1404,21.241],[76.1514,21.2435],[76.1591,21.2554],[76.1464,21.2682],[76.1427,21.2857],[76.1284,21.2866],[76.1203,21.3229],[76.0956,21.3712],[76.0478,21.349],[76.0293,21.3649],[75.9865,21.3688],[75.9629,21.3896],[75.9105,21.3825],[75.9031,21.3916],[75.8855,21.3946],[75.8703,21.3912],[75.8624,21.38],[75.8414,21.3845],[75.8332,21.3767],[75.8031,21.3845],[75.7551,21.3794],[75.7285,21.3887],[75.7188,21.3844],[75.7032,21.3881],[75.6701,21.3746],[75.6577,21.3788],[75.623,21.375],[75.6165,21.3881],[75.6069,21.3918],[75.5714,21.3817],[75.579,21.3765],[75.5572,21.3732],[75.5558,21.3788],[75.5437,21.3685],[75.5201,21.387],[75.512,21.3821],[75.4493,21.3902],[75.4401,21.3842],[75.4258,21.3908],[75.3824,21.3793],[75.3572,21.4009],[75.3516,21.3906],[75.316,21.3878],[75.3075,21.3924],[75.2996,21.3846],[75.3011,21.4099],[75.2953,21.4136],[75.2548,21.4019],[75.2333,21.4149],[75.217,21.4086],[75.1077,21.4623],[75.0886,21.5008],[75.0899,21.5154],[75.0516,21.5666],[75.02,21.5687],[75.0213,21.5737],[74.9793,21.5952],[74.9104,21.6146],[74.9017,21.6292],[74.8654,21.6286],[74.8628,21.6345],[74.8566,21.6265],[74.8312,21.6182],[74.8289,21.6098],[74.802,21.6153],[74.7979,21.6098],[74.7829,21.6107],[74.6874,21.6316],[74.6641,21.6524],[74.5821,21.6649],[74.5806,21.6832],[74.5541,21.6814],[74.5576,21.7043],[74.5472,21.7196],[74.513,21.7186],[74.5054,21.7262],[74.5141,21.7657],[74.4982,21.7901],[74.5101,21.8293],[74.5137,21.8901],[74.5229,21.8992],[74.5241,21.9113],[74.5093,21.9207],[74.5085,21.9374],[74.4952,21.9469],[74.4847,21.9459],[74.4887,21.9562],[74.4691,21.9597],[74.4697,21.9672],[74.4534,21.962],[74.4394,21.9768],[74.4415,21.9901],[74.4323,21.9995],[74.4522,22.0047],[74.4387,22.0209],[74.4435,22.0233],[74.4317,22.0303],[74.4018,22.0233],[74.3952,22.0338],[74.3866,22.0339],[74.398,22.0229],[74.3841,22.0175],[74.3756,22.0005],[74.3444,21.9752],[74.3121,21.9734],[74.3007,21.967],[74.281,21.933],[74.1929,21.9259],[74.1593,21.9496],[74.1442,21.9531],[74.1476,21.9607],[74.1403,21.9727],[74.1499,21.9752],[74.1506,21.9866],[74.1184,21.9989],[74.098,21.9983],[74.0921,22.0151],[74.1401,22.0406],[74.1314,22.0481],[74.16,22.059],[74.1645,22.083],[74.1786,22.0856],[74.1692,22.1006],[74.1536,22.1005],[74.1526,22.106],[74.1285,22.0947],[74.1245,22.0979],[74.1289,22.1209],[74.1228,22.1357],[74.134,22.1606],[74.1214,22.1676],[74.1174,22.2065],[74.1225,22.2124],[74.1062,22.2203],[74.0722,22.2192],[74.0693,22.2327],[74.0872,22.2429],[74.075,22.2476],[74.0745,22.2656],[74.0588,22.2746],[74.0524,22.2941],[74.0539,22.3039],[74.0624,22.3049],[74.0631,22.3271],[74.072,22.3369],[74.0649,22.3545],[74.0711,22.3614],[74.0921,22.3608],[74.0959,22.371],[74.1054,22.3718],[74.114,22.3573],[74.1255,22.3563],[74.128,22.3331],[74.1901,22.3203],[74.1921,22.3466],[74.1979,22.3426],[74.2026,22.3486],[74.2037,22.3665],[74.2241,22.3565],[74.2237,22.38],[74.2433,22.376],[74.2428,22.3824],[74.254,22.3854],[74.2567,22.3996],[74.2705,22.3926],[74.291,22.3939],[74.2675,22.4056],[74.2704,22.4131],[74.2557,22.429],[74.2476,22.4148],[74.2377,22.4221],[74.244,22.4339],[74.2152,22.4414],[74.2134,22.4315],[74.2016,22.4345],[74.2029,22.4678],[74.1906,22.4759],[74.1797,22.4626],[74.184,22.4416],[74.1604,22.4312],[74.1525,22.4431],[74.1553,22.4541],[74.1494,22.4557],[74.1431,22.447],[74.1341,22.446],[74.1254,22.4173],[74.1194,22.4189],[74.0986,22.4422],[74.1043,22.4647],[74.0853,22.4702],[74.0756,22.4642],[74.0766,22.4837],[74.0824,22.4846],[74.0864,22.4772],[74.0878,22.4826],[74.0828,22.5066],[74.0546,22.5093],[74.0409,22.4866],[74.0334,22.4902],[74.0297,22.5077],[74.0388,22.5157],[74.0411,22.5418],[74.0746,22.5514],[74.1014,22.5343],[74.1118,22.5397],[74.1331,22.5203],[74.1507,22.5213],[74.1504,22.529],[74.1708,22.5474],[74.1894,22.5536],[74.1833,22.5668],[74.2101,22.5646],[74.2313,22.6118],[74.2533,22.6215],[74.2532,22.6343],[74.2636,22.6441],[74.2658,22.6386],[74.2774,22.646],[74.3154,22.634],[74.3293,22.6421],[74.379,22.6346],[74.3841,22.6463],[74.3821,22.6677],[74.3949,22.6858],[74.4018,22.7316],[74.4352,22.7823],[74.4337,22.808],[74.4647,22.8164],[74.4765,22.8555],[74.4605,22.908],[74.4469,22.9213],[74.4337,22.9126],[74.4332,22.9182],[74.4183,22.9174],[74.4105,22.9121],[74.4136,22.9063],[74.3932,22.8968],[74.3395,22.9529],[74.3393,22.9647],[74.365,22.9788],[74.3492,23.0074],[74.3456,23.027],[74.3221,23.0411],[74.3189,23.0588],[74.3415,23.0679],[74.356,23.08],[74.3564,23.0887],[74.3861,23.1115],[74.4322,23.105],[74.4409,23.0908],[74.4641,23.0818],[74.5057,23.0852],[74.5106,23.0947],[74.528,23.0976],[74.5448,23.1091],[74.5394,23.1294],[74.6066,23.1427],[74.6714,23.2001],[74.7149,23.1908],[74.7415,23.2084],[74.7404,23.2177],[74.7486,23.2236],[74.7474,23.2266],[74.7264,23.2151],[74.6918,23.2192],[74.6914,23.2257],[74.7151,23.2368],[74.713,23.2505],[74.6983,23.2575],[74.7007,23.2658],[74.6802,23.2709],[74.6536,23.2557],[74.6388,23.2555],[74.6269,23.2588],[74.6249,23.2738],[74.6161,23.2796],[74.5851,23.277],[74.5744,23.2952],[74.563,23.2787],[74.5466,23.2771],[74.5394,23.2999],[74.5278,23.3109],[74.5299,23.3208],[74.5149,23.3158],[74.5141,23.3283],[74.5397,23.3348],[74.5398,23.362],[74.5576,23.3625],[74.5591,23.3713],[74.5688,23.3763],[74.5724,23.4207],[74.5992,23.4289],[74.6101,23.4519],[74.604,23.4575],[74.6323,23.4617],[74.6331,23.4699],[74.6519,23.4625],[74.6659,23.4829],[74.6787,23.4835],[74.6802,23.495],[74.7009,23.5043],[74.7184,23.5038],[74.7272,23.4954],[74.736,23.5111],[74.7334,23.5217],[74.7617,23.5213],[74.7729,23.5441],[74.7941,23.551],[74.8029,23.5325],[74.8107,23.5411],[74.8223,23.541],[74.8293,23.5507],[74.8473,23.5521],[74.8534,23.5707],[74.8733,23.5771],[74.87,23.5919],[74.8801,23.5953],[74.8821,23.6061],[74.8936,23.6093],[74.9027,23.6247],[74.9149,23.6182],[74.9365,23.6286],[74.9218,23.6665],[74.908,23.6713],[74.8997,23.6823],[74.9215,23.6949],[74.9202,23.7194],[74.9363,23.7296],[74.9243,23.7564],[74.9404,23.7647],[74.9243,23.7966],[74.9037,23.7943],[74.9138,23.8425],[74.9036,23.8527],[74.9025,23.8732],[74.911,23.9081],[74.9207,23.9194],[74.916,23.931],[74.928,23.9393],[74.9311,23.9576],[74.9589,23.972],[74.9653,24.0067],[74.9824,24.0258],[74.9739,24.0399],[74.9603,24.0393],[74.9602,24.046],[74.9393,24.0539],[74.9404,24.0699],[74.9207,24.0777],[74.918,24.0979],[74.9033,24.1093],[74.908,24.1211],[74.9011,24.1258],[74.896,24.1578],[74.8795,24.1737],[74.899,24.1907],[74.9101,24.2102],[74.898,24.2143],[74.8968,24.2272],[74.8678,24.2431],[74.8503,24.2365],[74.8113,24.2443],[74.7748,24.2387],[74.7543,24.2422],[74.7471,24.2535],[74.7813,24.2892],[74.7809,24.3386],[74.8019,24.3588],[74.8072,24.3808],[74.8214,24.3795],[74.8252,24.4],[74.8551,24.4243],[74.8542,24.4446],[74.8344,24.4432],[74.8301,24.4351],[74.8137,24.4367],[74.822,24.4532],[74.8151,24.4687],[74.7869,24.4722],[74.7767,24.4604],[74.7444,24.4686],[74.7274,24.4888],[74.7087,24.4865],[74.7166,24.5068],[74.7246,24.5132],[74.7447,24.5135],[74.7442,24.5323],[74.7558,24.5346],[74.7537,24.5539],[74.7435,24.5715],[74.7527,24.5796],[74.7865,24.5859],[74.7795,24.6154],[74.7913,24.6206],[74.7914,24.6314],[74.8029,24.6341],[74.8062,24.6485],[74.8136,24.6496],[74.8142,24.666],[74.7903,24.6651],[74.7836,24.6575],[74.7717,24.6615],[74.7872,24.7038],[74.7794,24.7314],[74.7839,24.7278],[74.8041,24.7353],[74.7999,24.7792],[74.809,24.7808],[74.8176,24.7455],[74.8362,24.7065],[74.8545,24.6887],[74.8507,24.6849],[74.8516,24.6788],[74.8528,24.6852],[74.8601,24.6833],[74.8582,24.6755],[74.8752,24.6529],[74.8729,24.6466],[74.8888,24.6337],[74.8944,24.6443],[74.9017,24.6329],[74.9052,24.6411],[74.9432,24.6378],[74.9421,24.6475],[74.9509,24.6475],[74.9578,24.6616],[74.9614,24.6565],[74.9601,24.6788],[75.0016,24.6864],[74.9923,24.6934],[74.9923,24.7317],[75.0163,24.732],[75.007,24.7716],[75.0009,24.7747],[74.9815,24.7637],[74.9351,24.7784],[74.9145,24.7691],[74.907,24.7816],[74.8801,24.7902],[74.8798,24.7974],[74.8609,24.7986],[74.861,24.779],[74.8493,24.776],[74.838,24.7974],[74.861,24.8046],[74.8591,24.8385],[74.8407,24.8852],[74.8314,24.8863],[74.8259,24.8994],[74.8336,24.9597],[74.8431,24.969],[74.8592,24.9627],[74.8698,24.9249],[74.8812,24.9373],[74.9028,24.93],[74.9164,24.9071],[74.9106,24.894],[74.9166,24.886],[74.932,24.8754],[74.9325,24.8812],[74.9531,24.8806],[74.9482,24.8646],[74.9585,24.8581],[75.0087,24.8565],[75.034,24.8447],[75.0518,24.8532],[75.0599,24.8636],[75.0553,24.8719],[75.0657,24.8682],[75.0765,24.8807],[75.0884,24.8789],[75.0874,24.8709],[75.1168,24.8779],[75.1135,24.9668],[75.1296,24.9693],[75.1415,24.9784],[75.1295,24.9801],[75.1322,24.9836],[75.1519,24.9892],[75.1592,25.0016],[75.1665,25.0029],[75.1617,25.0182],[75.1523,25.0207],[75.1552,25.0372],[75.1654,25.0399],[75.1658,25.0476],[75.1982,25.0331],[75.2057,25.039],[75.2259,25.0336],[75.2676,25.0426],[75.2834,25.038],[75.3343,25.0411],[75.3499,25.0336],[75.3445,25.0296],[75.3514,25.0196],[75.3211,25.0106],[75.3119,24.9957],[75.3141,24.9791],[75.337,24.9554],[75.3184,24.8942],[75.3143,24.886],[75.3127,24.8851],[75.3116,24.9076],[75.3009,24.9236],[75.305,24.9285],[75.2901,24.9377],[75.2889,24.9515],[75.2818,24.9531],[75.2852,24.9657],[75.261,24.9635],[75.2578,24.9533],[75.2666,24.9508],[75.2728,24.936],[75.2795,24.9346],[75.2773,24.925],[75.2879,24.9236],[75.2943,24.909],[75.267,24.8991],[75.2634,24.8749],[75.2743,24.8748],[75.2946,24.8576],[75.3092,24.856],[75.3266,24.8749],[75.3736,24.8677],[75.4203,24.8863],[75.4259,24.8841],[75.4256,24.8688],[75.418,24.8535],[75.4049,24.8457],[75.3287,24.819],[75.311,24.801],[75.2978,24.8071],[75.2906,24.8334],[75.2784,24.8401],[75.2242,24.844],[75.2253,24.8342],[75.2491,24.8301],[75.2523,24.8131],[75.2442,24.8047],[75.2156,24.8025],[75.2017,24.7713],[75.1928,24.7738],[75.1904,24.754],[75.1844,24.7485],[75.1975,24.7433],[75.2194,24.7026],[75.2284,24.7176],[75.2502,24.7134],[75.2647,24.7176],[75.2846,24.7089],[75.4554,24.6807],[75.4899,24.6871],[75.5339,24.7123],[75.5496,24.703],[75.5831,24.7133],[75.6108,24.681],[75.646,24.6852],[75.6832,24.7242],[75.7568,24.7616],[75.8021,24.7565],[75.8363,24.7278],[75.8339,24.6891],[75.8252,24.6676],[75.8482,24.6632],[75.8491,24.6475],[75.8413,24.6381],[75.845,24.627],[75.8284,24.6203],[75.8251,24.613],[75.8367,24.6061],[75.8354,24.5949],[75.8492,24.6109],[75.8715,24.6065],[75.8724,24.59],[75.8786,24.5834],[75.9147,24.5723],[75.9039,24.5485],[75.9233,24.5352],[75.9206,24.5215],[75.9079,24.5127],[75.8907,24.5186],[75.888,24.5077],[75.9031,24.5045],[75.9116,24.4919],[75.9054,24.4726],[75.9092,24.4551],[75.9026,24.4539],[75.9004,24.4423],[75.8753,24.4265],[75.8388,24.4142],[75.8098,24.434],[75.8138,24.4619],[75.7894,24.4716],[75.786,24.4533],[75.7734,24.4498],[75.7668,24.4344],[75.7475,24.4243],[75.7559,24.4207],[75.7553,24.4065],[75.7428,24.3977],[75.7315,24.3987],[75.7278,24.3905],[75.7295,24.3777],[75.7379,24.3823],[75.74,24.377],[75.7398,24.3321],[75.756,24.3212],[75.7664,24.2981],[75.8019,24.3025],[75.8108,24.2959],[75.8184,24.2807],[75.8117,24.2751],[75.8115,24.2578],[75.8192,24.257],[75.8144,24.2444],[75.8302,24.2335],[75.8154,24.2256],[75.8094,24.2295],[75.8076,24.2179],[75.7926,24.2101],[75.7764,24.2084],[75.774,24.1808],[75.7639,24.1745],[75.751,24.1435],[75.7703,24.1155],[75.7826,24.1159],[75.7929,24.0919],[75.8056,24.0996],[75.8166,24.0855],[75.8349,24.0918],[75.8368,24.057],[75.7829,24.0434],[75.7831,24.0218],[75.7734,24.0077],[75.7626,24.01],[75.7685,24.0009],[75.7655,23.9928],[75.7423,23.9927],[75.7413,23.977],[75.7175,23.9669],[75.7018,23.9666],[75.6988,23.9881],[75.687,23.9888],[75.6877,24.0054],[75.6782,24.0073],[75.6708,24.0181],[75.6399,23.998],[75.5957,23.9901],[75.5954,23.9945],[75.5817,23.9913],[75.5796,23.9984],[75.5757,23.9942],[75.5674,24.0068],[75.5394,24.009],[75.5211,24.0246],[75.4739,23.982],[75.4601,23.9324],[75.4622,23.9145],[75.4915,23.907],[75.5051,23.8878],[75.5229,23.8842],[75.5643,23.8565],[75.5661,23.8441],[75.5767,23.8424],[75.5795,23.8349],[75.5748,23.8286],[75.5616,23.8323],[75.5592,23.8186],[75.5663,23.8096],[75.5891,23.8096],[75.5835,23.7948],[75.6147,23.801],[75.6273,23.7955],[75.6544,23.7984],[75.6597,23.7843],[75.6755,23.782],[75.6869,23.7554],[75.7018,23.7865],[75.6901,23.8134],[75.7216,23.8119],[75.7265,23.8206],[75.7192,23.8413],[75.7366,23.8565],[75.7352,23.8622],[75.711,23.8625],[75.7017,23.8729],[75.706,23.8993],[75.7157,23.8935],[75.7353,23.8985],[75.74,23.8895],[75.7527,23.8873],[75.7646,23.8753],[75.7656,23.8507],[75.7821,23.8488],[75.7938,23.8671],[75.818,23.8681],[75.8329,23.88],[75.8408,23.8746],[75.8532,23.8876],[75.8706,23.8904],[75.8767,23.8801],[75.8862,23.879],[75.8949,23.8894],[75.9238,23.8987],[75.9375,23.8967],[75.9553,23.9208],[75.9813,23.929],[75.9799,23.9359],[75.9874,23.941],[75.9849,23.9737],[75.9673,23.9913],[75.9634,24.0187],[75.9783,24.0265],[75.9987,24.0208],[76.0094,24.0244],[76.0213,24.0347],[76.023,24.0487],[76.0421,24.066],[76.0551,24.0653],[76.0728,24.0767],[76.076,24.0709],[76.1005,24.087],[76.1271,24.0881],[76.1205,24.1082],[76.131,24.1168],[76.1223,24.1378],[76.1244,24.1592],[76.1136,24.1638],[76.1174,24.1942],[76.1483,24.2316],[76.1366,24.2709],[76.1433,24.2831],[76.1625,24.2847],[76.1686,24.2967],[76.1647,24.307],[76.1742,24.3074],[76.1854,24.3294],[76.2047,24.3009],[76.1946,24.2732],[76.2021,24.2688],[76.2032,24.2206],[76.2124,24.2098],[76.2399,24.2189],[76.2812,24.2068],[76.2873,24.23],[76.3217,24.2455],[76.3576,24.2398],[76.3819,24.2213],[76.4018,24.2155],[76.4126,24.2003],[76.4208,24.2086],[76.4164,24.2207],[76.4304,24.2214],[76.4521,24.2091],[76.4705,24.226],[76.4806,24.208],[76.5048,24.2031],[76.5135,24.1656],[76.5276,24.157],[76.5768,24.1778],[76.5744,24.1869],[76.5641,24.1912],[76.5704,24.2092],[76.595,24.2229],[76.5848,24.2438],[76.6112,24.2384],[76.6164,24.2579],[76.6336,24.2577],[76.6434,24.2694],[76.6665,24.2624],[76.6954,24.2843],[76.7022,24.2414],[76.6901,24.2301],[76.676,24.1909],[76.6988,24.1684],[76.7193,24.1589],[76.726,24.1614],[76.7262,24.1686],[76.7563,24.1691],[76.76,24.1603],[76.7698,24.1609],[76.7907,24.1238],[76.802,24.1166],[76.8122,24.1229],[76.8333,24.1222],[76.8546,24.1357],[76.8794,24.1357],[76.879,24.1305],[76.9007,24.1272],[76.9161,24.1877],[76.9355,24.1839],[76.9471,24.201],[76.946,24.206],[76.9224,24.2116],[76.9228,24.2253],[76.9123,24.238],[76.8889,24.2448],[76.88,24.2609],[76.863,24.2731],[76.8565,24.3045],[76.8415,24.3225],[76.8324,24.3581],[76.8518,24.3707],[76.8454,24.3754],[76.851,24.383],[76.8375,24.4086],[76.8504,24.4234],[76.8409,24.4425],[76.8439,24.4502],[76.8518,24.4503],[76.8532,24.467],[76.8465,24.4864],[76.8354,24.4889],[76.8164,24.5336],[76.8383,24.5459],[76.8629,24.5496],[76.8767,24.5391],[76.8727,24.5278],[76.8841,24.5215],[76.9017,24.5459],[76.9176,24.5434],[76.9184,24.4807],[76.9509,24.4618],[76.9778,24.4613],[76.9835,24.4728],[77.0088,24.4769],[77.0116,24.4922],[77.029,24.4961],[77.0293,24.5168],[77.0369,24.5281],[77.0547,24.5265],[77.0713,24.5725],[77.0653,24.5939],[77.0651,24.6438],[77.0432,24.6805],[77.0414,24.7001],[77.0307,24.7122],[76.9988,24.7179],[76.9964,24.7322],[76.9741,24.7361],[76.9635,24.7565],[76.9544,24.7595],[76.9069,24.7315],[76.8906,24.7469],[76.8561,24.7425],[76.8494,24.7479],[76.8464,24.77],[76.8026,24.8093],[76.8,24.8247],[76.8244,24.8362],[76.8977,24.8386],[76.9296,24.8483],[76.9496,24.8694],[76.9124,24.8882],[76.9219,24.9067],[76.9201,24.9166],[76.8902,24.9194],[76.8895,24.9338],[76.8619,24.9614],[76.8679,24.9835],[76.8569,25.0025],[76.8753,25.0073],[76.8762,25.0415],[76.9455,25.0468],[76.9619,25.0563],[76.9679,25.0508],[76.9748,25.0664],[77.0003,25.0749],[77.0853,25.0551],[77.0955,25.0655],[77.1228,25.0669],[77.148,25.0953],[77.1498,25.0866],[77.1669,25.0849],[77.1746,25.1117],[77.185,25.108],[77.2055,25.1139],[77.2387,25.1069],[77.2695,25.116],[77.2887,25.1064],[77.2983,25.0865],[77.3112,25.0797],[77.3409,25.0957],[77.3576,25.0937],[77.3931,25.1194],[77.4025,25.1093],[77.4066,25.1117],[77.4022,25.1207],[77.3907,25.1231],[77.3962,25.1378],[77.3932,25.1596],[77.4001,25.1661],[77.4003,25.1839],[77.4265,25.188],[77.4115,25.2239],[77.3942,25.2298],[77.3823,25.2457],[77.371,25.2459],[77.3663,25.26],[77.3552,25.2635],[77.3543,25.2734],[77.3627,25.2789],[77.374,25.2745],[77.381,25.2925],[77.3763,25.3182],[77.3674,25.3286],[77.3533,25.3205],[77.3422,25.3218],[77.3667,25.3606],[77.3515,25.3702],[77.3509,25.3853],[77.3709,25.4084],[77.3603,25.4192],[77.3492,25.4162],[77.3141,25.4314],[77.2912,25.4227],[77.2487,25.3807],[77.2342,25.3789],[77.2243,25.3354],[77.2344,25.3337],[77.2256,25.3302],[77.2232,25.3188],[77.215,25.3198],[77.2174,25.3296],[77.2056,25.3265],[77.2092,25.3062],[77.1795,25.3117],[77.1648,25.3083],[77.1251,25.3306],[77.0835,25.3367],[77.07,25.3188],[77.0457,25.3194],[77.0314,25.2946],[76.9736,25.3004],[76.9598,25.2968],[76.9578,25.2844],[76.943,25.2822],[76.9233,25.2854],[76.9295,25.303],[76.8991,25.3242],[76.8572,25.3327],[76.7777,25.3155],[76.7293,25.3286],[76.7005,25.3516],[76.6695,25.3491],[76.6402,25.3835],[76.6234,25.3768],[76.6093,25.3905],[76.5985,25.3923],[76.5876,25.4318],[76.5558,25.4526],[76.5554,25.483],[76.5371,25.5113],[76.5164,25.5276],[76.52,25.5474],[76.5056,25.5796],[76.5138,25.6028],[76.5109,25.6284],[76.4969,25.6427],[76.5041,25.6709],[76.4792,25.6845],[76.4741,25.7112],[76.5011,25.7283],[76.5222,25.7284],[76.5154,25.7759],[76.5207,25.7925],[76.5301,25.8114],[76.5559,25.8336],[76.5822,25.8702],[76.5914,25.8755],[76.6214,25.8693],[76.6318,25.9],[76.6419,25.908],[76.6725,25.9101],[76.7157,25.9007],[76.7581,25.9226],[76.7467,25.9344],[76.7487,25.941],[76.791,25.9432],[76.8082,25.9668],[76.8022,25.976],[76.8071,25.99],[76.84,26.0261],[76.8567,26.0349],[76.8669,26.033],[76.8853,26.048],[76.9006,26.0928],[76.9481,26.1029],[76.9777,26.125],[76.999,26.1301],[77.0064,26.1512],[77.03,26.1717],[77.0973,26.1837],[77.1122,26.2025],[77.1163,26.2203],[77.1363,26.2338],[77.1668,26.2326],[77.1754,26.2391],[77.1993,26.23],[77.2127,26.2338],[77.2714,26.2679],[77.3164,26.3113],[77.3145,26.3186],[77.3294,26.343],[77.3352,26.3415],[77.3421,26.352],[77.3674,26.3638],[77.3759,26.3657],[77.3904,26.3565],[77.4104,26.3632],[77.4443,26.3616],[77.4485,26.3678],[77.4353,26.3934],[77.4376,26.4034],[77.5384,26.4114],[77.5587,26.4353],[77.6135,26.4527],[77.6333,26.4787],[77.6755,26.503],[77.7104,26.4983],[77.7263,26.5021],[77.7447,26.5382],[77.7834,26.5521],[77.8236,26.5505],[77.8358,26.5772],[77.8273,26.596],[77.8472,26.6119],[77.8946,26.6152],[77.8976,26.6537],[77.9036,26.659],[77.9536,26.6592],[77.9832,26.6736],[78.0006,26.6949],[78.0553,26.6839],[78.0744,26.6706],[78.0897,26.6745],[78.0957,26.6812],[78.0959,26.7278],[78.1014,26.7371],[78.1235,26.747],[78.1018,26.767],[78.102,26.782],[78.1121,26.7949],[78.1321,26.7956],[78.1561,26.7839],[78.1836,26.7838],[78.1858,26.7975],[78.1671,26.8161],[78.1741,26.8252],[78.2016,26.8217],[78.2252,26.8307],[78.2681,26.8128],[78.2748,26.8227],[78.2733,26.842],[78.2835,26.8545],[78.3552,26.8692],[78.3721,26.8641]]]}},{"type":"Feature","properties":{"name":"Maharashtra"},"geometry":{"type":"MultiPolygon","coordinates":[[[[74.3893,22.0324],[74.3952,22.0338],[74.4018,22.0233],[74.4317,22.0303],[74.4435,22.0233],[74.4387,22.0209],[74.4522,22.0043],[74.4323,21.9995],[74.4415,21.9901],[74.4394,21.9768],[74.4534,21.962],[74.4697,21.9672],[74.4691,21.9597],[74.4887,21.9562],[74.4847,21.9459],[74.4952,21.9469],[74.5085,21.9374],[74.5093,21.9207],[74.524,21.9116],[74.5229,21.8992],[74.5137,21.8901],[74.5101,21.8293],[74.4982,21.7901],[74.5141,21.7657],[74.5054,21.7262],[74.513,21.7186],[74.5472,21.7196],[74.5576,21.7043],[74.5541,21.6814],[74.5806,21.6832],[74.5821,21.6649],[74.6641,21.6524],[74.6874,21.6316],[74.7829,21.6107],[74.7979,21.6098],[74.802,21.6153],[74.8289,21.6098],[74.8312,21.6182],[74.8566,21.6265],[74.8628,21.6345],[74.8654,21.6286],[74.9017,21.6292],[74.9104,21.6146],[74.9793,21.5952],[75.0213,21.5737],[75.02,21.5687],[75.0516,21.5666],[75.0899,21.5154],[75.0886,21.5008],[75.1077,21.4623],[75.1258,21.4493],[75.18,21.4306],[75.217,21.4086],[75.2333,21.4149],[75.2548,21.4019],[75.2953,21.4136],[75.3011,21.4099],[75.2996,21.3846],[75.3075,21.3924],[75.316,21.3878],[75.3516,21.3906],[75.3572,21.4009],[75.3824,21.3793],[75.4258,21.3908],[75.4401,21.3842],[75.4493,21.3902],[75.512,21.3821],[75.5201,21.387],[75.5437,21.3685],[75.5558,21.3788],[75.5572,21.3732],[75.579,21.3765],[75.5714,21.3817],[75.6069,21.3918],[75.6165,21.3881],[75.623,21.375],[75.6577,21.3788],[75.6701,21.3746],[75.7032,21.3881],[75.7188,21.3844],[75.7285,21.3887],[75.7551,21.3794],[75.8031,21.3845],[75.8332,21.3767],[75.8414,21.3845],[75.8624,21.38],[75.8703,21.3912],[75.8899,21.3946],[75.9031,21.3916],[75.9105,21.3825],[75.9629,21.3896],[75.9865,21.3688],[76.0293,21.3649],[76.0478,21.349],[76.0956,21.3712],[76.1203,21.3229],[76.1284,21.2866],[76.1427,21.2857],[76.1464,21.2682],[76.1591,21.2554],[76.1514,21.2435],[76.1404,21.241],[76.1409,21.2276],[76.1652,21.2212],[76.1583,21.2133],[76.1719,21.205],[76.1652,21.1904],[76.1763,21.184],[76.1717,21.1665],[76.1326,21.1694],[76.1282,21.1756],[76.1104,21.1667],[76.1122,21.1553],[76.1354,21.1207],[76.1698,21.1036],[76.1727,21.0903],[76.1664,21.079],[76.1917,21.0866],[76.2601,21.0905],[76.2719,21.0888],[76.279,21.0699],[76.3746,21.0727],[76.3895,21.0857],[76.4124,21.0884],[76.4102,21.1022],[76.4372,21.1002],[76.4404,21.1061],[76.4556,21.1077],[76.4512,21.1203],[76.4575,21.1331],[76.4738,21.1368],[76.4659,21.1425],[76.4781,21.1473],[76.4801,21.182],[76.493,21.1938],[76.5298,21.1818],[76.5668,21.1993],[76.5992,21.1907],[76.6135,21.1931],[76.6232,21.1849],[76.6369,21.2026],[76.6345,21.219],[76.6415,21.2371],[76.6494,21.2446],[76.6614,21.2407],[76.6627,21.2759],[76.6215,21.3323],[76.6826,21.3784],[76.7402,21.4113],[76.7387,21.4298],[76.7443,21.4398],[76.7858,21.4651],[76.7955,21.4894],[76.7877,21.5012],[76.7728,21.5057],[76.7633,21.5208],[76.7892,21.5364],[76.7813,21.5647],[76.7952,21.5939],[76.8328,21.589],[76.8544,21.6134],[76.9019,21.5969],[76.9288,21.6243],[77.0052,21.6783],[77.0623,21.7071],[77.0732,21.7195],[77.0865,21.7144],[77.1296,21.7222],[77.1651,21.7107],[77.176,21.7258],[77.1915,21.7207],[77.1881,21.7017],[77.2104,21.6897],[77.2276,21.6994],[77.2269,21.7168],[77.2599,21.714],[77.2715,21.7281],[77.2869,21.7219],[77.2911,21.7328],[77.284,21.7367],[77.2872,21.7447],[77.2796,21.7541],[77.2898,21.7603],[77.3243,21.7527],[77.3456,21.7577],[77.4042,21.7524],[77.4562,21.7602],[77.4791,21.77],[77.4834,21.7659],[77.478,21.7628],[77.4795,21.7541],[77.5024,21.746],[77.5255,21.7244],[77.526,21.7115],[77.5421,21.7061],[77.5755,21.6208],[77.577,21.5549],[77.5953,21.5594],[77.6118,21.5386],[77.595,21.5266],[77.5751,21.5264],[77.5204,21.5415],[77.5029,21.5523],[77.4546,21.5538],[77.4563,21.5462],[77.4497,21.5414],[77.4403,21.5447],[77.4256,21.5378],[77.4222,21.5177],[77.4432,21.4872],[77.4417,21.4714],[77.4599,21.4664],[77.4734,21.4546],[77.4717,21.436],[77.4876,21.4064],[77.4877,21.3743],[77.5144,21.3759],[77.532,21.4191],[77.5619,21.396],[77.5564,21.3838],[77.5635,21.3691],[77.5734,21.3709],[77.5873,21.3627],[77.6077,21.3647],[77.6056,21.3908],[77.6431,21.3869],[77.6536,21.3912],[77.6663,21.3841],[77.6642,21.3745],[77.6695,21.3688],[77.6918,21.3975],[77.6969,21.3926],[77.6954,21.3779],[77.7069,21.3755],[77.7099,21.3573],[77.737,21.3622],[77.75,21.3828],[77.7966,21.389],[77.8012,21.4095],[77.8225,21.4072],[77.8568,21.3885],[77.8839,21.3842],[77.8831,21.376],[77.9411,21.3857],[77.9425,21.3966],[77.9846,21.4032],[78.0013,21.4145],[78.0298,21.4214],[78.1763,21.4991],[78.1746,21.5074],[78.1827,21.5112],[78.1713,21.525],[78.1743,21.5466],[78.182,21.5566],[78.2234,21.5526],[78.2397,21.5625],[78.274,21.5687],[78.2603,21.5791],[78.2665,21.5917],[78.303,21.5837],[78.3064,21.5694],[78.3268,21.5746],[78.3429,21.5886],[78.3556,21.573],[78.3633,21.5749],[78.3818,21.5917],[78.3726,21.6134],[78.3869,21.6148],[78.4274,21.599],[78.4193,21.5796],[78.4281,21.5593],[78.4245,21.5443],[78.4349,21.5339],[78.43,21.5275],[78.4387,21.5177],[78.4323,21.5143],[78.436,21.5006],[78.4514,21.4965],[78.4609,21.5033],[78.487,21.5055],[78.5118,21.5285],[78.5701,21.5143],[78.568,21.5057],[78.5854,21.4867],[78.6087,21.4889],[78.6283,21.4755],[78.6433,21.4854],[78.667,21.477],[78.6884,21.4819],[78.7282,21.4622],[78.7336,21.4695],[78.7457,21.4702],[78.7509,21.493],[78.7669,21.489],[78.7762,21.4644],[78.7802,21.4787],[78.8003,21.4901],[78.8411,21.4869],[78.8681,21.494],[78.8909,21.4852],[78.8993,21.5005],[78.9367,21.4857],[78.9442,21.5158],[78.9272,21.5222],[78.9296,21.5403],[78.9066,21.5532],[78.9316,21.5617],[78.9137,21.5709],[78.9141,21.589],[78.9433,21.5919],[78.9753,21.6176],[78.9984,21.619],[79.0123,21.5994],[79.0765,21.6054],[79.0936,21.598],[79.1069,21.6048],[79.1002,21.6174],[79.112,21.6238],[79.1302,21.6257],[79.1382,21.6344],[79.1422,21.6299],[79.1514,21.6403],[79.1683,21.6372],[79.1539,21.6464],[79.1595,21.6518],[79.155,21.66],[79.2239,21.6486],[79.224,21.6552],[79.2312,21.6568],[79.2311,21.6702],[79.2217,21.6769],[79.2207,21.6927],[79.2373,21.7132],[79.2312,21.7223],[79.2681,21.7154],[79.2906,21.6925],[79.3542,21.6846],[79.3523,21.6778],[79.3924,21.6739],[79.4222,21.6918],[79.4352,21.6826],[79.4607,21.6873],[79.4962,21.674],[79.5042,21.6408],[79.517,21.6253],[79.5037,21.6148],[79.5107,21.6056],[79.512,21.584],[79.5425,21.5682],[79.5406,21.5427],[79.5658,21.5476],[79.5814,21.5413],[79.6185,21.5573],[79.652,21.5557],[79.6609,21.5769],[79.6896,21.5809],[79.6991,21.5929],[79.7182,21.593],[79.7376,21.6038],[79.7921,21.5866],[79.8312,21.5467],[79.8912,21.518],[79.897,21.5242],[79.9184,21.5244],[79.9222,21.5417],[79.9359,21.5561],[79.9715,21.5577],[79.9887,21.5368],[79.9985,21.5334],[80.0329,21.5561],[80.0667,21.5541],[80.1011,21.5898],[80.1161,21.5932],[80.1197,21.6099],[80.1546,21.6065],[80.1928,21.6354],[80.2099,21.6348],[80.2216,21.6209],[80.254,21.6245],[80.2703,21.6158],[80.2808,21.5963],[80.2945,21.5928],[80.2984,21.5754],[80.3177,21.5772],[80.3279,21.5712],[80.3393,21.5548],[80.3311,21.5475],[80.3765,21.5233],[80.3841,21.49],[80.3922,21.4866],[80.3973,21.4715],[80.4091,21.4673],[80.4222,21.4404],[80.3961,21.408],[80.4123,21.3766],[80.4486,21.372],[80.4576,21.4027],[80.4765,21.3949],[80.4811,21.4009],[80.4842,21.3953],[80.501,21.3985],[80.5084,21.3907],[80.5277,21.3948],[80.5432,21.3706],[80.5702,21.3575],[80.5667,21.3455],[80.5895,21.3436],[80.5894,21.3335],[80.5992,21.3271],[80.6112,21.3276],[80.6214,21.3202],[80.6624,21.3346],[80.6816,21.3135],[80.6773,21.2959],[80.6615,21.2912],[80.6511,21.2776],[80.6439,21.2514],[80.6231,21.24],[80.6138,21.2265],[80.5876,21.222],[80.5595,21.202],[80.5297,21.2052],[80.515,21.1829],[80.5026,21.1852],[80.4786,21.1706],[80.4643,21.1749],[80.4447,21.1219],[80.4582,21.1138],[80.4478,21.1123],[80.4392,21.0964],[80.4539,21.0529],[80.4527,21.0387],[80.4242,21.0087],[80.4438,20.9939],[80.4454,20.9705],[80.4637,20.9291],[80.5462,20.9347],[80.5418,20.9238],[80.5561,20.8891],[80.5551,20.8465],[80.5618,20.8242],[80.5492,20.7959],[80.5517,20.7639],[80.5627,20.7474],[80.56,20.7261],[80.5652,20.7106],[80.5877,20.6846],[80.5801,20.6728],[80.52,20.6564],[80.4893,20.6333],[80.481,20.6184],[80.5022,20.5952],[80.5044,20.5834],[80.5209,20.5805],[80.5808,20.6084],[80.6014,20.6088],[80.6123,20.6005],[80.6319,20.5984],[80.6174,20.5856],[80.6256,20.578],[80.621,20.5699],[80.6266,20.5637],[80.6153,20.5498],[80.6213,20.5327],[80.6196,20.5045],[80.6126,20.4618],[80.6022,20.4498],[80.6137,20.4348],[80.6001,20.4179],[80.5915,20.3929],[80.6107,20.3751],[80.6264,20.3325],[80.6105,20.3183],[80.5496,20.3088],[80.5435,20.2934],[80.5188,20.266],[80.4808,20.2749],[80.4516,20.2581],[80.3953,20.2448],[80.4048,20.2186],[80.4222,20.2058],[80.421,20.196],[80.4007,20.1896],[80.3885,20.165],[80.4018,20.1472],[80.4336,20.1352],[80.4554,20.1379],[80.4601,20.1509],[80.5056,20.1444],[80.5124,20.1358],[80.5521,20.118],[80.544,20.0955],[80.5568,20.0717],[80.5426,20.0106],[80.5499,20.0006],[80.5496,19.9858],[80.5377,19.9736],[80.5389,19.9517],[80.5299,19.9393],[80.5057,19.9282],[80.4888,19.9305],[80.4808,19.9342],[80.4732,19.9508],[80.466,19.948],[80.4522,19.9574],[80.432,19.9414],[80.4113,19.9383],[80.408,19.9126],[80.4139,19.9073],[80.4498,19.8963],[80.4529,19.9044],[80.4686,19.9076],[80.4914,19.902],[80.5058,19.8705],[80.4863,19.8634],[80.4691,19.8269],[80.4407,19.8102],[80.4297,19.807],[80.4021,19.8166],[80.4077,19.8058],[80.4017,19.7961],[80.4242,19.7992],[80.4493,19.7898],[80.4643,19.7958],[80.489,19.7702],[80.485,19.8023],[80.4689,19.8103],[80.4806,19.8275],[80.5202,19.8317],[80.5462,19.8183],[80.5426,19.7798],[80.5526,19.7654],[80.5715,19.7591],[80.5865,19.7411],[80.6111,19.7382],[80.6268,19.7258],[80.6401,19.7253],[80.6543,19.7084],[80.6764,19.6994],[80.6766,19.6524],[80.6629,19.6236],[80.6654,19.6117],[80.7193,19.6153],[80.7687,19.5878],[80.7674,19.5748],[80.7755,19.5624],[80.7898,19.5603],[80.8165,19.5711],[80.8352,19.5667],[80.8441,19.5384],[80.8567,19.523],[80.8736,19.5187],[80.8841,19.5262],[80.8954,19.5197],[80.8981,19.4802],[80.8823,19.4521],[80.874,19.445],[80.8305,19.4433],[80.8134,19.4336],[80.8096,19.4202],[80.828,19.3801],[80.853,19.3638],[80.8104,19.3367],[80.8053,19.3271],[80.7752,19.3143],[80.7573,19.2897],[80.7108,19.2816],[80.6898,19.2868],[80.6934,19.3146],[80.68,19.3301],[80.6542,19.3226],[80.6316,19.307],[80.6127,19.3093],[80.59,19.3518],[80.5918,19.3759],[80.5761,19.4022],[80.5443,19.3837],[80.5204,19.3476],[80.4842,19.3395],[80.4485,19.2664],[80.43,19.2539],[80.3958,19.2463],[80.3893,19.2378],[80.3842,19.2148],[80.394,19.1876],[80.3333,19.1453],[80.3276,19.1349],[80.3397,19.0999],[80.328,19.0949],[80.3297,19.0699],[80.2974,19.0488],[80.3031,19.022],[80.2733,18.9929],[80.2709,18.9384],[80.3263,18.8809],[80.3495,18.848],[80.3515,18.8164],[80.323,18.799],[80.2999,18.7944],[80.2884,18.7738],[80.2747,18.7654],[80.2452,18.7655],[80.2443,18.7562],[80.2729,18.723],[80.2485,18.7063],[80.2304,18.7018],[80.2128,18.7057],[80.1966,18.6808],[80.1787,18.6833],[80.1686,18.6997],[80.1577,18.701],[80.1181,18.6805],[80.0885,18.7073],[80.0528,18.7251],[80.0387,18.753],[80.025,18.7549],[80.0185,18.7704],[80.001,18.7761],[79.9931,18.7699],[79.9642,18.7738],[79.9241,18.8069],[79.914,18.8238],[79.9191,18.8338],[79.9476,18.8502],[79.9616,18.8666],[79.9536,18.9045],[79.957,18.9429],[79.9416,18.9921],[79.9404,19.032],[79.9289,19.0492],[79.8992,19.0402],[79.8711,19.041],[79.8584,19.1024],[79.8738,19.1241],[79.9457,19.1689],[79.9453,19.1791],[79.9255,19.2106],[79.9247,19.2273],[79.9364,19.2641],[79.9659,19.303],[79.9591,19.3359],[79.9718,19.3816],[79.9796,19.3903],[79.9724,19.4162],[79.9476,19.4497],[79.9448,19.4698],[79.9145,19.496],[79.8646,19.5105],[79.8284,19.5434],[79.8145,19.5757],[79.7786,19.5997],[79.7431,19.6086],[79.709,19.5845],[79.6279,19.5732],[79.6141,19.5597],[79.603,19.5146],[79.5962,19.5073],[79.5529,19.5242],[79.5399,19.5547],[79.5186,19.5431],[79.5186,19.5202],[79.4984,19.5057],[79.4714,19.5002],[79.469,19.5096],[79.4333,19.5373],[79.4226,19.538],[79.4205,19.5298],[79.4053,19.5357],[79.3857,19.5583],[79.3728,19.561],[79.3657,19.5763],[79.3184,19.5767],[79.3139,19.5664],[79.3068,19.5966],[79.2729,19.5988],[79.2436,19.6167],[79.2386,19.6062],[79.2444,19.5949],[79.2531,19.5933],[79.251,19.5775],[79.2371,19.5571],[79.24,19.5352],[79.2337,19.52],[79.2212,19.521],[79.2039,19.4941],[79.2236,19.4691],[79.1903,19.459],[79.1678,19.4724],[79.1614,19.4883],[79.098,19.532],[79.0769,19.5324],[79.046,19.5483],[78.998,19.5401],[78.9977,19.5491],[78.9813,19.5608],[78.9742,19.5494],[78.9404,19.5519],[78.9377,19.5619],[78.9525,19.565],[78.9728,19.5824],[78.9718,19.59],[78.9556,19.6002],[78.9618,19.6374],[78.9556,19.6558],[78.9035,19.67],[78.8864,19.6625],[78.8867,19.6551],[78.8519,19.6584],[78.8599,19.6895],[78.841,19.7619],[78.8259,19.7551],[78.8169,19.7618],[78.8022,19.7565],[78.7824,19.7784],[78.7564,19.7725],[78.7401,19.7831],[78.7192,19.7666],[78.7061,19.7723],[78.7014,19.7867],[78.6926,19.791],[78.6073,19.8176],[78.5723,19.8158],[78.552,19.8241],[78.515,19.8189],[78.5072,19.7975],[78.4902,19.7927],[78.4725,19.8173],[78.452,19.8129],[78.423,19.8176],[78.3865,19.8454],[78.3807,19.8804],[78.3321,19.8849],[78.3244,19.8948],[78.3341,19.9053],[78.3318,19.9134],[78.307,19.9143],[78.2861,19.8479],[78.3015,19.8404],[78.3364,19.8379],[78.334,19.8146],[78.3574,19.8054],[78.3647,19.7812],[78.3493,19.738],[78.3412,19.7358],[78.3431,19.7133],[78.3187,19.7055],[78.3118,19.6911],[78.2762,19.6924],[78.2626,19.6651],[78.2905,19.646],[78.2939,19.6194],[78.3056,19.6071],[78.3037,19.5693],[78.2936,19.559],[78.2753,19.5625],[78.2743,19.554],[78.2839,19.5414],[78.2932,19.5422],[78.2904,19.5276],[78.3092,19.4811],[78.3043,19.4561],[78.287,19.4485],[78.2704,19.4562],[78.2687,19.4485],[78.2445,19.4288],[78.22,19.433],[78.2116,19.4285],[78.1951,19.4068],[78.1762,19.4123],[78.1877,19.3946],[78.1721,19.3493],[78.1762,19.3349],[78.1923,19.3258],[78.1937,19.3149],[78.1767,19.2785],[78.1818,19.2476],[78.1753,19.2376],[78.1445,19.2294],[78.117,19.2486],[78.0891,19.2394],[78.0791,19.2548],[78.0557,19.2371],[78.0416,19.2434],[78.0359,19.2506],[78.0425,19.2706],[78.0148,19.279],[78.0135,19.2947],[77.9987,19.2998],[77.9619,19.3356],[77.9451,19.3425],[77.9115,19.3163],[77.8943,19.3205],[77.89,19.3133],[77.8635,19.3042],[77.8656,19.2838],[77.9035,19.278],[77.9076,19.2682],[77.9028,19.2565],[77.89,19.2609],[77.8714,19.255],[77.866,19.2264],[77.8477,19.1896],[77.8605,19.1804],[77.8525,19.1547],[77.8341,19.1343],[77.8477,19.116],[77.8504,19.0886],[77.8313,19.0861],[77.8181,19.105],[77.8099,19.1047],[77.7968,19.0726],[77.8003,19.0511],[77.7648,19.0627],[77.762,19.0319],[77.7754,19.0006],[77.7715,18.9792],[77.7876,18.9726],[77.7911,18.9828],[77.8218,18.9785],[77.8192,18.9459],[77.8325,18.9416],[77.8419,18.9499],[77.8586,18.9491],[77.8433,18.9087],[77.8579,18.9024],[77.8739,18.9077],[77.8854,18.9042],[77.8916,18.8814],[77.9039,18.8812],[77.9032,18.8666],[77.9301,18.8587],[77.9294,18.8536],[77.9375,18.8516],[77.9348,18.8451],[77.9489,18.8433],[77.9485,18.8298],[77.9345,18.8223],[77.9067,18.8267],[77.84,18.8048],[77.7873,18.6826],[77.7719,18.6891],[77.7682,18.7059],[77.7535,18.701],[77.7492,18.6827],[77.73,18.6669],[77.7357,18.661],[77.7305,18.6451],[77.7457,18.6213],[77.7503,18.5892],[77.7404,18.5752],[77.7385,18.5568],[77.7016,18.5552],[77.6559,18.5309],[77.6459,18.5388],[77.6521,18.5518],[77.6479,18.5549],[77.6396,18.5549],[77.634,18.5439],[77.6293,18.5537],[77.6152,18.5508],[77.6125,18.5445],[77.6101,18.5499],[77.5964,18.5489],[77.5907,18.5267],[77.5966,18.5302],[77.6003,18.5223],[77.5878,18.5129],[77.5859,18.504],[77.5944,18.4962],[77.6047,18.4964],[77.6031,18.4768],[77.5764,18.4868],[77.5729,18.4698],[77.5486,18.4686],[77.5508,18.4604],[77.5836,18.4562],[77.5853,18.4468],[77.5642,18.4373],[77.5406,18.4447],[77.5275,18.4421],[77.5282,18.4289],[77.5568,18.4171],[77.5516,18.3889],[77.5386,18.3859],[77.5255,18.3727],[77.5223,18.3465],[77.558,18.3314],[77.5714,18.3088],[77.5513,18.2917],[77.5126,18.3096],[77.5116,18.282],[77.4927,18.2672],[77.4814,18.2724],[77.4651,18.2625],[77.4476,18.27],[77.4459,18.2838],[77.4404,18.2826],[77.4365,18.2932],[77.4377,18.3103],[77.4283,18.3124],[77.409,18.3015],[77.3851,18.3093],[77.3658,18.3071],[77.3567,18.3202],[77.381,18.331],[77.3824,18.3423],[77.395,18.3415],[77.3944,18.3474],[77.4002,18.3474],[77.3949,18.3685],[77.4099,18.3774],[77.4141,18.3931],[77.4002,18.402],[77.3729,18.4011],[77.3707,18.4188],[77.3622,18.4299],[77.3657,18.4516],[77.3535,18.4477],[77.3452,18.4336],[77.3357,18.4423],[77.3361,18.4502],[77.3199,18.458],[77.3169,18.4423],[77.2791,18.4298],[77.2594,18.4133],[77.2418,18.4126],[77.2337,18.3882],[77.2484,18.3761],[77.2464,18.3708],[77.2259,18.3652],[77.2201,18.3493],[77.2296,18.3482],[77.2191,18.3257],[77.2118,18.3163],[77.2017,18.3222],[77.1987,18.3155],[77.213,18.2803],[77.1975,18.2766],[77.1882,18.2847],[77.1748,18.2849],[77.1698,18.2609],[77.1592,18.2558],[77.1487,18.239],[77.1515,18.217],[77.1427,18.217],[77.1402,18.2077],[77.0976,18.1967],[77.1164,18.171],[77.1116,18.1558],[77.064,18.1507],[77.0532,18.1595],[77.052,18.1732],[77.0332,18.182],[77.0231,18.1757],[77.0233,18.1585],[77.0011,18.1609],[76.9906,18.19],[76.952,18.1881],[76.9424,18.1564],[76.9315,18.1597],[76.924,18.1466],[76.9318,18.1335],[76.9203,18.1251],[76.9205,18.1182],[76.9543,18.1106],[76.9664,18.0982],[76.963,18.0896],[76.9452,18.0832],[76.9516,18.0611],[76.9449,18.0484],[76.9523,18.0402],[76.9143,18.0354],[76.9057,18.0097],[76.9067,17.9966],[76.9137,17.9932],[76.919,17.916],[76.9013,17.9173],[76.8942,17.8998],[76.884,17.899],[76.8843,17.8943],[76.8397,17.8994],[76.8319,17.8953],[76.8312,17.8856],[76.8102,17.8871],[76.8067,17.8706],[76.7751,17.8777],[76.7682,17.9012],[76.74,17.8997],[76.7385,17.8567],[76.7675,17.8521],[76.7904,17.8263],[76.7787,17.8005],[76.7665,17.7985],[76.7621,17.787],[76.7407,17.7795],[76.721,17.7881],[76.7141,17.781],[76.7119,17.7733],[76.7211,17.7695],[76.7188,17.7515],[76.7248,17.7511],[76.7283,17.7376],[76.6997,17.7273],[76.7037,17.7156],[76.6926,17.7067],[76.6909,17.681],[76.6749,17.69],[76.6642,17.6876],[76.6556,17.7179],[76.6333,17.7282],[76.6319,17.7547],[76.6153,17.7704],[76.6053,17.7587],[76.6004,17.7257],[76.582,17.7057],[76.5703,17.7054],[76.564,17.7508],[76.5727,17.7605],[76.5613,17.7646],[76.5233,17.7598],[76.5239,17.7152],[76.4872,17.7148],[76.4845,17.6785],[76.4898,17.6605],[76.4529,17.6558],[76.4545,17.6498],[76.4418,17.6493],[76.445,17.641],[76.4292,17.645],[76.4197,17.6037],[76.35,17.5941],[76.3313,17.5974],[76.3407,17.5425],[76.3628,17.5374],[76.3672,17.5195],[76.3466,17.5126],[76.3458,17.4925],[76.3747,17.4957],[76.3755,17.4902],[76.3504,17.4742],[76.3307,17.4702],[76.3333,17.4339],[76.3715,17.4364],[76.3634,17.3777],[76.4091,17.3714],[76.4122,17.3511],[76.3966,17.3471],[76.3832,17.3145],[76.354,17.3143],[76.3453,17.3545],[76.3144,17.3484],[76.3177,17.3324],[76.2764,17.3346],[76.272,17.3606],[76.2507,17.3605],[76.2421,17.3789],[76.2285,17.3759],[76.2295,17.3652],[76.1964,17.3637],[76.1703,17.3526],[76.1766,17.3246],[76.1833,17.3195],[76.1763,17.3008],[76.1651,17.3034],[76.1626,17.3452],[76.119,17.3705],[76.0998,17.3647],[76.0894,17.3532],[76.0935,17.3494],[76.0875,17.3365],[76.0791,17.3316],[76.0605,17.3553],[76.0143,17.3536],[75.9983,17.338],[75.9687,17.3365],[75.9308,17.3226],[75.8906,17.3565],[75.8941,17.4012],[75.8842,17.418],[75.8765,17.4162],[75.8752,17.3981],[75.8609,17.3856],[75.8511,17.4106],[75.8215,17.4212],[75.8137,17.3728],[75.793,17.3697],[75.772,17.3858],[75.7659,17.4053],[75.7336,17.4201],[75.7125,17.408],[75.6907,17.4095],[75.6835,17.417],[75.6759,17.456],[75.6589,17.4581],[75.633,17.4772],[75.6216,17.4593],[75.6134,17.4248],[75.6066,17.4204],[75.6135,17.3919],[75.6061,17.3945],[75.5742,17.3833],[75.5809,17.3513],[75.61,17.3451],[75.6121,17.3252],[75.6037,17.3055],[75.6224,17.2951],[75.6279,17.2744],[75.6542,17.2738],[75.6577,17.2632],[75.6619,17.2146],[75.6399,17.1889],[75.6284,17.1887],[75.6254,17.174],[75.6495,17.1344],[75.6504,17.1157],[75.6723,17.116],[75.6767,17.0654],[75.6503,17.0573],[75.641,17.0376],[75.65,17.0323],[75.6697,17.0382],[75.6661,16.9798],[75.6771,16.969],[75.6703,16.9621],[75.6448,16.9541],[75.6339,16.9703],[75.6079,16.971],[75.6069,17.0046],[75.5731,17.0096],[75.5672,17.0091],[75.5677,16.9658],[75.5293,16.9694],[75.5097,16.9503],[75.4891,16.9445],[75.4832,16.976],[75.4662,16.9813],[75.4656,16.9884],[75.4416,16.9823],[75.4279,16.9665],[75.3921,16.9801],[75.3501,16.9579],[75.2796,16.9566],[75.2794,16.9234],[75.2899,16.9041],[75.282,16.8803],[75.2647,16.8628],[75.2377,16.868],[75.2276,16.8432],[75.2142,16.8417],[75.1819,16.8434],[75.189,16.8753],[75.1766,16.8677],[75.1365,16.8745],[75.1349,16.8947],[75.1203,16.9026],[75.1175,16.9135],[75.0963,16.9138],[75.0893,16.9516],[75.0445,16.9418],[75.0252,16.928],[75.0266,16.9442],[74.9929,16.9521],[74.9644,16.9477],[74.9675,16.9416],[74.9602,16.9373],[74.9646,16.9268],[74.9317,16.9448],[74.9232,16.9393],[74.9218,16.9299],[74.9554,16.9052],[74.9636,16.9098],[74.9604,16.881],[74.9359,16.8793],[74.9352,16.8711],[74.9256,16.8721],[74.9265,16.8636],[74.9015,16.8626],[74.9103,16.8352],[74.9108,16.7896],[74.9195,16.7725],[74.8694,16.7741],[74.8657,16.7634],[74.8498,16.7728],[74.8445,16.7619],[74.7988,16.7537],[74.7958,16.7478],[74.772,16.7507],[74.7321,16.7184],[74.691,16.7156],[74.6894,16.6865],[74.6808,16.6859],[74.6896,16.6771],[74.679,16.6731],[74.6795,16.6662],[74.6652,16.6657],[74.6535,16.6389],[74.6876,16.6179],[74.687,16.6068],[74.6738,16.6092],[74.66,16.6029],[74.64,16.6105],[74.6334,16.6004],[74.6359,16.584],[74.6286,16.5778],[74.6188,16.5841],[74.6095,16.5696],[74.5879,16.5662],[74.5846,16.5592],[74.5685,16.5539],[74.5549,16.5646],[74.5669,16.5854],[74.5588,16.5947],[74.5435,16.5954],[74.5445,16.6355],[74.489,16.6302],[74.4688,16.6639],[74.4548,16.6473],[74.4658,16.6248],[74.4667,16.6069],[74.4354,16.6011],[74.4222,16.5846],[74.3966,16.5833],[74.3869,16.56],[74.3872,16.5362],[74.3798,16.5286],[74.3579,16.5384],[74.3563,16.5598],[74.3397,16.5478],[74.3252,16.5563],[74.3157,16.5545],[74.3151,16.5046],[74.3061,16.5037],[74.3014,16.5293],[74.2916,16.5339],[74.2831,16.5246],[74.2771,16.5453],[74.2706,16.548],[74.2645,16.5405],[74.2782,16.505],[74.2474,16.497],[74.2608,16.4801],[74.2744,16.4857],[74.2797,16.5049],[74.2909,16.505],[74.2893,16.463],[74.2971,16.4646],[74.3125,16.4533],[74.3326,16.4548],[74.3297,16.4473],[74.3362,16.4457],[74.3367,16.4289],[74.3289,16.4191],[74.3351,16.4015],[74.3637,16.4051],[74.3534,16.3665],[74.3473,16.3684],[74.3359,16.3938],[74.3275,16.3916],[74.3248,16.3783],[74.3172,16.3811],[74.3248,16.36],[74.3176,16.3531],[74.327,16.3426],[74.3153,16.3401],[74.3225,16.3344],[74.3166,16.3266],[74.3287,16.3238],[74.3252,16.3137],[74.3332,16.3135],[74.3319,16.3053],[74.3426,16.2981],[74.342,16.2912],[74.328,16.2933],[74.3208,16.2845],[74.3249,16.2718],[74.3342,16.2689],[74.3333,16.276],[74.3384,16.2715],[74.3438,16.2781],[74.3505,16.2754],[74.3537,16.2829],[74.3431,16.2904],[74.3456,16.2938],[74.3593,16.2906],[74.373,16.2617],[74.3806,16.262],[74.3826,16.2774],[74.4144,16.2827],[74.4176,16.2581],[74.4358,16.2589],[74.4356,16.2512],[74.4548,16.2534],[74.4561,16.2439],[74.4686,16.2402],[74.4805,16.2502],[74.5031,16.2255],[74.4959,16.2144],[74.508,16.2023],[74.5062,16.1903],[74.4938,16.1865],[74.4884,16.1573],[74.4798,16.1472],[74.4908,16.1168],[74.4843,16.0915],[74.4727,16.0907],[74.4587,16.1038],[74.4276,16.112],[74.41,16.1022],[74.407,16.0936],[74.39,16.0895],[74.3909,16.0805],[74.3722,16.0783],[74.3613,16.0539],[74.3773,16.0552],[74.369,16.0393],[74.3734,16.0365],[74.4297,16.0592],[74.4622,16.0499],[74.463,16.0417],[74.4565,16.0411],[74.4632,16.0392],[74.4308,15.9566],[74.3869,15.905],[74.3934,15.9001],[74.3928,15.8785],[74.4064,15.8645],[74.4062,15.8554],[74.3881,15.8543],[74.3686,15.8944],[74.3632,15.875],[74.3382,15.855],[74.3831,15.8492],[74.381,15.8354],[74.3606,15.8178],[74.3699,15.8115],[74.372,15.7983],[74.3584,15.7749],[74.3457,15.7646],[74.3231,15.7727],[74.3079,15.7485],[74.2873,15.742],[74.2683,15.7548],[74.2423,15.7433],[74.2276,15.7566],[74.2335,15.7871],[74.209,15.7813],[74.2014,15.7587],[74.1895,15.7522],[74.1615,15.7514],[74.151,15.7359],[74.1221,15.7208],[74.1321,15.7025],[74.1258,15.681],[74.1088,15.6728],[74.088,15.6723],[74.0942,15.6631],[74.1183,15.6521],[74.113,15.6461],[74.07,15.6283],[74.0309,15.6227],[74.0211,15.6062],[73.9907,15.6115],[73.9788,15.627],[73.9675,15.6303],[73.9608,15.6452],[73.9677,15.66],[73.9638,15.691],[73.9592,15.6992],[73.9436,15.6985],[73.9517,15.7164],[73.9386,15.7427],[73.8752,15.7507],[73.872,15.7587],[73.8795,15.7741],[73.8657,15.7847],[73.8672,15.7966],[73.8576,15.8005],[73.8467,15.7865],[73.8516,15.7808],[73.8432,15.7812],[73.8377,15.7671],[73.8297,15.7646],[73.8307,15.7527],[73.823,15.7399],[73.8089,15.7425],[73.7899,15.735],[73.7848,15.7254],[73.7424,15.7357],[73.7282,15.7198],[73.7111,15.7259],[73.6942,15.7228],[73.6859,15.7297],[73.6749,15.7268],[73.6524,15.7437],[73.6637,15.7523],[73.66,15.7736],[73.6491,15.8029],[73.6362,15.8158],[73.6288,15.8475],[73.6194,15.8579],[73.6135,15.8544],[73.6058,15.881],[73.5911,15.9009],[73.588,15.9087],[73.5937,15.9142],[73.5701,15.9119],[73.567,15.9163],[73.5719,15.9207],[73.5706,15.9247],[73.5639,15.92],[73.5345,15.9388],[73.531,15.9326],[73.5187,15.9407],[73.5095,15.9373],[73.4894,15.9877],[73.4837,16.034],[73.4664,16.046],[73.4665,16.0541],[73.4571,16.0537],[73.4658,16.0759],[73.458,16.0807],[73.4619,16.0873],[73.4565,16.1272],[73.439,16.1935],[73.4271,16.2041],[73.4041,16.2982],[73.394,16.313],[73.3922,16.3319],[73.3853,16.3366],[73.3895,16.3474],[73.3806,16.3614],[73.3685,16.3635],[73.3713,16.3897],[73.3744,16.3794],[73.389,16.395],[73.4022,16.3912],[73.4072,16.4041],[73.3973,16.3992],[73.3872,16.4041],[73.3793,16.3953],[73.3656,16.3977],[73.3559,16.4441],[73.3493,16.4479],[73.3249,16.5142],[73.3161,16.5127],[73.3181,16.5301],[73.3116,16.5408],[73.3179,16.5553],[73.3216,16.5496],[73.3323,16.562],[73.3534,16.5214],[73.372,16.5111],[73.3864,16.5118],[73.3551,16.5291],[73.3577,16.5417],[73.35,16.544],[73.3459,16.5556],[73.3558,16.5531],[73.3557,16.5636],[73.3429,16.5663],[73.3457,16.576],[73.3409,16.58],[73.3329,16.5768],[73.3239,16.582],[73.317,16.6007],[73.3202,16.607],[73.3311,16.6081],[73.3518,16.5933],[73.3494,16.6027],[73.3405,16.6058],[73.3463,16.6122],[73.3515,16.6094],[73.3555,16.6261],[73.3316,16.6194],[73.3405,16.6277],[73.3386,16.6357],[73.3309,16.6404],[73.3226,16.6354],[73.3217,16.6447],[73.3319,16.6535],[73.3282,16.679],[73.3055,16.7293],[73.3048,16.7662],[73.3171,16.8062],[73.2957,16.8151],[73.2934,16.8393],[73.2877,16.8438],[73.2929,16.8497],[73.2879,16.8577],[73.3002,16.861],[73.2948,16.8605],[73.2859,16.8804],[73.3033,16.8906],[73.2946,16.8982],[73.2777,16.8926],[73.2872,16.9168],[73.2821,16.9501],[73.2919,16.9564],[73.2954,16.9831],[73.2818,17.0007],[73.2759,17.0216],[73.2581,17.0192],[73.2545,17.0271],[73.2563,17.0474],[73.2788,17.0454],[73.2877,17.0725],[73.2787,17.108],[73.2662,17.112],[73.2697,17.1281],[73.2527,17.1885],[73.2308,17.1987],[73.2443,17.1976],[73.2413,17.2245],[73.2239,17.2474],[73.2287,17.2507],[73.2217,17.2555],[73.2202,17.2685],[73.2127,17.2739],[73.2044,17.2687],[73.2028,17.2865],[73.1891,17.2985],[73.1963,17.3066],[73.2047,17.2987],[73.2205,17.303],[73.2259,17.2818],[73.2425,17.285],[73.2422,17.2802],[73.2491,17.2807],[73.2491,17.2959],[73.2338,17.2933],[73.2421,17.3155],[73.2182,17.3291],[73.2214,17.333],[73.2275,17.3331],[73.2303,17.3352],[73.2243,17.3337],[73.2147,17.3454],[73.2193,17.3552],[73.2071,17.3859],[73.1775,17.3868],[73.1671,17.4039],[73.1763,17.4041],[73.1871,17.4143],[73.1866,17.43],[73.1956,17.4374],[73.2065,17.4347],[73.2113,17.4373],[73.1867,17.4421],[73.1837,17.4554],[73.1921,17.4666],[73.1772,17.5078],[73.1799,17.5084],[73.1809,17.503],[73.1834,17.5025],[73.1846,17.5097],[73.1815,17.5037],[73.1796,17.5097],[73.1714,17.5183],[73.1731,17.5183],[73.1614,17.5298],[73.1547,17.5286],[73.1368,17.556],[73.1399,17.5679],[73.1643,17.5813],[73.1358,17.6125],[73.1265,17.6374],[73.1345,17.6441],[73.115,17.6804],[73.1143,17.6957],[73.134,17.7079],[73.1312,17.7257],[73.1087,17.7905],[73.0939,17.81],[73.0879,17.8073],[73.0925,17.8251],[73.0719,17.8847],[73.0477,17.9081],[73.0538,17.9153],[73.0464,17.9319],[73.029,17.9448],[73.0336,17.9853],[73.0184,17.9903],[73.016,18.0057],[73.0029,18.021],[73.0242,18.0223],[73.0405,18.0358],[73.0557,18.0336],[73.0529,18.0397],[73.0641,18.0454],[73.0739,18.0416],[73.0859,18.0536],[73.0799,18.0676],[73.0707,18.066],[73.0389,18.0511],[73.0252,18.0513],[73.016,18.0325],[73.0081,18.0504],[72.9907,18.0534],[72.9932,18.0655],[73.0012,18.0696],[72.971,18.1315],[72.9807,18.1357],[72.99,18.1604],[72.9942,18.1577],[72.9922,18.1616],[72.9874,18.1602],[72.9783,18.1931],[72.9933,18.1856],[73.0039,18.1904],[72.9812,18.1948],[72.9452,18.2229],[72.9382,18.2155],[72.9316,18.2196],[72.9418,18.233],[72.9348,18.2725],[72.9412,18.2853],[72.9662,18.2785],[72.974,18.2629],[72.9678,18.2558],[72.9719,18.2429],[72.9789,18.2394],[72.9982,18.2449],[72.9999,18.2602],[73.0193,18.2583],[73.0433,18.2463],[73.062,18.2689],[73.0471,18.2851],[73.0415,18.283],[73.043,18.2648],[73.034,18.264],[73.0208,18.2689],[73.0162,18.2836],[72.9991,18.2915],[72.9923,18.2736],[72.981,18.2998],[72.9697,18.3],[72.9665,18.3111],[72.9552,18.3159],[72.9608,18.3197],[72.9527,18.3349],[72.9347,18.3441],[72.9331,18.3513],[72.9236,18.3534],[72.9198,18.3474],[72.914,18.3547],[72.9119,18.3689],[72.9295,18.3725],[72.9244,18.3743],[72.9235,18.3924],[72.9123,18.3939],[72.906,18.4032],[72.906,18.4389],[72.8946,18.4632],[72.905,18.5022],[72.9111,18.5024],[72.9166,18.5058],[72.9096,18.5037],[72.9055,18.5431],[72.9319,18.5402],[72.9234,18.5456],[72.8835,18.6388],[72.8715,18.6398],[72.8666,18.6481],[72.8554,18.6985],[72.8647,18.7228],[72.8637,18.7897],[72.8698,18.8044],[72.8901,18.7988],[72.9001,18.8039],[72.9047,18.7923],[72.9117,18.7904],[72.93,18.8024],[72.936,18.8236],[72.9463,18.8224],[72.9374,18.7978],[72.9407,18.7931],[72.9562,18.7965],[72.9765,18.7862],[72.9745,18.7818],[72.9924,18.777],[72.9738,18.7498],[72.9859,18.7499],[72.9957,18.7828],[72.9481,18.8331],[72.9202,18.8365],[72.8428,18.8633],[72.8641,18.9081],[72.9058,18.9361],[72.9144,18.9499],[72.9091,18.9734],[72.8818,18.9857],[72.8857,19.0121],[72.8782,19.0219],[72.8543,18.9972],[72.8605,18.9815],[72.8488,18.9777],[72.8552,18.976],[72.846,18.9648],[72.8434,18.9303],[72.8356,18.9284],[72.8284,18.9122],[72.8182,18.9082],[72.8093,18.8935],[72.8044,18.9094],[72.8167,18.9088],[72.8259,18.9205],[72.8199,18.9279],[72.8226,18.9444],[72.809,18.9555],[72.7928,18.9407],[72.8041,18.9737],[72.8138,18.983],[72.8111,19.0015],[72.8175,19.0256],[72.823,19.0174],[72.8326,19.0237],[72.8388,19.0444],[72.8318,19.0532],[72.817,19.0415],[72.8244,19.0558],[72.823,19.08],[72.828,19.0774],[72.8332,19.0848],[72.8259,19.0847],[72.8211,19.1183],[72.8287,19.1166],[72.8044,19.1407],[72.8061,19.1467],[72.8116,19.1448],[72.8068,19.1515],[72.8005,19.1396],[72.7955,19.1414],[72.797,19.1345],[72.7861,19.1335],[72.7897,19.1473],[72.7816,19.1679],[72.7958,19.1789],[72.7954,19.1953],[72.7817,19.1943],[72.7862,19.2045],[72.7757,19.225],[72.7837,19.2593],[72.7789,19.277],[72.7844,19.3024],[72.7937,19.3097],[72.8076,19.3022],[72.8546,19.3191],[72.8975,19.288],[72.9093,19.2876],[72.869,19.3359],[72.8436,19.3424],[72.8072,19.3237],[72.7732,19.3485],[72.7738,19.3569],[72.7577,19.374],[72.755,19.3859],[72.7615,19.3941],[72.7507,19.4386],[72.7404,19.4551],[72.7475,19.4905],[72.7215,19.5013],[72.7235,19.523],[72.7296,19.5254],[72.725,19.5258],[72.7255,19.5365],[72.7173,19.5354],[72.7125,19.5426],[72.7171,19.5414],[72.7201,19.5536],[72.7089,19.5729],[72.7149,19.5813],[72.7094,19.5981],[72.7254,19.6013],[72.7284,19.6116],[72.7102,19.6506],[72.7036,19.6507],[72.7103,19.6665],[72.7041,19.6677],[72.7002,19.6865],[72.704,19.6895],[72.7056,19.6836],[72.7088,19.6909],[72.7083,19.7056],[72.6973,19.7232],[72.684,19.7213],[72.681,19.7249],[72.6781,19.7417],[72.6794,19.7515],[72.6852,19.7525],[72.687,19.7903],[72.6733,19.8129],[72.6659,19.8137],[72.6676,19.8022],[72.6578,19.8094],[72.6548,19.8179],[72.6616,19.8163],[72.66,19.8242],[72.6496,19.833],[72.6477,19.8501],[72.6521,19.8503],[72.6459,19.8585],[72.6508,19.8645],[72.6578,19.8558],[72.6517,19.8594],[72.651,19.8544],[72.663,19.8476],[72.6584,19.8615],[72.6665,19.8648],[72.6624,19.8605],[72.6701,19.854],[72.6776,19.8648],[72.6718,19.877],[72.6783,19.8886],[72.6651,19.9005],[72.6691,19.915],[72.6607,19.9375],[72.6679,19.9467],[72.6836,19.9501],[72.6815,19.9621],[72.6892,19.9623],[72.6885,19.9727],[72.6969,19.9673],[72.7192,19.9836],[72.7194,20.0005],[72.7048,20.0324],[72.7151,20.0278],[72.7076,20.037],[72.7021,20.0347],[72.7084,20.0527],[72.6998,20.0776],[72.7133,20.0905],[72.7164,20.0895],[72.7246,20.0828],[72.726,20.0818],[72.7263,20.0822],[72.7147,20.0933],[72.7263,20.1121],[72.7272,20.1267],[72.7747,20.132],[72.794,20.1232],[72.7852,20.145],[72.8058,20.1543],[72.8244,20.1419],[72.8223,20.1548],[72.8163,20.1565],[72.816,20.1843],[72.8369,20.1883],[72.8308,20.1966],[72.839,20.209],[72.8611,20.2075],[72.8587,20.2246],[72.8704,20.2282],[72.8895,20.2201],[72.8993,20.2277],[72.9626,20.2098],[72.9617,20.1843],[72.9775,20.1795],[72.9614,20.1313],[72.977,20.1128],[72.9924,20.1178],[72.998,20.1427],[73.0111,20.1345],[73.0123,20.1295],[72.9998,20.1226],[73.0012,20.1118],[73.0396,20.0672],[73.0526,20.0645],[73.0539,20.095],[73.064,20.0984],[73.1036,20.0896],[73.112,20.0743],[73.1368,20.0859],[73.1375,20.0786],[73.1545,20.0758],[73.1572,20.0629],[73.1788,20.0472],[73.193,20.0508],[73.1874,20.0588],[73.1892,20.0773],[73.204,20.0786],[73.2131,20.0911],[73.215,20.1192],[73.2106,20.1205],[73.2179,20.1365],[73.227,20.138],[73.227,20.1228],[73.2532,20.1257],[73.2539,20.1378],[73.2791,20.1501],[73.2832,20.1982],[73.2976,20.2085],[73.3434,20.1996],[73.3466,20.2097],[73.3568,20.213],[73.3613,20.2073],[73.3532,20.2015],[73.3654,20.1955],[73.366,20.2037],[73.3831,20.2117],[73.3887,20.1929],[73.3945,20.1989],[73.4167,20.1984],[73.4214,20.2065],[73.4107,20.2386],[73.4176,20.2429],[73.4128,20.2445],[73.4129,20.2709],[73.4277,20.2801],[73.4138,20.3257],[73.4185,20.3305],[73.4092,20.3492],[73.4134,20.3567],[73.4061,20.3844],[73.3847,20.3713],[73.3798,20.3935],[73.3959,20.3963],[73.414,20.4162],[73.4196,20.413],[73.431,20.4544],[73.4677,20.4965],[73.4696,20.5199],[73.4938,20.5383],[73.4753,20.5436],[73.4791,20.5606],[73.4732,20.5847],[73.4491,20.5942],[73.4309,20.5942],[73.4202,20.6273],[73.4072,20.624],[73.4069,20.6355],[73.392,20.6461],[73.3957,20.6527],[73.4336,20.6681],[73.4321,20.6774],[73.4442,20.6812],[73.4483,20.6923],[73.4408,20.6997],[73.4495,20.7176],[73.4747,20.7204],[73.4903,20.6864],[73.4863,20.6752],[73.4786,20.6767],[73.4892,20.6557],[73.4956,20.6536],[73.5043,20.6709],[73.5179,20.6676],[73.5206,20.6788],[73.5329,20.6731],[73.5509,20.6485],[73.5693,20.6516],[73.5995,20.6369],[73.6223,20.6142],[73.6275,20.584],[73.6523,20.5646],[73.6695,20.5633],[73.6954,20.5785],[73.7323,20.5744],[73.7446,20.5648],[73.7605,20.5734],[73.7764,20.6009],[73.7913,20.6053],[73.7984,20.5987],[73.8071,20.6084],[73.8383,20.6206],[73.8327,20.6488],[73.839,20.6589],[73.8306,20.6751],[73.8173,20.6719],[73.812,20.6923],[73.8354,20.7022],[73.8552,20.6923],[73.8742,20.7296],[73.8958,20.732],[73.9171,20.725],[73.9415,20.7414],[73.9413,20.7583],[73.9319,20.7606],[73.9362,20.8009],[73.932,20.8089],[73.9441,20.8238],[73.9413,20.8402],[73.9291,20.8423],[73.9235,20.8513],[73.9255,20.8884],[73.9173,20.9077],[73.888,20.9335],[73.8921,20.9556],[73.9078,20.9597],[73.9011,20.9822],[73.8688,20.9852],[73.7999,21.0386],[73.7953,21.0444],[73.8107,21.0594],[73.8075,21.0847],[73.7801,21.0644],[73.7297,21.0823],[73.7435,21.1151],[73.7294,21.0998],[73.7052,21.1083],[73.7029,21.1183],[73.6887,21.1007],[73.6769,21.1084],[73.6516,21.1075],[73.6461,21.1211],[73.6182,21.1184],[73.6116,21.138],[73.6174,21.1426],[73.6049,21.1439],[73.5985,21.1565],[73.5782,21.1504],[73.5766,21.1566],[73.583,21.1609],[73.5771,21.1707],[73.5996,21.1817],[73.6065,21.1788],[73.6075,21.1589],[73.629,21.1548],[73.6272,21.1432],[73.6344,21.1408],[73.6647,21.1472],[73.6675,21.1546],[73.7015,21.1536],[73.7011,21.1462],[73.7187,21.1396],[73.733,21.1422],[73.7369,21.1531],[73.7283,21.1618],[73.7401,21.1711],[73.7721,21.1646],[73.7811,21.171],[73.7847,21.184],[73.8156,21.174],[73.8196,21.1866],[73.8257,21.187],[73.8258,21.2],[73.8152,21.1972],[73.8105,21.2075],[73.8116,21.2311],[73.8282,21.2399],[73.8226,21.2707],[73.8497,21.2747],[73.8794,21.2658],[73.9419,21.2992],[73.9489,21.3511],[73.9438,21.3999],[73.9387,21.4049],[73.9593,21.3954],[73.9702,21.3977],[73.9767,21.4118],[73.9822,21.4079],[74.0026,21.4214],[74.0446,21.4192],[74.0495,21.4402],[74.0455,21.4461],[74.0612,21.4619],[74.063,21.4746],[74.0728,21.4688],[74.0723,21.457],[74.0946,21.4557],[74.1007,21.4477],[74.1163,21.4523],[74.1169,21.462],[74.1252,21.4667],[74.1337,21.4659],[74.1358,21.4561],[74.1609,21.4688],[74.1822,21.4692],[74.1877,21.4582],[74.2091,21.4621],[74.2142,21.4817],[74.2344,21.4823],[74.2356,21.4676],[74.2534,21.4676],[74.2557,21.4767],[74.304,21.488],[74.3039,21.4994],[74.3206,21.4985],[74.3207,21.5291],[74.3305,21.5353],[74.3263,21.5424],[74.3317,21.544],[74.3301,21.553],[74.3219,21.5485],[74.303,21.5521],[74.3028,21.5667],[74.2949,21.5691],[74.2761,21.562],[74.2778,21.5534],[74.2684,21.5526],[74.2633,21.5399],[74.2359,21.5394],[74.2363,21.5484],[74.2289,21.5542],[74.1953,21.532],[74.1931,21.5395],[74.1826,21.5423],[74.1758,21.5688],[74.1577,21.5688],[74.154,21.5568],[74.1391,21.5554],[74.1366,21.5464],[74.1189,21.5563],[74.113,21.5484],[74.1098,21.5559],[74.103,21.5562],[74.0968,21.5508],[74.0792,21.5541],[74.0818,21.5486],[74.0722,21.5479],[74.0599,21.5503],[74.0545,21.5587],[74.054,21.5478],[74.0431,21.5423],[74.0378,21.5508],[74.0299,21.5455],[74.0052,21.5535],[73.9981,21.5388],[73.974,21.5427],[73.9823,21.5219],[73.9661,21.5216],[73.9569,21.5409],[73.9518,21.5127],[73.9455,21.5166],[73.9319,21.5121],[73.9259,21.5253],[73.9156,21.5192],[73.9052,21.5246],[73.9053,21.5158],[73.8925,21.5092],[73.8779,21.5043],[73.8767,21.5118],[73.8644,21.5123],[73.8726,21.5064],[73.8693,21.501],[73.8519,21.4979],[73.8347,21.5203],[73.8139,21.6008],[73.7976,21.6047],[73.7814,21.6186],[73.7801,21.6282],[73.8143,21.6442],[73.8304,21.6424],[73.8386,21.6331],[73.8519,21.6462],[73.8596,21.6421],[73.8879,21.6532],[73.8943,21.676],[73.8916,21.6918],[73.881,21.7147],[73.8664,21.719],[73.824,21.7611],[73.8342,21.775],[73.8288,21.7861],[73.8377,21.7894],[73.8273,21.7928],[73.8323,21.8016],[73.8269,21.8102],[73.8079,21.8099],[73.7956,21.8246],[73.8166,21.8409],[73.8728,21.8418],[73.8875,21.8546],[73.9295,21.8645],[74.0492,21.9259],[74.1282,21.9498],[74.1572,21.9507],[74.1929,21.9259],[74.281,21.933],[74.3074,21.9717],[74.3535,21.9802],[74.3756,22.0005],[74.3847,22.0181],[74.398,22.0229],[74.3893,22.0324]],[[74.2755,15.8299],[74.2635,15.8285],[74.2692,15.8176],[74.2679,15.7961],[74.2902,15.7874],[74.2941,15.796],[74.3023,15.7878],[74.3114,15.7933],[74.3138,15.8],[74.2922,15.8322],[74.2755,15.8299]]],[[[72.7326,19.4673],[72.7368,19.4659],[72.7328,19.4593],[72.7288,19.4658],[72.7326,19.4673]]]]}},{"type":"Feature","properties":{"name":"Puducherry"},"geometry":{"type":"MultiPolygon","coordinates":[[[[79.7567,11.0026],[79.7864,10.9972],[79.7863,10.9896],[79.7977,10.9824],[79.804,10.9869],[79.8042,10.9976],[79.8154,11.0038],[79.8206,10.9981],[79.84,11.0015],[79.8393,10.9958],[79.8514,10.9939],[79.8507,10.8278],[79.8309,10.8273],[79.828,10.8496],[79.821,10.8455],[79.8078,10.8556],[79.8074,10.8654],[79.8116,10.8596],[79.8248,10.8648],[79.8223,10.8742],[79.811,10.8755],[79.8112,10.8803],[79.8285,10.8837],[79.8042,10.891],[79.7946,10.8875],[79.7902,10.8948],[79.7835,10.8884],[79.7824,10.8953],[79.7953,10.9027],[79.7892,10.9084],[79.7773,10.9089],[79.7769,10.8965],[79.7562,10.8917],[79.7635,10.8997],[79.7569,10.8964],[79.7623,10.9143],[79.7433,10.9148],[79.743,10.925],[79.7246,10.9297],[79.7295,10.9362],[79.7232,10.9351],[79.7242,10.9419],[79.7374,10.9525],[79.7347,10.9577],[79.7326,10.9514],[79.7199,10.9526],[79.7196,10.9685],[79.7447,10.9662],[79.746,10.9562],[79.7638,10.9597],[79.7527,10.9768],[79.7584,10.9834],[79.7472,10.9883],[79.7471,11.0028],[79.7567,11.0026]]],[[[79.7468,12.0075],[79.7623,12.0026],[79.7603,11.9892],[79.7419,11.9776],[79.7264,11.9857],[79.7234,11.977],[79.7244,11.9712],[79.7444,11.9649],[79.7502,11.9199],[79.7621,11.9285],[79.7598,11.9436],[79.7714,11.9438],[79.7846,11.9598],[79.805,11.9532],[79.8125,11.9778],[79.8184,11.9778],[79.8288,11.9583],[79.8405,11.9557],[79.8077,11.8365],[79.8006,11.8552],[79.7816,11.8557],[79.7758,11.8384],[79.7661,11.8405],[79.7621,11.8483],[79.7708,11.8613],[79.7684,11.8759],[79.7573,11.876],[79.7503,11.8479],[79.743,11.8483],[79.7396,11.8646],[79.721,11.8625],[79.7177,11.8541],[79.7082,11.869],[79.7097,11.8892],[79.6739,11.8807],[79.6737,11.8916],[79.6867,11.8888],[79.6871,11.8945],[79.6953,11.8947],[79.6961,11.9191],[79.7186,11.919],[79.7179,11.9133],[79.7065,11.9136],[79.7052,11.8939],[79.7111,11.8907],[79.7288,11.8901],[79.7312,11.9032],[79.7406,11.9054],[79.7174,11.9289],[79.7208,11.9449],[79.7096,11.9499],[79.7111,11.933],[79.6916,11.9513],[79.6956,11.9639],[79.7149,11.9676],[79.7092,11.9758],[79.7123,11.9865],[79.7333,11.9932],[79.7468,12.0075]],[[79.7753,11.9049],[79.7692,11.9017],[79.7727,11.8752],[79.7796,11.8779],[79.7783,11.8631],[79.785,11.8629],[79.7964,11.8998],[79.7876,11.8968],[79.7753,11.9049]]],[[[79.7376,11.8429],[79.7643,11.8337],[79.7677,11.8227],[79.7801,11.8318],[79.7974,11.8245],[79.8006,11.8306],[79.7935,11.8323],[79.7982,11.8387],[79.807,11.8335],[79.7957,11.7854],[79.7718,11.7821],[79.7706,11.7895],[79.7618,11.7908],[79.755,11.7752],[79.7128,11.7908],[79.7138,11.7963],[79.7227,11.7964],[79.7244,11.8104],[79.7356,11.8093],[79.7293,11.8369],[79.7381,11.8369],[79.7376,11.8429]]],[[[79.6498,11.8704],[79.6626,11.8672],[79.6633,11.8612],[79.6568,11.852],[79.6401,11.852],[79.6411,11.8703],[79.6498,11.8704]]]]}},{"type":"Feature","properties":{"name":"Tamilnadu"},"geometry":{"type":"MultiPolygon","coordinates":[[[[80.3036,13.4731],[80.326,13.4416],[80.3465,13.3132],[80.3452,13.2798],[80.3127,13.1674],[80.2984,13.1374],[80.3042,13.1303],[80.2978,13.1327],[80.2968,13.1239],[80.3055,13.1303],[80.3004,13.1214],[80.3049,13.11],[80.3033,13.106],[80.3014,13.112],[80.3017,13.0986],[80.2949,13.0929],[80.3007,13.0911],[80.3037,13.1025],[80.3107,13.1081],[80.2873,13.067],[80.2668,12.9696],[80.2562,12.8427],[80.2658,12.7819],[80.2584,12.7565],[80.2447,12.7513],[80.2271,12.7078],[80.2006,12.6171],[80.1656,12.5275],[80.1557,12.4649],[80.0342,12.3017],[79.8846,12.0644],[79.8405,11.9557],[79.8288,11.9583],[79.8184,11.9778],[79.8125,11.9778],[79.805,11.9532],[79.7846,11.9598],[79.7714,11.9438],[79.7598,11.9436],[79.7621,11.9285],[79.7502,11.9199],[79.7444,11.9649],[79.7244,11.9712],[79.7234,11.977],[79.7264,11.9857],[79.7419,11.9776],[79.7603,11.9892],[79.7623,12.0026],[79.7464,12.0076],[79.7333,11.9932],[79.7123,11.9865],[79.7092,11.9758],[79.7149,11.9676],[79.6956,11.9639],[79.6916,11.9513],[79.7111,11.933],[79.7096,11.9499],[79.7208,11.9449],[79.7174,11.9289],[79.7406,11.9054],[79.7312,11.9032],[79.7288,11.8901],[79.7111,11.8907],[79.7052,11.8939],[79.7065,11.9136],[79.7179,11.9133],[79.7186,11.919],[79.6961,11.9191],[79.6953,11.8947],[79.6871,11.8945],[79.6867,11.8888],[79.6737,11.8916],[79.6739,11.8807],[79.7099,11.8892],[79.7082,11.869],[79.7188,11.8532],[79.721,11.8625],[79.7393,11.8647],[79.743,11.8483],[79.7518,11.8483],[79.7573,11.876],[79.7639,11.8769],[79.77,11.8746],[79.7708,11.8613],[79.7621,11.8483],[79.7681,11.8388],[79.7758,11.8384],[79.7822,11.8558],[79.8006,11.8552],[79.8081,11.8452],[79.807,11.8335],[79.7982,11.8387],[79.7937,11.8335],[79.8006,11.8306],[79.7974,11.8245],[79.7783,11.8317],[79.77,11.8225],[79.7643,11.8337],[79.7366,11.8442],[79.7381,11.8369],[79.7293,11.8369],[79.7356,11.8093],[79.7244,11.8104],[79.7227,11.7964],[79.7123,11.7915],[79.755,11.7752],[79.7618,11.7908],[79.7706,11.7895],[79.7718,11.7821],[79.7957,11.7854],[79.7605,11.6243],[79.7569,11.5561],[79.7628,11.5295],[79.7739,11.5046],[79.7678,11.5106],[79.7726,11.501],[79.7781,11.5015],[79.7706,11.5137],[79.7783,11.5068],[79.8074,11.444],[79.8242,11.3628],[79.8387,11.3538],[79.833,11.3124],[79.8525,11.1966],[79.8554,11.0141],[79.8511,10.9943],[79.8393,10.9958],[79.84,11.0015],[79.8206,10.9981],[79.8154,11.0038],[79.8042,10.9976],[79.804,10.9869],[79.7977,10.9824],[79.7863,10.9896],[79.7864,10.9972],[79.7475,11.0031],[79.7472,10.9883],[79.7584,10.9834],[79.7527,10.9768],[79.7638,10.9597],[79.746,10.9562],[79.7463,10.9651],[79.7311,10.9705],[79.7196,10.9685],[79.7191,10.9571],[79.7298,10.9508],[79.7366,10.9574],[79.7371,10.949],[79.7239,10.9413],[79.7232,10.9351],[79.7295,10.9362],[79.725,10.9291],[79.743,10.925],[79.7433,10.9148],[79.7629,10.9136],[79.7569,10.8964],[79.7612,10.9017],[79.7635,10.8997],[79.7562,10.8917],[79.7769,10.8965],[79.7773,10.9089],[79.7892,10.9084],[79.7953,10.9027],[79.7824,10.8953],[79.7835,10.8884],[79.7902,10.8948],[79.7946,10.8875],[79.8042,10.891],[79.8285,10.8837],[79.8112,10.8803],[79.811,10.8755],[79.8223,10.8742],[79.8248,10.8648],[79.8116,10.8596],[79.8074,10.8654],[79.8078,10.8556],[79.821,10.8455],[79.828,10.8496],[79.8309,10.8273],[79.8506,10.8278],[79.8343,10.8129],[79.8487,10.8104],[79.8625,10.473],[79.8584,10.4722],[79.8628,10.4702],[79.8653,10.4013],[79.8803,10.3046],[79.8683,10.2867],[79.8467,10.2799],[79.8162,10.2759],[79.8191,10.2792],[79.8132,10.2887],[79.8145,10.2828],[79.8099,10.2845],[79.8155,10.2769],[79.802,10.2741],[79.8017,10.2785],[79.7966,10.2733],[79.7117,10.2793],[79.7208,10.288],[79.705,10.2928],[79.6387,10.3422],[79.637,10.3786],[79.56,10.3857],[79.5556,10.3739],[79.5424,10.3654],[79.5382,10.3686],[79.5354,10.3588],[79.5025,10.3798],[79.5024,10.3491],[79.4759,10.3507],[79.4718,10.316],[79.3879,10.3175],[79.3602,10.2912],[79.3291,10.2843],[79.2983,10.2633],[79.2681,10.2328],[79.2778,10.222],[79.2772,10.2133],[79.2649,10.1974],[79.2414,10.1848],[79.2387,10.1598],[79.2255,10.1458],[79.2333,10.1271],[79.227,10.1191],[79.2292,10.1074],[79.223,10.106],[79.2197,10.1126],[79.2193,10.113],[79.219,10.1126],[79.2225,10.1055],[79.2288,10.1053],[79.2313,10.0829],[79.2274,10.0844],[79.2231,10.0812],[79.2302,10.0829],[79.227,10.0736],[79.2315,10.0819],[79.234,10.0706],[79.2479,10.0708],[79.2533,10.0585],[79.247,10.0568],[79.266,10.0392],[79.2147,10.0],[79.1504,9.9196],[79.1448,9.9187],[79.1451,9.9242],[79.1436,9.9187],[79.1387,9.9208],[79.1469,9.9114],[79.1398,9.9046],[79.1391,9.9074],[79.1365,9.9096],[79.1395,9.9044],[79.1313,9.897],[79.128,9.9027],[79.1267,9.9037],[79.1254,9.9037],[79.1297,9.8958],[79.1239,9.8835],[79.1183,9.8906],[79.1111,9.8928],[79.1214,9.8805],[79.1157,9.8795],[79.1128,9.8602],[79.1221,9.8603],[79.1207,9.8553],[79.11,9.8578],[79.1168,9.8504],[79.0855,9.8198],[79.055,9.7717],[79.0318,9.7571],[78.9927,9.7096],[78.9738,9.6777],[78.9556,9.6242],[78.9291,9.5843],[78.9229,9.5621],[78.9243,9.5286],[78.9096,9.4985],[78.9153,9.499],[78.9144,9.4929],[78.8983,9.4895],[78.9027,9.4634],[78.936,9.4091],[79.0052,9.3395],[79.0646,9.2987],[79.1229,9.2904],[79.1184,9.2881],[79.1382,9.292],[79.1581,9.2846],[79.2092,9.2834],[79.2191,9.2915],[79.2658,9.2927],[79.2814,9.3127],[79.3098,9.3276],[79.3292,9.3201],[79.3349,9.3093],[79.3146,9.2812],[79.3238,9.2635],[79.4163,9.1871],[79.4357,9.1641],[79.4358,9.1584],[79.4162,9.1772],[79.2992,9.2467],[79.2511,9.26],[79.2149,9.2562],[79.2165,9.2709],[79.2128,9.2667],[79.2039,9.2754],[79.2011,9.2685],[79.2024,9.2781],[79.207,9.2825],[79.1461,9.277],[79.0886,9.2611],[78.9646,9.2739],[78.924,9.2663],[78.9087,9.2515],[78.8608,9.2548],[78.7325,9.2115],[78.7174,9.2008],[78.7165,9.189],[78.6641,9.1934],[78.6427,9.1757],[78.6573,9.1576],[78.6061,9.1477],[78.5784,9.1303],[78.5321,9.1373],[78.4137,9.1139],[78.2149,8.966],[78.1865,8.9236],[78.1798,8.8927],[78.1668,8.8729],[78.1679,8.8259],[78.1638,8.803],[78.158,8.7992],[78.1637,8.7839],[78.16,8.7802],[78.1793,8.7667],[78.1973,8.7888],[78.1975,8.7648],[78.2261,8.7515],[78.2159,8.7424],[78.1927,8.7512],[78.1658,8.744],[78.1539,8.7122],[78.1358,8.6933],[78.1286,8.6713],[78.1264,8.6247],[78.1378,8.586],[78.1233,8.5302],[78.1236,8.5087],[78.1304,8.4969],[78.0637,8.418],[78.0567,8.3794],[78.0668,8.3729],[77.9716,8.3331],[77.9525,8.3139],[77.8789,8.2681],[77.8027,8.2402],[77.7836,8.2216],[77.7811,8.201],[77.7445,8.1769],[77.7139,8.1665],[77.6402,8.1574],[77.5769,8.1367],[77.5586,8.1193],[77.558,8.0977],[77.5641,8.0923],[77.5511,8.078],[77.4467,8.0942],[77.3339,8.1265],[77.3155,8.121],[77.2789,8.1602],[77.2398,8.1762],[77.2228,8.1962],[77.1845,8.2187],[77.1491,8.2556],[77.0957,8.2927],[77.1029,8.3063],[77.122,8.3085],[77.1189,8.3208],[77.1481,8.3316],[77.1532,8.3268],[77.1684,8.3324],[77.1727,8.3187],[77.1802,8.3233],[77.1665,8.3424],[77.175,8.3499],[77.1738,8.3584],[77.1675,8.3633],[77.1523,8.355],[77.1607,8.3735],[77.1593,8.3811],[77.1506,8.3844],[77.1605,8.3893],[77.1676,8.3836],[77.1968,8.4195],[77.1959,8.4288],[77.2059,8.4439],[77.2269,8.4466],[77.2251,8.4595],[77.2129,8.4703],[77.2103,8.4918],[77.2012,8.5009],[77.2134,8.5119],[77.2293,8.5081],[77.2386,8.4959],[77.2615,8.5062],[77.2837,8.5467],[77.2663,8.5852],[77.2463,8.6035],[77.2519,8.6082],[77.2514,8.6202],[77.2345,8.6269],[77.2292,8.6398],[77.2141,8.6492],[77.2008,8.6689],[77.2067,8.6844],[77.1699,8.7418],[77.1724,8.7495],[77.191,8.7415],[77.1982,8.7535],[77.1968,8.7682],[77.2174,8.7676],[77.213,8.7785],[77.2296,8.7846],[77.2319,8.8071],[77.2422,8.8093],[77.2639,8.842],[77.2583,8.8749],[77.2375,8.8857],[77.2384,8.8978],[77.2211,8.904],[77.2212,8.9274],[77.2103,8.9319],[77.2029,8.923],[77.1926,8.9262],[77.1961,8.9546],[77.1854,8.9702],[77.178,8.9691],[77.1734,8.9912],[77.1615,8.9951],[77.1469,9.0213],[77.1609,9.0291],[77.1669,9.0448],[77.1971,9.0465],[77.212,9.0998],[77.226,9.1074],[77.228,9.1161],[77.2468,9.1238],[77.2677,9.1533],[77.2642,9.1861],[77.2524,9.1895],[77.2562,9.1993],[77.2706,9.2008],[77.2821,9.2168],[77.2752,9.2348],[77.2826,9.2732],[77.2884,9.2742],[77.2829,9.3013],[77.2994,9.3109],[77.2999,9.3367],[77.3251,9.3371],[77.3437,9.4021],[77.3364,9.4123],[77.3492,9.4411],[77.3658,9.4601],[77.377,9.4528],[77.3925,9.4594],[77.3914,9.4688],[77.4019,9.4776],[77.3991,9.4964],[77.4122,9.509],[77.4003,9.5179],[77.4004,9.5274],[77.385,9.5192],[77.3654,9.5351],[77.3649,9.5527],[77.3501,9.5671],[77.3597,9.5774],[77.3573,9.5944],[77.366,9.596],[77.361,9.6023],[77.3544,9.6041],[77.3393,9.5733],[77.3252,9.58],[77.3298,9.599],[77.3177,9.6025],[77.3037,9.5988],[77.2696,9.5728],[77.2529,9.583],[77.2342,9.5816],[77.2097,9.605],[77.2088,9.6135],[77.198,9.6144],[77.1885,9.6061],[77.1657,9.6129],[77.1761,9.6295],[77.181,9.6592],[77.2066,9.6946],[77.2034,9.7221],[77.2238,9.7304],[77.2201,9.745],[77.2324,9.7691],[77.2227,9.7883],[77.2467,9.7984],[77.2412,9.8161],[77.2218,9.823],[77.2275,9.8386],[77.223,9.8454],[77.2372,9.8519],[77.2363,9.8601],[77.2213,9.8637],[77.2125,9.8774],[77.2208,9.885],[77.2183,9.9048],[77.2301,9.913],[77.2466,9.9519],[77.2609,9.9525],[77.2727,9.9642],[77.2667,9.9903],[77.261,9.9917],[77.2648,10.0042],[77.2547,10.0124],[77.2638,10.0292],[77.2315,10.0668],[77.204,10.0884],[77.2011,10.1071],[77.2074,10.1191],[77.2163,10.1164],[77.2385,10.1308],[77.2676,10.1221],[77.2748,10.1312],[77.2745,10.1849],[77.2834,10.1976],[77.2829,10.2085],[77.2952,10.2185],[77.2809,10.2367],[77.259,10.2304],[77.2572,10.2594],[77.2635,10.2638],[77.2273,10.3165],[77.2352,10.3528],[77.1759,10.3585],[77.1201,10.318],[77.1019,10.3155],[77.0956,10.3087],[77.0914,10.315],[77.0631,10.2916],[77.0435,10.284],[77.0528,10.2722],[77.0484,10.2594],[77.015,10.2455],[76.9835,10.2196],[76.9395,10.2381],[76.9218,10.2315],[76.9118,10.2342],[76.9025,10.2395],[76.8973,10.2614],[76.8732,10.2756],[76.8731,10.2975],[76.8485,10.2845],[76.8402,10.299],[76.8298,10.3031],[76.836,10.3454],[76.8485,10.3673],[76.8232,10.3945],[76.8332,10.4073],[76.8242,10.4095],[76.816,10.4229],[76.8279,10.4497],[76.8302,10.4972],[76.843,10.5366],[76.8352,10.5445],[76.8385,10.5963],[76.8174,10.6027],[76.81,10.6238],[76.8142,10.635],[76.8595,10.6316],[76.882,10.6389],[76.8781,10.6743],[76.867,10.6791],[76.8674,10.6942],[76.8821,10.7167],[76.8921,10.7184],[76.8881,10.7317],[76.9036,10.7618],[76.9072,10.7833],[76.9007,10.808],[76.8701,10.809],[76.864,10.8179],[76.8482,10.8195],[76.8451,10.8268],[76.8538,10.8396],[76.8319,10.8608],[76.8283,10.8726],[76.7918,10.8818],[76.7814,10.8911],[76.7679,10.8877],[76.7524,10.8957],[76.7407,10.891],[76.7148,10.9086],[76.6951,10.9103],[76.659,10.9305],[76.6557,10.939],[76.6646,10.9435],[76.6667,10.9684],[76.6859,10.9892],[76.6996,11.0266],[76.7181,11.0409],[76.7665,11.0291],[76.7917,11.0374],[76.8007,11.0539],[76.778,11.0421],[76.7464,11.0567],[76.7438,11.0731],[76.7545,11.079],[76.7433,11.1025],[76.7498,11.1191],[76.748,11.1354],[76.7313,11.1317],[76.7188,11.1494],[76.712,11.1509],[76.712,11.1423],[76.7062,11.1416],[76.7001,11.1536],[76.6979,11.1742],[76.7285,11.1914],[76.7268,11.2074],[76.7345,11.218],[76.7057,11.2404],[76.6842,11.2338],[76.6763,11.2202],[76.6288,11.1942],[76.6008,11.1975],[76.5338,11.1856],[76.499,11.2114],[76.4723,11.2088],[76.4734,11.195],[76.4583,11.1877],[76.4515,11.1994],[76.4385,11.199],[76.4489,11.2055],[76.453,11.2394],[76.5216,11.2706],[76.5267,11.2886],[76.5456,11.3003],[76.5372,11.3141],[76.5499,11.331],[76.5478,11.3589],[76.5081,11.3542],[76.5176,11.3716],[76.4603,11.3888],[76.4155,11.4232],[76.4186,11.4418],[76.3978,11.4363],[76.3421,11.4676],[76.3259,11.454],[76.3051,11.4678],[76.2948,11.4658],[76.2945,11.4741],[76.2843,11.483],[76.2734,11.4771],[76.2646,11.4813],[76.2471,11.4679],[76.2513,11.5024],[76.2397,11.5267],[76.2502,11.527],[76.2514,11.5369],[76.2337,11.5706],[76.2789,11.6008],[76.286,11.5902],[76.2959,11.5902],[76.3023,11.5713],[76.3358,11.5958],[76.3403,11.5872],[76.3545,11.5893],[76.3779,11.6019],[76.388,11.6297],[76.4324,11.6313],[76.444,11.6472],[76.4313,11.6664],[76.4581,11.6644],[76.4825,11.6862],[76.4815,11.6926],[76.4935,11.6931],[76.511,11.7051],[76.5371,11.6909],[76.5504,11.6743],[76.5598,11.6225],[76.5766,11.6146],[76.5922,11.6187],[76.5975,11.6107],[76.6139,11.6076],[76.6303,11.6139],[76.7469,11.6138],[76.7568,11.6185],[76.8174,11.6048],[76.8227,11.6081],[76.8468,11.5945],[76.8563,11.5993],[76.858,11.6141],[76.8504,11.616],[76.852,11.6217],[76.8426,11.6271],[76.845,11.6342],[76.8345,11.6396],[76.8349,11.6555],[76.8625,11.7111],[76.8882,11.7337],[76.8965,11.7765],[76.9079,11.7953],[76.9423,11.7881],[76.9538,11.7921],[76.9698,11.7769],[76.9835,11.8017],[76.982,11.8116],[77.0128,11.8147],[77.0139,11.8063],[77.0168,11.8108],[77.0298,11.8047],[77.0386,11.7939],[77.0287,11.7747],[77.035,11.7698],[77.0464,11.7877],[77.0628,11.7905],[77.0696,11.7821],[77.0563,11.7698],[77.0826,11.7398],[77.0801,11.736],[77.1049,11.7329],[77.1176,11.7211],[77.1084,11.7527],[77.1106,11.7735],[77.138,11.7727],[77.147,11.782],[77.1819,11.7864],[77.1891,11.7926],[77.2385,11.7947],[77.2495,11.8042],[77.2498,11.8131],[77.2879,11.8005],[77.2937,11.809],[77.335,11.7713],[77.3603,11.7795],[77.3647,11.7905],[77.3943,11.7877],[77.4221,11.7724],[77.4272,11.7609],[77.4497,11.7961],[77.4665,11.8471],[77.4598,11.8635],[77.4657,11.8742],[77.4604,11.8813],[77.4615,11.9],[77.4734,11.8992],[77.4861,11.8875],[77.483,11.8996],[77.4905,11.9085],[77.4947,11.9439],[77.5379,11.9324],[77.5581,11.9416],[77.6033,11.9377],[77.652,11.9549],[77.6573,11.9499],[77.6756,11.952],[77.6746,11.966],[77.6963,12.0158],[77.7266,12.0611],[77.7556,12.0797],[77.7755,12.1184],[77.7514,12.1362],[77.7451,12.1593],[77.7276,12.1815],[77.7022,12.1841],[77.6652,12.1982],[77.6209,12.1999],[77.6107,12.2062],[77.5657,12.1963],[77.5462,12.2047],[77.5186,12.1945],[77.4926,12.1973],[77.472,12.2079],[77.4825,12.2302],[77.4719,12.2499],[77.4875,12.2805],[77.4999,12.2826],[77.5141,12.2754],[77.5271,12.2788],[77.5328,12.2915],[77.5513,12.2912],[77.5578,12.3057],[77.5659,12.3063],[77.5785,12.3357],[77.5915,12.3401],[77.6008,12.3584],[77.6129,12.3611],[77.6167,12.3682],[77.6232,12.4123],[77.6295,12.4183],[77.6271,12.4585],[77.6345,12.4876],[77.626,12.4963],[77.6073,12.4751],[77.5836,12.4788],[77.6162,12.5092],[77.6123,12.5149],[77.5871,12.5148],[77.5863,12.5457],[77.5803,12.5516],[77.5793,12.5731],[77.5913,12.5921],[77.5909,12.6152],[77.6062,12.6289],[77.596,12.6503],[77.5988,12.6672],[77.6598,12.6838],[77.6763,12.6795],[77.6786,12.6604],[77.7042,12.6614],[77.7109,12.6671],[77.7115,12.6831],[77.7227,12.6797],[77.7245,12.6712],[77.7399,12.673],[77.7351,12.694],[77.7398,12.6999],[77.7638,12.6996],[77.7744,12.7242],[77.7611,12.7274],[77.7623,12.7353],[77.7927,12.7479],[77.7943,12.7576],[77.7788,12.768],[77.7985,12.7951],[77.8085,12.7967],[77.7997,12.8052],[77.8021,12.817],[77.8098,12.8155],[77.8098,12.8315],[77.7958,12.8345],[77.7924,12.8427],[77.799,12.8515],[77.8078,12.8477],[77.823,12.8558],[77.8359,12.8703],[77.8509,12.8661],[77.8903,12.8697],[77.8948,12.8786],[77.9083,12.8788],[77.9087,12.8848],[77.9293,12.8909],[77.936,12.8836],[77.9271,12.8815],[77.9277,12.8749],[77.9413,12.8687],[77.9227,12.8556],[77.9185,12.8306],[77.9406,12.8233],[77.9465,12.8387],[77.9399,12.8531],[77.9523,12.8571],[77.9527,12.8501],[77.9653,12.8482],[77.9642,12.8328],[77.9803,12.8351],[77.9792,12.827],[77.9897,12.8215],[77.9884,12.8082],[77.9951,12.8059],[78.0097,12.8057],[78.015,12.8134],[78.0036,12.8248],[78.0182,12.8311],[78.0191,12.8439],[78.0289,12.8452],[78.0238,12.8565],[78.0504,12.8487],[78.0535,12.8538],[78.0601,12.8438],[78.0769,12.8391],[78.0738,12.8305],[78.0861,12.8319],[78.0901,12.8174],[78.1249,12.7982],[78.1342,12.782],[78.1676,12.7701],[78.1773,12.7759],[78.1951,12.7738],[78.2309,12.7607],[78.2409,12.7299],[78.2311,12.7125],[78.2057,12.7064],[78.2099,12.7005],[78.1996,12.6931],[78.2105,12.6861],[78.2376,12.6858],[78.2445,12.7063],[78.271,12.705],[78.3009,12.6659],[78.3435,12.6487],[78.3713,12.6271],[78.4125,12.6268],[78.427,12.6352],[78.4648,12.624],[78.4747,12.6476],[78.4678,12.6759],[78.4844,12.6716],[78.4997,12.6761],[78.5074,12.6914],[78.4965,12.7032],[78.5019,12.7044],[78.503,12.7168],[78.5117,12.7077],[78.5199,12.712],[78.5202,12.7187],[78.5059,12.7225],[78.489,12.742],[78.4931,12.7471],[78.5052,12.7429],[78.5166,12.7244],[78.5208,12.7361],[78.525,12.7154],[78.5374,12.717],[78.5442,12.7109],[78.5295,12.7102],[78.5348,12.6911],[78.5558,12.7001],[78.5548,12.7075],[78.5615,12.71],[78.5543,12.7193],[78.5638,12.7376],[78.5552,12.7393],[78.5631,12.7513],[78.5556,12.7558],[78.5924,12.7827],[78.6003,12.8184],[78.6077,12.8219],[78.6015,12.8508],[78.613,12.8679],[78.6334,12.9317],[78.6569,12.9321],[78.638,12.9647],[78.6471,12.9662],[78.6208,12.9912],[78.6555,13.0152],[78.6561,13.0311],[78.7052,13.0152],[78.7145,13.0687],[78.7402,13.064],[78.7517,13.0549],[78.7942,13.0666],[78.8131,13.0891],[78.842,13.0786],[78.8709,13.0819],[78.875,13.0968],[78.8915,13.0971],[78.8956,13.0951],[78.8889,13.0733],[78.8916,13.033],[78.9291,13.0365],[78.937,13.0304],[78.9407,13.0364],[78.9291,13.0457],[78.9036,13.0477],[78.9125,13.0659],[78.9217,13.0661],[78.9239,13.0808],[78.9414,13.0785],[78.9491,13.084],[78.9554,13.0758],[78.9702,13.0747],[78.9722,13.0838],[78.9949,13.0866],[79.0369,13.0706],[79.0386,13.0611],[79.0633,13.0531],[79.0628,13.0406],[79.0808,13.0257],[79.0982,13.026],[79.1144,13.0392],[79.1373,13.0348],[79.1631,13.0202],[79.1848,13.0298],[79.1929,13.0467],[79.1804,13.0488],[79.1796,13.0545],[79.192,13.0561],[79.1782,13.0592],[79.1921,13.0674],[79.1806,13.0842],[79.1906,13.0887],[79.1982,13.0813],[79.2008,13.0888],[79.2344,13.1052],[79.2383,13.1185],[79.2303,13.1263],[79.2328,13.1393],[79.21,13.1484],[79.2146,13.1569],[79.2273,13.1556],[79.2349,13.1708],[79.2426,13.171],[79.2449,13.1488],[79.2401,13.1443],[79.2452,13.1382],[79.2538,13.1457],[79.2521,13.1577],[79.2574,13.1607],[79.262,13.149],[79.2803,13.1528],[79.284,13.1227],[79.3124,13.1261],[79.2942,13.1096],[79.3071,13.1055],[79.3188,13.1134],[79.3119,13.1165],[79.3242,13.1185],[79.3186,13.1234],[79.3396,13.1304],[79.3411,13.1368],[79.3452,13.1214],[79.3604,13.1235],[79.3655,13.1339],[79.3561,13.1645],[79.38,13.1629],[79.3792,13.1715],[79.3695,13.1729],[79.3726,13.1788],[79.3877,13.1775],[79.374,13.1892],[79.3921,13.1924],[79.399,13.1878],[79.4091,13.194],[79.4384,13.1881],[79.4323,13.1969],[79.4438,13.2077],[79.4362,13.2127],[79.4373,13.2195],[79.4537,13.2169],[79.4531,13.2383],[79.4309,13.2297],[79.4397,13.2358],[79.4314,13.236],[79.4376,13.2428],[79.4184,13.2429],[79.4226,13.2513],[79.4084,13.2652],[79.4337,13.2749],[79.4347,13.289],[79.4462,13.2916],[79.4454,13.3012],[79.4305,13.3002],[79.42,13.2895],[79.4157,13.2995],[79.3898,13.2974],[79.3886,13.3097],[79.3818,13.3075],[79.3877,13.318],[79.402,13.3173],[79.3983,13.3302],[79.4053,13.335],[79.4147,13.33],[79.4316,13.3367],[79.4354,13.3517],[79.4562,13.3385],[79.4952,13.3452],[79.5103,13.3346],[79.511,13.3419],[79.5259,13.3443],[79.5372,13.3386],[79.544,13.3167],[79.5348,13.3013],[79.5412,13.2924],[79.5345,13.2754],[79.5583,13.2727],[79.5792,13.2578],[79.5913,13.2614],[79.596,13.2848],[79.6086,13.2875],[79.606,13.2795],[79.6141,13.2827],[79.6316,13.2697],[79.6384,13.2874],[79.6412,13.2755],[79.6424,13.2901],[79.6517,13.2918],[79.6578,13.2838],[79.6638,13.2897],[79.6653,13.2787],[79.6742,13.2817],[79.6781,13.2974],[79.6825,13.2958],[79.6812,13.2879],[79.6939,13.2798],[79.6887,13.2708],[79.6957,13.2672],[79.6911,13.2609],[79.6876,13.2667],[79.6782,13.2616],[79.6842,13.2444],[79.6959,13.2385],[79.6982,13.2509],[79.7091,13.251],[79.714,13.2357],[79.706,13.2342],[79.7022,13.2241],[79.7163,13.2164],[79.7216,13.2234],[79.7313,13.2224],[79.7302,13.2325],[79.7373,13.2365],[79.7509,13.2164],[79.75,13.2079],[79.7549,13.2064],[79.7642,13.2191],[79.7754,13.2153],[79.7847,13.2279],[79.7944,13.2263],[79.7947,13.2418],[79.735,13.2759],[79.7337,13.2888],[79.7567,13.2952],[79.7608,13.3184],[79.7917,13.2935],[79.8088,13.3172],[79.8627,13.3169],[79.868,13.331],[79.8828,13.3233],[79.8834,13.3328],[79.9148,13.3481],[79.9159,13.3598],[79.9312,13.3515],[79.9379,13.3555],[79.9494,13.3754],[79.945,13.3817],[79.958,13.3791],[79.9627,13.3913],[79.9443,13.3968],[79.9456,13.4077],[79.9345,13.4164],[79.9418,13.4167],[79.9396,13.425],[79.9566,13.4221],[79.9733,13.4296],[79.9724,13.469],[79.9823,13.4704],[79.984,13.4795],[80.0078,13.4783],[80.0158,13.4979],[80.0466,13.4936],[80.048,13.5125],[80.0355,13.5183],[80.0271,13.5136],[80.0176,13.5295],[80.0005,13.5256],[79.9985,13.5374],[80.0042,13.5448],[80.0187,13.5468],[80.0284,13.5388],[80.0569,13.5366],[80.0627,13.5453],[80.0812,13.5497],[80.0886,13.5349],[80.0771,13.5263],[80.0781,13.4888],[80.103,13.4869],[80.1051,13.4933],[80.1082,13.4889],[80.1127,13.5059],[80.1392,13.5042],[80.1452,13.4914],[80.2099,13.4862],[80.2145,13.4902],[80.2418,13.4706],[80.2687,13.5646],[80.3036,13.4731]],[[79.6485,11.8705],[79.6411,11.8703],[79.6401,11.852],[79.6519,11.8503],[79.6632,11.8654],[79.6485,11.8705]]],[[[79.7818,11.9022],[79.7876,11.8968],[79.7964,11.8998],[79.7967,11.8942],[79.7923,11.8768],[79.7806,11.8627],[79.7691,11.9006],[79.7818,11.9022]]],[[[79.0751,9.2022],[79.089,9.1959],[79.0843,9.1917],[79.0645,9.2005],[79.0548,9.198],[79.0669,9.2105],[79.0751,9.2022]]],[[[79.1228,9.2193],[79.1325,9.2178],[79.1343,9.2157],[79.1235,9.2125],[79.1191,9.2162],[79.1228,9.2193]]],[[[79.1814,9.2411],[79.1957,9.2337],[79.1992,9.2402],[79.1995,9.2347],[79.1956,9.233],[79.1814,9.2411]]],[[[79.4892,9.119],[79.4918,9.124],[79.4964,9.1248],[79.4965,9.1231],[79.4892,9.119]]],[[[78.4955,9.0867],[78.4902,9.0859],[78.4874,9.0873],[78.4865,9.0892],[78.4926,9.0864],[78.494,9.092],[78.4955,9.0867]]],[[[79.1807,9.2481],[79.1785,9.2454],[79.1792,9.2409],[79.1773,9.2443],[79.1807,9.2481]]],[[[79.1406,9.2153],[79.1404,9.2132],[79.1365,9.2121],[79.1363,9.2148],[79.1406,9.2153]]],[[[79.2319,9.2438],[79.2336,9.2404],[79.2366,9.2411],[79.2306,9.2392],[79.2319,9.2438]]],[[[79.4537,9.1486],[79.4525,9.1464],[79.45,9.1479],[79.4522,9.1498],[79.4537,9.1486]]],[[[79.4738,9.1352],[79.4734,9.1366],[79.4697,9.1394],[79.4728,9.1392],[79.4738,9.1352]]],[[[79.211,9.2485],[79.2092,9.2467],[79.206,9.2461],[79.2081,9.2485],[79.211,9.2485]]],[[[79.4457,9.1579],[79.4476,9.1539],[79.4472,9.1526],[79.4435,9.1566],[79.4457,9.1579]]],[[[79.468,9.1406],[79.4674,9.1405],[79.465,9.1433],[79.4673,9.1434],[79.468,9.1406]]],[[[78.8168,9.1605],[78.8194,9.1656],[78.8218,9.1666],[78.8226,9.1664],[78.8168,9.1605]]],[[[79.4835,9.1335],[79.4822,9.1318],[79.4814,9.1329],[79.4828,9.1343],[79.4835,9.1335]]],[[[79.2123,9.2478],[79.2124,9.2495],[79.2137,9.2502],[79.2139,9.2495],[79.2123,9.2478]]],[[[79.4449,9.151],[79.4444,9.1523],[79.4454,9.1537],[79.4457,9.152],[79.4449,9.151]]],[[[79.4818,9.1302],[79.4815,9.1287],[79.4796,9.1297],[79.4805,9.1305],[79.4818,9.1302]]],[[[79.4887,9.1274],[79.4882,9.1264],[79.487,9.1272],[79.4881,9.1281],[79.4887,9.1274]]],[[[79.4542,9.1437],[79.4537,9.1439],[79.454,9.1456],[79.4546,9.1453],[79.4542,9.1437]]],[[[79.4563,9.147],[79.4561,9.1465],[79.4549,9.1471],[79.4556,9.1476],[79.4563,9.147]]]]}},{"type":"Feature","properties":{"name":"Chhattishgarh"},"geometry":{"type":"Polygon","coordinates":[[[83.3271,24.1023],[83.3485,24.0962],[83.3642,24.1033],[83.3878,24.1],[83.4009,24.0922],[83.4066,24.0804],[83.4317,24.0859],[83.4373,24.0588],[83.4515,24.0427],[83.4793,24.0409],[83.5157,24.0272],[83.5239,24.0114],[83.5138,23.9964],[83.5153,23.9807],[83.5474,23.9375],[83.5534,23.8981],[83.5858,23.8864],[83.5835,23.8778],[83.5695,23.8691],[83.5712,23.8621],[83.5897,23.8633],[83.6434,23.8469],[83.6595,23.8493],[83.6685,23.8367],[83.6645,23.8277],[83.6828,23.8194],[83.6915,23.8264],[83.7053,23.8208],[83.7051,23.8039],[83.7226,23.7866],[83.7216,23.7715],[83.7377,23.7605],[83.7461,23.7195],[83.7421,23.7038],[83.7229,23.6859],[83.7611,23.6515],[83.7519,23.6387],[83.7594,23.626],[83.7751,23.6219],[83.7753,23.609],[83.8006,23.602],[83.8072,23.5875],[83.8154,23.5962],[83.8881,23.5788],[83.8994,23.5824],[83.9377,23.569],[83.9319,23.6204],[83.9478,23.6267],[83.9804,23.6249],[83.9806,23.6337],[84.0166,23.6344],[84.0077,23.6223],[84.0301,23.6],[84.0244,23.5556],[84.0281,23.5456],[84.0146,23.5035],[83.971,23.4669],[83.9817,23.4223],[83.9623,23.3853],[83.9746,23.3629],[84.0057,23.3539],[84.0117,23.3537],[84.0231,23.378],[84.051,23.3745],[84.0473,23.3705],[84.0538,23.3526],[84.0748,23.3333],[84.0617,23.3073],[84.0675,23.2941],[84.0537,23.2473],[84.0591,23.236],[84.0558,23.22],[84.0634,23.206],[84.0324,23.1605],[84.0375,23.1399],[84.0583,23.1262],[84.0666,23.1104],[84.0935,23.1124],[84.1154,23.09],[84.1335,23.0831],[84.1254,23.0369],[84.147,22.9905],[84.1495,22.9654],[84.1719,22.9704],[84.1783,22.9798],[84.1755,23.0098],[84.1858,23.0271],[84.2017,23.0211],[84.2004,23.0061],[84.2192,22.9788],[84.2426,22.9833],[84.2535,22.9722],[84.2774,22.9929],[84.274,22.9812],[84.2842,22.9634],[84.3076,22.9674],[84.3281,22.9819],[84.365,22.9742],[84.3752,22.9784],[84.3837,22.9526],[84.3961,22.9383],[84.3937,22.9205],[84.3752,22.9045],[84.3829,22.8953],[84.3806,22.8772],[84.3715,22.8647],[84.336,22.8621],[84.3242,22.8509],[84.3151,22.8007],[84.2979,22.7943],[84.2894,22.7662],[84.2599,22.7676],[84.2319,22.7418],[84.2329,22.7003],[84.2381,22.6918],[84.2203,22.6672],[84.2002,22.6665],[84.1525,22.6368],[84.084,22.6381],[84.0528,22.5958],[84.0244,22.5918],[84.0116,22.5759],[84.0028,22.5459],[84.0121,22.5273],[83.9972,22.531],[83.9747,22.5119],[83.9802,22.5022],[84.0176,22.4891],[84.0268,22.4752],[84.0474,22.4691],[84.0474,22.4381],[84.0305,22.4265],[84.0136,22.3973],[84.0066,22.3821],[84.0105,22.3715],[83.9968,22.3719],[83.971,22.3589],[83.9541,22.3621],[83.9428,22.3546],[83.9235,22.3583],[83.8905,22.3364],[83.8642,22.3432],[83.8536,22.3374],[83.8511,22.3264],[83.8301,22.3236],[83.8217,22.3127],[83.8265,22.2927],[83.795,22.2858],[83.7924,22.2764],[83.7768,22.2697],[83.7757,22.2572],[83.7599,22.2511],[83.7579,22.2402],[83.6916,22.244],[83.6659,22.2326],[83.6555,22.2199],[83.6497,22.2232],[83.6274,22.2037],[83.6083,22.1543],[83.562,22.0988],[83.6066,22.0665],[83.5869,22.0486],[83.5819,22.0545],[83.5505,22.0532],[83.548,22.059],[83.5369,22.0434],[83.5396,22.0207],[83.5556,22.0069],[83.5434,21.9943],[83.5392,21.9659],[83.5617,21.948],[83.5569,21.9352],[83.5905,21.9296],[83.6058,21.914],[83.5988,21.9053],[83.5862,21.9026],[83.5873,21.8958],[83.5761,21.8829],[83.5744,21.875],[83.591,21.851],[83.5783,21.8304],[83.5532,21.8398],[83.5333,21.83],[83.5415,21.8211],[83.5425,21.7984],[83.524,21.7985],[83.4943,21.8174],[83.485,21.7933],[83.4708,21.7866],[83.4836,21.7647],[83.4774,21.7514],[83.4907,21.7444],[83.4624,21.7081],[83.4609,21.6976],[83.433,21.6989],[83.4182,21.6798],[83.4495,21.6566],[83.4868,21.6432],[83.4898,21.6313],[83.4737,21.6324],[83.4664,21.6094],[83.4563,21.6099],[83.4526,21.6223],[83.4441,21.6239],[83.4509,21.6506],[83.4428,21.6553],[83.3926,21.6272],[83.3896,21.6176],[83.3828,21.62],[83.3803,21.608],[83.3698,21.6004],[83.3651,21.5759],[83.3733,21.558],[83.3603,21.5427],[83.3498,21.5125],[83.338,21.502],[83.3472,21.4888],[83.3545,21.4479],[83.3738,21.4423],[83.376,21.4279],[83.3991,21.4052],[83.397,21.3674],[83.4082,21.3612],[83.407,21.3515],[83.392,21.3425],[83.379,21.3444],[83.2842,21.3802],[83.2689,21.3785],[83.2744,21.3771],[83.2748,21.3637],[83.2688,21.3453],[83.2579,21.3354],[83.2667,21.3307],[83.2575,21.3204],[83.2622,21.3077],[83.2764,21.3022],[83.2787,21.2892],[83.2711,21.2724],[83.2507,21.2822],[83.2381,21.2695],[83.232,21.2726],[83.2231,21.2656],[83.2178,21.2547],[83.2223,21.2286],[83.2107,21.2049],[83.2148,21.1946],[83.203,21.1775],[83.2048,21.1655],[83.1987,21.1641],[83.1983,21.1457],[83.1927,21.1394],[83.167,21.1386],[83.1316,21.1057],[83.1137,21.1125],[83.0779,21.1118],[83.0525,21.1261],[83.0454,21.1239],[83.0161,21.1462],[83.0047,21.1368],[82.9905,21.1397],[82.9859,21.1509],[83.0039,21.1668],[82.9807,21.1699],[82.9882,21.1827],[82.9657,21.1752],[82.9651,21.1931],[82.944,21.1777],[82.9478,21.1616],[82.9401,21.1608],[82.9378,21.1697],[82.9324,21.1629],[82.9022,21.1668],[82.8823,21.1483],[82.8765,21.1634],[82.8718,21.1573],[82.8659,21.1632],[82.8531,21.1594],[82.851,21.1685],[82.8004,21.1558],[82.7938,21.1426],[82.7559,21.1669],[82.7211,21.1659],[82.7213,21.1575],[82.6996,21.1583],[82.6931,21.1656],[82.6642,21.1549],[82.6405,21.1547],[82.6374,21.1446],[82.6529,21.1294],[82.6398,21.1152],[82.65,21.1063],[82.6307,21.0776],[82.6118,21.0736],[82.6294,21.0384],[82.5724,20.971],[82.5602,20.9467],[82.4881,20.9086],[82.4877,20.8604],[82.4821,20.85],[82.4655,20.8431],[82.4698,20.8339],[82.4654,20.8277],[82.4403,20.8343],[82.4209,20.8303],[82.4109,20.8435],[82.4064,20.8689],[82.3906,20.874],[82.3769,20.8667],[82.3655,20.8694],[82.3604,20.8725],[82.3647,20.8872],[82.3508,20.8895],[82.3395,20.8468],[82.347,20.7963],[82.3426,20.7664],[82.3535,20.7358],[82.3457,20.7316],[82.3549,20.7183],[82.3498,20.7063],[82.3552,20.6929],[82.3742,20.6672],[82.3685,20.6496],[82.3766,20.6324],[82.3644,20.6221],[82.3626,20.6102],[82.347,20.6024],[82.3441,20.593],[82.3507,20.5813],[82.3321,20.562],[82.3584,20.5281],[82.3896,20.5169],[82.397,20.4581],[82.4095,20.4618],[82.4186,20.4803],[82.4271,20.4689],[82.4257,20.4453],[82.4344,20.4442],[82.438,20.4342],[82.4297,20.4278],[82.432,20.4166],[82.4166,20.4076],[82.4212,20.3928],[82.4003,20.3408],[82.4098,20.3263],[82.4314,20.3128],[82.4299,20.3012],[82.4379,20.2934],[82.433,20.2819],[82.4114,20.2643],[82.4221,20.2475],[82.4107,20.2422],[82.4234,20.2193],[82.4218,20.2043],[82.4144,20.1978],[82.4125,20.1799],[82.3909,20.1621],[82.3951,20.1511],[82.3867,20.1449],[82.3986,20.1222],[82.3992,20.0566],[82.449,20.039],[82.4795,20.0366],[82.5101,20.0165],[82.5511,20.0161],[82.5967,19.9899],[82.6222,19.9907],[82.6425,20.0051],[82.7155,19.9946],[82.7147,19.9576],[82.7205,19.9483],[82.7131,19.9384],[82.7074,19.902],[82.7141,19.8778],[82.7246,19.8755],[82.7198,19.8568],[82.7039,19.832],[82.6522,19.8321],[82.6271,19.7936],[82.6038,19.7881],[82.5947,19.7743],[82.5818,19.7832],[82.5847,19.8023],[82.576,19.8082],[82.5758,19.8334],[82.6026,19.863],[82.5971,19.8727],[82.5829,19.8694],[82.556,19.8806],[82.5484,19.8757],[82.5349,19.8869],[82.5314,19.8782],[82.5191,19.8909],[82.5055,19.8898],[82.5049,19.8997],[82.4973,19.9041],[82.4729,19.907],[82.4723,19.9016],[82.4642,19.9008],[82.446,19.9102],[82.418,19.904],[82.3949,19.888],[82.3752,19.8596],[82.3608,19.8628],[82.3645,19.851],[82.344,19.8351],[82.3307,19.8448],[82.3263,19.8616],[82.3031,19.8894],[82.2692,19.9752],[82.2375,20.0035],[82.2166,19.9974],[82.2093,19.9857],[82.1843,19.9842],[82.1712,20.0055],[82.1535,20.0076],[82.1398,20.0187],[82.1268,20.0148],[82.1032,20.0311],[82.1023,20.04],[82.0895,20.0391],[82.0854,20.0507],[82.0705,20.0569],[82.038,20.0301],[82.04,20.0226],[82.0326,20.0157],[82.0215,20.0237],[82.0177,20.049],[82.0058,20.0556],[81.9953,20.0535],[81.9759,20.0817],[81.9464,20.1051],[81.926,20.0917],[81.8953,20.0482],[81.8819,20.0443],[81.876,20.052],[81.865,20.0267],[81.8665,20.011],[81.8554,19.9723],[81.8453,19.9595],[81.845,19.9518],[81.8568,19.9475],[81.8532,19.9185],[81.8697,19.9025],[81.8997,19.8872],[81.9681,19.8599],[81.9654,19.8369],[81.9859,19.8011],[81.9954,19.7968],[82.0097,19.8044],[82.053,19.7923],[82.0602,19.7963],[82.0655,19.7906],[82.0636,19.759],[82.0504,19.7458],[82.051,19.7191],[82.0448,19.7089],[82.059,19.6282],[82.0399,19.5976],[82.0498,19.5739],[82.045,19.5597],[82.0507,19.5488],[82.0472,19.5333],[82.0373,19.5282],[82.0291,19.5076],[82.0654,19.5106],[82.076,19.5236],[82.1003,19.5166],[82.098,19.4989],[82.108,19.4943],[82.1028,19.4661],[82.1134,19.46],[82.1135,19.4482],[82.1261,19.4291],[82.1715,19.4372],[82.1894,19.4275],[82.1788,19.379],[82.1719,19.3726],[82.1533,19.377],[82.1471,19.3653],[82.1488,19.3527],[82.1786,19.3433],[82.1941,19.3259],[82.1812,19.3234],[82.1767,19.2995],[82.1584,19.2651],[82.1578,19.2275],[82.1688,19.2129],[82.1617,19.2022],[82.1806,19.191],[82.1751,19.1818],[82.182,19.1741],[82.176,19.1721],[82.1861,19.1663],[82.1782,19.1559],[82.1749,19.1629],[82.1697,19.161],[82.1809,19.1508],[82.1715,19.1502],[82.1757,19.1386],[82.1661,19.1327],[82.174,19.1182],[82.1825,19.1313],[82.1974,19.1216],[82.2058,19.1241],[82.2049,19.0971],[82.2184,19.0972],[82.2023,19.0666],[82.2328,19.0179],[82.246,18.9191],[82.237,18.9142],[82.2183,18.9225],[82.1761,18.9026],[82.1767,18.8871],[82.1604,18.8789],[82.1674,18.8736],[82.1602,18.8614],[82.169,18.836],[82.1603,18.8198],[82.1661,18.814],[82.1565,18.8043],[82.1654,18.7986],[82.1574,18.7855],[82.1335,18.7804],[82.1334,18.7653],[82.1208,18.7697],[82.0916,18.7657],[82.0935,18.7468],[82.085,18.7186],[82.0674,18.7265],[82.0628,18.719],[82.0309,18.7238],[81.971,18.6986],[81.9607,18.6886],[81.9691,18.6734],[81.9551,18.6642],[81.9489,18.6437],[81.9217,18.6429],[81.9009,18.6613],[81.8938,18.6574],[81.8989,18.6352],[81.8948,18.6291],[81.9277,18.62],[81.9369,18.6055],[81.9636,18.5904],[81.9529,18.5828],[81.9506,18.57],[81.9297,18.5661],[81.9208,18.5727],[81.9107,18.5706],[81.9057,18.563],[81.909,18.5529],[81.9014,18.5486],[81.9092,18.5379],[81.8893,18.5381],[81.8797,18.5252],[81.8682,18.5249],[81.857,18.5074],[81.8547,18.4902],[81.7695,18.4189],[81.7503,18.3536],[81.6591,18.3465],[81.6497,18.3369],[81.6622,18.3212],[81.6165,18.3073],[81.5976,18.3089],[81.5643,18.2752],[81.5374,18.2693],[81.5255,18.2581],[81.5304,18.2403],[81.507,18.1862],[81.5239,18.1654],[81.5258,18.1534],[81.5134,18.1394],[81.5133,18.1],[81.4808,18.0513],[81.4776,17.9884],[81.4829,17.9768],[81.4598,17.9529],[81.4491,17.9319],[81.4528,17.9075],[81.4446,17.8857],[81.4353,17.8808],[81.4115,17.8952],[81.3993,17.8919],[81.3943,17.8693],[81.4038,17.853],[81.3885,17.8276],[81.3918,17.8154],[81.3961,17.8199],[81.3934,17.7946],[81.3545,17.8133],[81.2654,17.8111],[81.1993,17.8469],[81.1661,17.8576],[81.1279,17.827],[81.0977,17.8124],[81.0733,17.7865],[81.0466,17.7823],[81.019,17.7908],[81.0082,17.7982],[80.9964,17.849],[80.9984,17.9167],[80.988,17.9435],[80.9796,18.0066],[80.9643,18.0415],[80.9698,18.0472],[80.9673,18.055],[80.9493,18.0862],[80.9555,18.1324],[80.9787,18.1541],[80.979,18.1787],[80.9577,18.1769],[80.9516,18.167],[80.9142,18.1445],[80.8667,18.1403],[80.8602,18.1512],[80.8529,18.2053],[80.871,18.2081],[80.8726,18.2139],[80.8659,18.2335],[80.8434,18.2358],[80.8367,18.2423],[80.8236,18.2394],[80.8241,18.1944],[80.7991,18.1715],[80.7449,18.1703],[80.7368,18.1772],[80.7372,18.2221],[80.7917,18.2509],[80.7941,18.2593],[80.7803,18.2663],[80.749,18.3083],[80.7476,18.33],[80.7315,18.3548],[80.7294,18.3788],[80.7196,18.3911],[80.732,18.401],[80.7348,18.4128],[80.7229,18.4151],[80.7183,18.4097],[80.699,18.4214],[80.6983,18.4376],[80.7054,18.4396],[80.6553,18.4759],[80.637,18.5047],[80.6376,18.5225],[80.6184,18.5276],[80.5998,18.553],[80.5345,18.5883],[80.5147,18.6193],[80.487,18.6319],[80.464,18.6248],[80.4546,18.6302],[80.4261,18.6138],[80.3941,18.6057],[80.388,18.5957],[80.3742,18.6115],[80.3541,18.5955],[80.3448,18.5962],[80.326,18.6363],[80.3172,18.643],[80.2992,18.693],[80.2443,18.7562],[80.2477,18.7678],[80.2747,18.7654],[80.2884,18.7738],[80.2999,18.7944],[80.323,18.799],[80.3529,18.8192],[80.352,18.8415],[80.3354,18.8686],[80.2709,18.9384],[80.273,18.9913],[80.3031,19.022],[80.2974,19.0488],[80.3297,19.0699],[80.328,19.0949],[80.3397,19.0999],[80.3276,19.1349],[80.3333,19.1453],[80.394,19.1876],[80.3841,19.2157],[80.3939,19.2448],[80.4461,19.264],[80.4825,19.3379],[80.5204,19.3476],[80.5443,19.3837],[80.5732,19.4023],[80.5918,19.3759],[80.59,19.3518],[80.6127,19.3093],[80.6316,19.307],[80.6542,19.3226],[80.68,19.3301],[80.6934,19.3146],[80.6898,19.2868],[80.7108,19.2816],[80.757,19.2896],[80.7752,19.3143],[80.8053,19.3271],[80.8104,19.3367],[80.853,19.3638],[80.828,19.3801],[80.8118,19.4071],[80.8134,19.4336],[80.8423,19.4468],[80.8746,19.4452],[80.8943,19.4673],[80.8984,19.4818],[80.8954,19.5197],[80.8841,19.5262],[80.8736,19.5187],[80.8567,19.523],[80.8441,19.5384],[80.836,19.5663],[80.8165,19.5711],[80.7898,19.5603],[80.7755,19.5624],[80.7674,19.5748],[80.7698,19.5865],[80.7409,19.6061],[80.7147,19.6165],[80.6654,19.6117],[80.6629,19.6236],[80.6766,19.6524],[80.6764,19.6994],[80.6543,19.7084],[80.6401,19.7253],[80.6268,19.7258],[80.6111,19.7382],[80.5865,19.7411],[80.5715,19.7591],[80.5526,19.7654],[80.5426,19.7798],[80.5463,19.8183],[80.5202,19.8317],[80.4806,19.8275],[80.4689,19.8103],[80.485,19.8023],[80.489,19.7702],[80.4643,19.7958],[80.4493,19.7898],[80.4242,19.7992],[80.4017,19.7961],[80.4077,19.8058],[80.4021,19.8166],[80.4297,19.807],[80.4407,19.8102],[80.4691,19.8269],[80.4863,19.8634],[80.5058,19.8705],[80.4914,19.902],[80.4686,19.9076],[80.4529,19.9044],[80.4498,19.8963],[80.4139,19.9073],[80.408,19.9126],[80.4113,19.9383],[80.432,19.9414],[80.4522,19.9574],[80.466,19.948],[80.4732,19.9508],[80.4808,19.9342],[80.4888,19.9305],[80.5057,19.9282],[80.5299,19.9393],[80.5389,19.9517],[80.5377,19.9736],[80.5496,19.9858],[80.5499,20.0006],[80.5426,20.0106],[80.5568,20.0717],[80.544,20.0955],[80.5521,20.118],[80.5124,20.1358],[80.5056,20.1444],[80.4601,20.1509],[80.4554,20.1379],[80.4336,20.1352],[80.4018,20.1472],[80.3885,20.165],[80.4007,20.1896],[80.421,20.196],[80.4222,20.2058],[80.4048,20.2186],[80.3953,20.2448],[80.4516,20.2581],[80.4808,20.2749],[80.5188,20.266],[80.5435,20.2934],[80.5496,20.3088],[80.6105,20.3183],[80.6264,20.3325],[80.6107,20.3751],[80.5915,20.3929],[80.6001,20.4179],[80.6137,20.4348],[80.6022,20.4498],[80.6126,20.4618],[80.6196,20.5045],[80.6213,20.5327],[80.6153,20.5498],[80.6266,20.5637],[80.621,20.5699],[80.6256,20.578],[80.6174,20.5856],[80.6319,20.5984],[80.6123,20.6005],[80.6014,20.6088],[80.5808,20.6084],[80.5209,20.5805],[80.5044,20.5834],[80.5022,20.5952],[80.481,20.6184],[80.4893,20.6333],[80.52,20.6564],[80.5801,20.6728],[80.5877,20.6846],[80.5652,20.7106],[80.56,20.7261],[80.5627,20.7474],[80.5517,20.7639],[80.5492,20.7959],[80.5618,20.8242],[80.5551,20.8465],[80.5561,20.8891],[80.5418,20.9238],[80.5461,20.9349],[80.4637,20.9291],[80.4454,20.9705],[80.4438,20.9939],[80.4243,21.0084],[80.4527,21.0387],[80.4539,21.0529],[80.4392,21.0964],[80.4478,21.1123],[80.4581,21.1148],[80.4447,21.1219],[80.4643,21.1749],[80.4786,21.1706],[80.5026,21.1852],[80.515,21.1829],[80.5297,21.2052],[80.5595,21.202],[80.5876,21.222],[80.6138,21.2265],[80.6231,21.24],[80.6439,21.2514],[80.6497,21.2747],[80.6613,21.291],[80.6796,21.2987],[80.6816,21.3135],[80.66,21.3341],[80.6778,21.3488],[80.6802,21.3649],[80.6903,21.3721],[80.7065,21.4116],[80.7057,21.4309],[80.73,21.4526],[80.7378,21.4731],[80.7276,21.4962],[80.7332,21.5007],[80.7305,21.5156],[80.7408,21.5392],[80.72,21.555],[80.7289,21.5726],[80.7154,21.585],[80.717,21.603],[80.7309,21.6173],[80.7268,21.6456],[80.7193,21.6454],[80.7144,21.6615],[80.716,21.6747],[80.7341,21.6945],[80.7351,21.7039],[80.7261,21.7137],[80.7321,21.7137],[80.7409,21.7445],[80.7561,21.7622],[80.7782,21.7547],[80.7854,21.7403],[80.8197,21.748],[80.8167,21.7617],[80.8386,21.8003],[80.8447,21.8292],[80.8392,21.8481],[80.8525,21.8542],[80.8422,21.8648],[80.8528,21.8734],[80.8447,21.8746],[80.8317,21.891],[80.832,21.9082],[80.8478,21.9309],[80.8414,21.9412],[80.8458,21.9424],[80.8288,21.9479],[80.8256,21.9583],[80.8475,21.9557],[80.8567,21.9648],[80.8759,22.0134],[80.8758,22.0385],[80.8858,22.0496],[80.8825,22.0586],[80.8971,22.0648],[80.9079,22.1096],[80.922,22.12],[80.9476,22.1183],[80.9716,22.0857],[80.9694,22.058],[80.9835,22.0486],[80.9944,22.0492],[80.9949,22.0586],[81.0062,22.0632],[81.0089,22.0718],[81.0014,22.0835],[81.0113,22.0956],[80.9905,22.1136],[80.981,22.1102],[80.978,22.1226],[80.9946,22.1355],[81.0219,22.1327],[81.0268,22.1664],[81.0167,22.1855],[81.0307,22.1874],[81.0316,22.1997],[81.0195,22.2212],[81.0501,22.2446],[81.0726,22.2484],[81.0795,22.2394],[81.0915,22.249],[81.1019,22.2783],[81.1187,22.2913],[81.1135,22.3241],[81.1212,22.3426],[81.1037,22.3834],[81.1112,22.4376],[81.127,22.4492],[81.1551,22.4549],[81.1727,22.4879],[81.1956,22.4906],[81.2002,22.4628],[81.2322,22.4522],[81.2619,22.4722],[81.2621,22.4933],[81.2733,22.4932],[81.2813,22.503],[81.3073,22.4819],[81.3137,22.4829],[81.3228,22.4892],[81.3176,22.5143],[81.3265,22.5261],[81.3543,22.5113],[81.3706,22.5149],[81.3821,22.5098],[81.3915,22.4777],[81.3901,22.4523],[81.3964,22.4401],[81.4067,22.441],[81.423,22.4477],[81.4287,22.4569],[81.4228,22.47],[81.4278,22.4798],[81.4392,22.4821],[81.4474,22.4659],[81.4589,22.4693],[81.4466,22.4698],[81.4509,22.4786],[81.4425,22.4792],[81.4511,22.4866],[81.4426,22.4944],[81.4526,22.4958],[81.4588,22.4895],[81.4728,22.4937],[81.4847,22.4878],[81.4966,22.5195],[81.5093,22.5261],[81.5182,22.5198],[81.5222,22.539],[81.5327,22.5385],[81.5461,22.5276],[81.57,22.5323],[81.563,22.534],[81.5628,22.5424],[81.5695,22.5507],[81.5918,22.5452],[81.6,22.5353],[81.6219,22.538],[81.6287,22.5444],[81.624,22.5559],[81.629,22.5634],[81.6428,22.5597],[81.6599,22.5695],[81.6578,22.5844],[81.6455,22.5844],[81.6473,22.6133],[81.6609,22.6193],[81.6833,22.6469],[81.7131,22.6481],[81.7227,22.6571],[81.7287,22.6764],[81.743,22.6725],[81.752,22.6544],[81.7466,22.6483],[81.7546,22.6464],[81.7685,22.6642],[81.7716,22.6764],[81.7523,22.7267],[81.7548,22.7334],[81.7682,22.7355],[81.7696,22.7469],[81.7944,22.7665],[81.7836,22.7792],[81.7818,22.8109],[81.7613,22.8303],[81.7765,22.8516],[81.7757,22.8744],[81.8616,22.8893],[81.8695,22.8945],[81.8661,22.9158],[81.8782,22.9098],[81.9189,22.9465],[81.9463,22.9568],[81.9505,22.9829],[81.9215,23.0408],[81.9295,23.0616],[81.9469,23.0691],[81.9423,23.079],[81.9635,23.0759],[81.9911,23.0866],[82.0082,23.0793],[82.0183,23.0843],[82.0349,23.0804],[82.0702,23.1182],[82.1258,23.1039],[82.1373,23.1119],[82.1396,23.132],[82.1614,23.1431],[82.1603,23.1615],[82.1442,23.1654],[82.1489,23.1757],[82.143,23.1869],[82.1537,23.2092],[82.1448,23.2274],[82.1534,23.231],[82.1605,23.2471],[82.1673,23.2462],[82.1744,23.2687],[82.1934,23.278],[82.1994,23.3134],[82.194,23.3238],[82.1637,23.3347],[82.1457,23.3612],[82.1171,23.3555],[82.1101,23.3632],[82.1138,23.3842],[82.1034,23.3982],[82.0935,23.3929],[82.0915,23.3983],[82.0641,23.3929],[82.056,23.3768],[82.0368,23.3887],[82.0323,23.3824],[82.0219,23.3873],[82.0291,23.4002],[82.0238,23.4087],[82.0328,23.41],[82.0255,23.4249],[82.0096,23.412],[81.9997,23.4216],[81.9853,23.4145],[81.9767,23.4238],[81.9839,23.4293],[81.9804,23.447],[81.9647,23.4657],[81.955,23.4672],[81.9577,23.5004],[81.9423,23.5057],[81.9233,23.5327],[81.9079,23.5353],[81.8756,23.5127],[81.8637,23.5176],[81.8364,23.5109],[81.8207,23.5152],[81.817,23.5409],[81.8091,23.5493],[81.7583,23.5499],[81.7548,23.5656],[81.7466,23.5698],[81.7252,23.5569],[81.7225,23.5433],[81.6996,23.522],[81.6681,23.5329],[81.6589,23.529],[81.6623,23.514],[81.6442,23.4818],[81.6271,23.482],[81.6114,23.5125],[81.6163,23.5308],[81.6103,23.5551],[81.584,23.5536],[81.5767,23.5853],[81.5897,23.596],[81.612,23.5953],[81.6065,23.6139],[81.6142,23.6224],[81.6203,23.6514],[81.6146,23.6629],[81.6445,23.6572],[81.6552,23.6631],[81.6555,23.682],[81.6841,23.6909],[81.6959,23.7213],[81.6785,23.7394],[81.6868,23.7475],[81.6818,23.7533],[81.6447,23.7701],[81.6514,23.7991],[81.6358,23.8345],[81.6132,23.8345],[81.6032,23.8537],[81.6049,23.8615],[81.6143,23.8617],[81.6222,23.8702],[81.6042,23.8818],[81.6116,23.8923],[81.609,23.9032],[81.6322,23.9058],[81.6686,23.925],[81.6723,23.9134],[81.6875,23.9065],[81.6904,23.8848],[81.7073,23.8824],[81.7075,23.8611],[81.732,23.8567],[81.7255,23.8398],[81.7374,23.8392],[81.7911,23.8093],[81.7959,23.8149],[81.8228,23.8077],[81.8382,23.8211],[81.8631,23.8245],[81.8677,23.8341],[81.8882,23.8355],[81.9061,23.8461],[81.9205,23.8706],[81.9289,23.8707],[81.9578,23.8523],[81.986,23.8619],[82.0075,23.8618],[82.02,23.8494],[82.0442,23.8416],[82.0384,23.8268],[82.0527,23.8194],[82.0937,23.8165],[82.1216,23.8229],[82.1436,23.8163],[82.1715,23.8182],[82.1786,23.8216],[82.1809,23.8363],[82.2095,23.8527],[82.2153,23.841],[82.2063,23.8274],[82.2255,23.8201],[82.2318,23.8053],[82.2606,23.8212],[82.2961,23.808],[82.3148,23.8127],[82.3347,23.8025],[82.3395,23.8086],[82.3498,23.8045],[82.374,23.812],[82.3935,23.7999],[82.4658,23.812],[82.4791,23.806],[82.4974,23.7849],[82.5245,23.7837],[82.5381,23.7943],[82.5515,23.7906],[82.5484,23.8085],[82.5331,23.8221],[82.5543,23.8262],[82.5886,23.8214],[82.6076,23.8333],[82.6353,23.8377],[82.6381,23.848],[82.6471,23.8487],[82.6468,23.8591],[82.6605,23.8551],[82.6684,23.8718],[82.6511,23.8895],[82.6616,23.9076],[82.6844,23.9103],[82.6889,23.9207],[82.6989,23.9249],[82.7524,23.9198],[82.7545,23.9342],[82.7859,23.9409],[82.8017,23.9617],[82.8268,23.9623],[82.837,23.9568],[82.8611,23.9389],[82.8653,23.9264],[82.8847,23.9088],[82.9273,23.8923],[82.9367,23.877],[82.9479,23.8714],[83.0525,23.8795],[83.0819,23.8704],[83.1415,23.8849],[83.1595,23.9074],[83.1898,23.9173],[83.1985,23.914],[83.208,23.9214],[83.2039,23.9286],[83.216,23.9379],[83.2232,23.9581],[83.2186,23.9689],[83.2269,23.9779],[83.2236,23.9866],[83.2425,23.9971],[83.2426,24.0116],[83.2519,24.0149],[83.2637,24.0092],[83.2791,24.0182],[83.2821,24.0497],[83.3215,24.106],[83.3271,24.1023]]]}},{"type":"Feature","properties":{"name":"Telengana"},"geometry":{"type":"Polygon","coordinates":[[[78.3357,19.8836],[78.3807,19.8804],[78.386,19.8461],[78.4003,19.834],[78.4317,19.8149],[78.4725,19.8173],[78.4902,19.7927],[78.5072,19.7975],[78.515,19.8189],[78.552,19.8241],[78.5723,19.8158],[78.6073,19.8176],[78.6926,19.791],[78.7014,19.7867],[78.7061,19.7723],[78.7192,19.7666],[78.7401,19.7831],[78.7564,19.7725],[78.7824,19.7784],[78.8022,19.7565],[78.8169,19.7618],[78.8259,19.7551],[78.841,19.7619],[78.8599,19.6895],[78.8519,19.6584],[78.8867,19.6551],[78.8864,19.6625],[78.9035,19.67],[78.9556,19.6558],[78.9618,19.6374],[78.9556,19.6002],[78.9718,19.59],[78.9728,19.5824],[78.9525,19.565],[78.9377,19.5619],[78.9404,19.5519],[78.9742,19.5494],[78.9813,19.5608],[78.9977,19.5491],[78.998,19.5401],[79.046,19.5483],[79.0769,19.5324],[79.098,19.532],[79.1614,19.4883],[79.1678,19.4724],[79.1903,19.459],[79.2236,19.4691],[79.2039,19.4941],[79.2212,19.521],[79.2337,19.52],[79.24,19.5352],[79.2371,19.5571],[79.251,19.5775],[79.2531,19.5933],[79.2444,19.5949],[79.2386,19.6062],[79.2436,19.6167],[79.2729,19.5988],[79.3068,19.5966],[79.3139,19.5664],[79.3184,19.5767],[79.3657,19.5763],[79.3728,19.561],[79.3857,19.5583],[79.4053,19.5357],[79.4205,19.5298],[79.4226,19.538],[79.4333,19.5373],[79.469,19.5096],[79.4714,19.5002],[79.4984,19.5057],[79.5186,19.5202],[79.5186,19.5431],[79.5399,19.5547],[79.5529,19.5242],[79.5962,19.5073],[79.603,19.5146],[79.6141,19.5597],[79.6279,19.5732],[79.709,19.5845],[79.7376,19.6064],[79.7534,19.6075],[79.7786,19.5997],[79.8148,19.5754],[79.8284,19.5434],[79.8646,19.5105],[79.9149,19.4958],[79.9464,19.4678],[79.9476,19.4497],[79.9724,19.4162],[79.9797,19.3894],[79.9718,19.3816],[79.9591,19.3359],[79.9659,19.303],[79.9364,19.2641],[79.9247,19.2273],[79.9255,19.2106],[79.9453,19.1791],[79.9457,19.1689],[79.8738,19.1241],[79.8584,19.1024],[79.8711,19.041],[79.8992,19.0402],[79.9279,19.0493],[79.9403,19.0326],[79.9416,18.9921],[79.957,18.9429],[79.9536,18.9045],[79.9616,18.8666],[79.9476,18.8502],[79.9158,18.8299],[79.921,18.8102],[79.9642,18.7738],[79.9931,18.7699],[80.001,18.7761],[80.0185,18.7704],[80.025,18.7549],[80.0387,18.753],[80.0528,18.7251],[80.0885,18.7073],[80.1181,18.6805],[80.1577,18.701],[80.1686,18.6997],[80.1787,18.6833],[80.1966,18.6808],[80.2128,18.7057],[80.2346,18.7026],[80.2507,18.7077],[80.27,18.7241],[80.2784,18.7216],[80.3027,18.6869],[80.3172,18.643],[80.3466,18.595],[80.3742,18.6115],[80.388,18.5957],[80.3941,18.6057],[80.4261,18.6138],[80.4546,18.6302],[80.464,18.6248],[80.487,18.6319],[80.5147,18.6193],[80.5345,18.5883],[80.5998,18.553],[80.6184,18.5276],[80.6376,18.5225],[80.637,18.5047],[80.6553,18.4759],[80.7054,18.4396],[80.6983,18.4376],[80.699,18.4214],[80.7183,18.4097],[80.7229,18.4151],[80.7348,18.4128],[80.732,18.401],[80.7196,18.3911],[80.7294,18.3788],[80.7315,18.3548],[80.7476,18.33],[80.749,18.3083],[80.7577,18.302],[80.7595,18.2898],[80.769,18.2877],[80.78,18.2667],[80.7942,18.2569],[80.7372,18.2221],[80.7368,18.1772],[80.7449,18.1703],[80.7991,18.1715],[80.8241,18.1944],[80.8236,18.2394],[80.8367,18.2423],[80.8434,18.2358],[80.8659,18.2335],[80.8726,18.2139],[80.871,18.2081],[80.8529,18.2053],[80.8602,18.1512],[80.8667,18.1403],[80.9142,18.1445],[80.9516,18.167],[80.9577,18.1769],[80.979,18.1787],[80.9787,18.1541],[80.9555,18.1324],[80.9493,18.0862],[80.9697,18.0477],[80.9643,18.0415],[80.9796,18.0066],[80.988,17.9435],[80.9984,17.9167],[80.9964,17.849],[81.0082,17.7982],[81.0466,17.7823],[81.0733,17.7865],[81.0856,17.798],[81.096,17.7745],[81.1043,17.772],[81.0582,17.7331],[81.0505,17.734],[81.0406,17.7476],[80.9913,17.7499],[80.9734,17.7801],[80.9553,17.7746],[80.9463,17.7602],[80.9279,17.7618],[80.9176,17.7481],[80.8855,17.7357],[80.8947,17.7029],[80.8764,17.6684],[80.8781,17.6507],[80.897,17.6406],[80.9381,17.6326],[80.9801,17.6526],[81.0053,17.6488],[81.007,17.6217],[80.9959,17.6291],[80.9841,17.6262],[80.9755,17.6191],[80.9693,17.5984],[80.9984,17.5647],[81.0137,17.5366],[81.0148,17.5221],[81.0801,17.515],[81.0976,17.5043],[81.1273,17.5264],[81.1385,17.5162],[81.1421,17.4886],[81.1597,17.4844],[81.1483,17.4637],[81.1755,17.4636],[81.1723,17.449],[81.1933,17.4356],[81.2027,17.434],[81.2053,17.4496],[81.2118,17.4417],[81.2455,17.433],[81.2685,17.4183],[81.3124,17.4087],[81.3226,17.3745],[81.3011,17.3407],[81.274,17.3172],[81.2457,17.3258],[81.2336,17.3204],[81.1904,17.3248],[81.1767,17.2877],[81.1782,17.269],[81.1876,17.2547],[81.174,17.2303],[81.0796,17.2153],[81.0546,17.2249],[81.0495,17.2071],[81.0313,17.1903],[80.9944,17.1913],[80.9603,17.2041],[80.9413,17.2193],[80.9189,17.2197],[80.9184,17.1897],[80.9264,17.1835],[80.924,17.1578],[80.907,17.1539],[80.8794,17.1608],[80.8783,17.1351],[80.8677,17.1231],[80.8764,17.1056],[80.8676,17.0804],[80.8772,17.0704],[80.8453,17.04],[80.8288,17.0528],[80.765,17.0666],[80.7389,17.0796],[80.6994,17.0838],[80.695,17.0741],[80.6735,17.0666],[80.6538,17.0686],[80.6499,17.0714],[80.6571,17.0896],[80.6706,17.1012],[80.642,17.1159],[80.6455,17.1235],[80.6183,17.1284],[80.58,17.1531],[80.5632,17.1331],[80.5276,17.1189],[80.5141,17.1221],[80.504,17.0926],[80.5101,17.0869],[80.5054,17.0685],[80.4909,17.051],[80.4714,17.0504],[80.4649,17.03],[80.4386,17.0376],[80.417,17.0736],[80.419,17.0923],[80.409,17.0915],[80.3857,17.0679],[80.3985,17.0526],[80.3958,17.0357],[80.4074,17.0256],[80.407,17.0158],[80.3879,17.0093],[80.3634,16.9761],[80.4497,16.9548],[80.4934,16.9274],[80.4992,16.9563],[80.5261,16.9479],[80.5347,16.9614],[80.6019,16.9186],[80.5871,16.9042],[80.5948,16.8989],[80.5959,16.8846],[80.5683,16.8694],[80.5701,16.8485],[80.5628,16.8328],[80.5944,16.8028],[80.613,16.7935],[80.5971,16.7922],[80.5702,16.768],[80.5044,16.7787],[80.4863,16.7911],[80.4645,16.7954],[80.4642,16.82],[80.4286,16.8381],[80.4277,16.8498],[80.384,16.8653],[80.3784,16.852],[80.4078,16.8482],[80.4042,16.832],[80.3804,16.8174],[80.3737,16.8282],[80.3796,16.8411],[80.3734,16.8395],[80.3741,16.8524],[80.3409,16.8597],[80.344,16.8744],[80.3217,16.8796],[80.3238,16.9064],[80.3116,16.9167],[80.3165,16.9484],[80.305,16.9537],[80.3066,16.9738],[80.2903,16.9811],[80.2936,16.9963],[80.2827,17.0077],[80.2649,16.9972],[80.2404,17.0021],[80.2262,17.0153],[80.2229,17.0078],[80.2114,17.0103],[80.2021,17.017],[80.2041,17.0383],[80.1965,17.044],[80.1873,17.02],[80.1702,17.0168],[80.1678,17.0056],[80.1534,17.0069],[80.1402,16.9906],[80.0952,16.9907],[80.0916,16.9683],[80.0554,16.9714],[80.0574,16.964],[80.0482,16.9494],[80.0506,16.9364],[80.0404,16.9181],[80.0174,16.915],[79.9988,16.8652],[80.017,16.8542],[80.0468,16.8533],[80.0482,16.8332],[80.0733,16.8172],[80.0706,16.8017],[80.0539,16.7654],[80.055,16.7446],[80.03,16.7144],[79.9974,16.7021],[79.9774,16.6623],[79.9498,16.6359],[79.9101,16.6339],[79.8937,16.6501],[79.8855,16.6873],[79.8775,16.6973],[79.8511,16.7058],[79.8173,16.6919],[79.7925,16.7255],[79.774,16.7308],[79.7446,16.7191],[79.7229,16.6903],[79.6815,16.6944],[79.6622,16.6866],[79.6331,16.6604],[79.5989,16.6732],[79.5756,16.6498],[79.5421,16.6322],[79.5038,16.6359],[79.4833,16.6231],[79.4472,16.6197],[79.4391,16.6129],[79.4331,16.5907],[79.4186,16.5802],[79.3401,16.5826],[79.3082,16.5741],[79.291,16.5616],[79.2568,16.5658],[79.2448,16.5318],[79.2209,16.5143],[79.2148,16.4879],[79.2334,16.4592],[79.2116,16.4474],[79.2102,16.3582],[79.2343,16.3338],[79.2304,16.2825],[79.2165,16.2274],[79.1569,16.2093],[79.1197,16.2319],[79.1016,16.2228],[79.0841,16.2301],[79.0721,16.2271],[79.048,16.2387],[79.0095,16.2402],[78.9857,16.2107],[78.9603,16.2091],[78.9054,16.1836],[78.9243,16.1358],[78.922,16.1043],[78.8956,16.0856],[78.889,16.0852],[78.8721,16.144],[78.8525,16.1489],[78.8338,16.1445],[78.8403,16.0781],[78.8194,16.0483],[78.7855,16.0211],[78.7355,16.0082],[78.7236,16.0201],[78.6812,16.0348],[78.6502,16.0788],[78.6272,16.0876],[78.6016,16.0839],[78.5869,16.0634],[78.5518,16.0428],[78.4748,16.0685],[78.4079,16.0748],[78.3844,16.0646],[78.3654,16.0468],[78.3477,16.0475],[78.3266,16.0367],[78.3219,16.0171],[78.3123,16.0115],[78.2609,16.0258],[78.2555,16.0129],[78.2598,15.9956],[78.2513,15.9768],[78.2516,15.9352],[78.1844,15.9098],[78.1794,15.9019],[78.1899,15.8923],[78.1767,15.8768],[78.1753,15.8581],[78.1355,15.8547],[78.1301,15.8507],[78.134,15.8363],[78.0836,15.8409],[78.0849,15.8451],[78.0714,15.8504],[78.0715,15.8617],[78.0558,15.8663],[78.0562,15.8746],[78.0468,15.8749],[78.0449,15.9041],[78.0319,15.9073],[78.0089,15.8618],[77.9753,15.8833],[77.937,15.8835],[77.888,15.9061],[77.8782,15.9052],[77.8585,15.8837],[77.8387,15.8851],[77.8054,15.8743],[77.7824,15.8762],[77.7669,15.8861],[77.744,15.8861],[77.7241,15.8958],[77.6927,15.8833],[77.6592,15.8855],[77.6365,15.8961],[77.6114,15.9179],[77.5933,15.9119],[77.5808,15.9185],[77.5134,15.9268],[77.5198,15.9669],[77.5095,15.9804],[77.514,16.0081],[77.5044,16.0113],[77.494,16.037],[77.5069,16.079],[77.4938,16.0872],[77.5009,16.1062],[77.5133,16.108],[77.5002,16.1206],[77.4898,16.1196],[77.4907,16.1596],[77.4861,16.163],[77.4995,16.1986],[77.5011,16.2217],[77.5158,16.2239],[77.5136,16.2308],[77.4923,16.2293],[77.4901,16.2552],[77.5024,16.2631],[77.5048,16.2758],[77.5219,16.278],[77.5369,16.2668],[77.5451,16.2917],[77.5632,16.3016],[77.5689,16.3036],[77.582,16.2913],[77.5977,16.2928],[77.588,16.3334],[77.5948,16.3432],[77.5727,16.3409],[77.5388,16.3582],[77.5234,16.3758],[77.4897,16.385],[77.441,16.3808],[77.4209,16.3662],[77.378,16.3856],[77.3491,16.3839],[77.3334,16.3954],[77.2879,16.4087],[77.2689,16.4305],[77.2621,16.4519],[77.2358,16.4728],[77.2458,16.4777],[77.265,16.4725],[77.294,16.4767],[77.2987,16.4962],[77.3296,16.4859],[77.369,16.4887],[77.3701,16.5046],[77.3778,16.5137],[77.4022,16.5215],[77.4169,16.5173],[77.4191,16.5224],[77.419,16.5489],[77.4037,16.5512],[77.3929,16.57],[77.4237,16.5689],[77.4397,16.5872],[77.4621,16.5852],[77.4622,16.5977],[77.4674,16.5988],[77.4678,16.6098],[77.4536,16.6168],[77.4761,16.6501],[77.4624,16.6543],[77.4447,16.6392],[77.4343,16.6414],[77.4386,16.6453],[77.4297,16.6562],[77.419,16.6584],[77.4189,16.6686],[77.4425,16.6699],[77.4477,16.6793],[77.4639,16.6763],[77.4698,16.687],[77.474,16.7166],[77.4472,16.7207],[77.4385,16.7117],[77.4261,16.7229],[77.431,16.7231],[77.427,16.7289],[77.4431,16.7625],[77.4395,16.7891],[77.4672,16.7805],[77.4745,16.7812],[77.4765,16.7884],[77.4571,16.8302],[77.4641,16.8506],[77.454,16.9139],[77.4694,16.9192],[77.4642,16.9299],[77.4652,16.9566],[77.4721,16.9571],[77.4813,16.9704],[77.4795,16.996],[77.5025,17.0141],[77.4949,17.0271],[77.4967,17.0427],[77.4881,17.0472],[77.4799,17.0688],[77.481,17.0792],[77.4629,17.0941],[77.4636,17.11],[77.4067,17.1245],[77.4038,17.1329],[77.3779,17.1399],[77.3782,17.1527],[77.3637,17.1588],[77.3723,17.1956],[77.3939,17.1944],[77.3964,17.2075],[77.4037,17.2099],[77.3802,17.2225],[77.4083,17.2412],[77.4204,17.2376],[77.4263,17.2565],[77.4585,17.279],[77.4549,17.2872],[77.4379,17.2919],[77.456,17.3312],[77.4536,17.374],[77.4791,17.3707],[77.4744,17.3615],[77.4838,17.355],[77.5158,17.3604],[77.5298,17.3707],[77.5332,17.3805],[77.5243,17.388],[77.5378,17.4061],[77.5142,17.4142],[77.513,17.4309],[77.5373,17.4437],[77.5759,17.4307],[77.5762,17.4562],[77.6029,17.4442],[77.6143,17.4459],[77.6152,17.4729],[77.6448,17.4776],[77.6479,17.4961],[77.6569,17.5065],[77.6523,17.4829],[77.6574,17.4809],[77.6884,17.4752],[77.6924,17.4969],[77.6888,17.5109],[77.673,17.5094],[77.662,17.5228],[77.628,17.5236],[77.6121,17.5348],[77.5969,17.5343],[77.5938,17.5645],[77.5506,17.5517],[77.5374,17.5754],[77.5284,17.5754],[77.5069,17.5423],[77.5,17.5467],[77.4941,17.5684],[77.4781,17.5668],[77.4618,17.5808],[77.4431,17.584],[77.4448,17.6094],[77.4558,17.6325],[77.4482,17.6511],[77.4548,17.6745],[77.4524,17.6947],[77.4923,17.7081],[77.522,17.726],[77.546,17.7268],[77.5486,17.7358],[77.5685,17.7489],[77.5692,17.7665],[77.5549,17.764],[77.5375,17.7799],[77.5066,17.786],[77.5149,17.8054],[77.529,17.8129],[77.5282,17.8279],[77.5467,17.8285],[77.5489,17.8194],[77.554,17.8201],[77.5764,17.8754],[77.5991,17.8731],[77.6004,17.8806],[77.586,17.8938],[77.5861,17.9078],[77.619,17.9041],[77.6187,17.9395],[77.6325,17.9467],[77.6329,17.9558],[77.6246,17.9596],[77.633,17.9674],[77.6372,17.9523],[77.6495,17.95],[77.6559,17.9688],[77.6482,17.9803],[77.6489,17.9989],[77.6278,17.9968],[77.6075,18.0099],[77.6059,18.0202],[77.5886,18.0122],[77.5806,18.0316],[77.5538,18.0358],[77.5476,18.0561],[77.5483,18.0652],[77.5574,18.0637],[77.5659,18.0767],[77.5957,18.086],[77.5988,18.0933],[77.5969,18.1559],[77.5813,18.1623],[77.5707,18.1922],[77.5635,18.1961],[77.5655,18.2042],[77.5748,18.2016],[77.5853,18.2198],[77.5718,18.244],[77.6054,18.2813],[77.5819,18.2854],[77.5726,18.2933],[77.5621,18.2848],[77.5514,18.2919],[77.5714,18.3088],[77.5705,18.3181],[77.558,18.3314],[77.5227,18.3454],[77.5255,18.3727],[77.5386,18.3859],[77.5516,18.3889],[77.5568,18.4171],[77.5282,18.4289],[77.5275,18.4421],[77.5406,18.4447],[77.5642,18.4373],[77.5853,18.4468],[77.5836,18.4562],[77.5508,18.4604],[77.5486,18.4686],[77.5729,18.4698],[77.5764,18.4868],[77.6031,18.4768],[77.6047,18.4964],[77.5944,18.4962],[77.5859,18.504],[77.5878,18.5129],[77.6003,18.5223],[77.5966,18.5302],[77.5907,18.5267],[77.5964,18.5489],[77.6101,18.5499],[77.6125,18.5445],[77.6152,18.5508],[77.6293,18.5537],[77.634,18.5439],[77.6396,18.5549],[77.6479,18.5549],[77.6521,18.5518],[77.6459,18.5388],[77.6559,18.5309],[77.7016,18.5552],[77.7385,18.5568],[77.7404,18.5752],[77.7503,18.5892],[77.7457,18.6213],[77.7305,18.6451],[77.7357,18.661],[77.73,18.6669],[77.7492,18.6827],[77.7535,18.701],[77.7682,18.7059],[77.7719,18.6891],[77.7873,18.6826],[77.84,18.8048],[77.9067,18.8267],[77.9345,18.8223],[77.9483,18.8291],[77.9489,18.8433],[77.9348,18.8451],[77.9375,18.8516],[77.9294,18.8536],[77.9301,18.8587],[77.9032,18.8666],[77.9039,18.8812],[77.8916,18.8814],[77.8854,18.9042],[77.8739,18.9077],[77.8579,18.9024],[77.8433,18.9087],[77.8586,18.9491],[77.8419,18.9499],[77.8325,18.9416],[77.8192,18.9459],[77.8218,18.9785],[77.7911,18.9828],[77.7876,18.9726],[77.7715,18.9792],[77.7754,19.0006],[77.7618,19.033],[77.7648,19.0627],[77.8003,19.0511],[77.7968,19.0726],[77.8099,19.1047],[77.8181,19.105],[77.8313,19.0861],[77.8504,19.0886],[77.8477,19.116],[77.8341,19.1343],[77.8525,19.1547],[77.8605,19.1804],[77.8477,19.1896],[77.866,19.2264],[77.8714,19.255],[77.89,19.2609],[77.9028,19.2565],[77.9076,19.2682],[77.9035,19.278],[77.8656,19.2838],[77.8635,19.3042],[77.89,19.3133],[77.8943,19.3205],[77.9115,19.3163],[77.9451,19.3425],[77.9619,19.3356],[77.9987,19.2998],[78.0135,19.2947],[78.0148,19.279],[78.0425,19.2706],[78.0359,19.2506],[78.0416,19.2434],[78.0557,19.2371],[78.0791,19.2548],[78.0891,19.2394],[78.117,19.2486],[78.1445,19.2294],[78.1753,19.2376],[78.1818,19.2476],[78.1767,19.2785],[78.1937,19.3149],[78.1923,19.3258],[78.1762,19.3349],[78.1721,19.3493],[78.1877,19.3946],[78.1762,19.4123],[78.1951,19.4068],[78.2116,19.4285],[78.22,19.433],[78.2445,19.4288],[78.2687,19.4485],[78.2704,19.4562],[78.287,19.4485],[78.3043,19.4561],[78.3092,19.4811],[78.2904,19.5276],[78.2932,19.5422],[78.2839,19.5414],[78.2743,19.554],[78.2753,19.5625],[78.2936,19.559],[78.3037,19.5693],[78.3056,19.6071],[78.2939,19.6194],[78.2905,19.646],[78.2626,19.6651],[78.2762,19.6924],[78.3118,19.6911],[78.3187,19.7055],[78.3431,19.7133],[78.3412,19.7358],[78.3493,19.738],[78.3646,19.7807],[78.3589,19.8029],[78.334,19.8146],[78.3364,19.8379],[78.2998,19.841],[78.2861,19.8479],[78.2853,19.8566],[78.2978,19.8722],[78.307,19.9143],[78.3306,19.9147],[78.3341,19.9053],[78.3244,19.8948],[78.3357,19.8836]]]}},{"type":"Feature","properties":{"name":"Andhra Pradesh"},"geometry":{"type":"Polygon","coordinates":[[[84.6757,19.1672],[84.7153,19.1559],[84.7113,19.1466],[84.6993,19.1435],[84.7063,19.1396],[84.6982,19.127],[84.704,19.1173],[84.7615,19.0791],[84.6869,18.9709],[84.6764,18.9677],[84.6845,18.9675],[84.5871,18.8674],[84.5749,18.8376],[84.5578,18.8178],[84.5515,18.7905],[84.4697,18.7144],[84.4486,18.6855],[84.4399,18.6595],[84.3667,18.5909],[84.3547,18.5549],[84.215,18.4413],[84.1507,18.3773],[84.1269,18.3439],[84.1269,18.3134],[84.0788,18.2877],[84.071,18.2766],[83.9359,18.209],[83.8882,18.1955],[83.8604,18.1743],[83.8099,18.156],[83.795,18.1684],[83.8053,18.154],[83.7073,18.106],[83.6048,18.0373],[83.5694,18.0118],[83.5588,17.9966],[83.5583,17.9824],[83.5318,17.9511],[83.5201,17.9515],[83.525,17.9473],[83.513,17.9373],[83.4587,17.9011],[83.4437,17.8728],[83.4071,17.841],[83.4162,17.8337],[83.4109,17.8094],[83.389,17.7902],[83.3858,17.7774],[83.3546,17.756],[83.344,17.7376],[83.3464,17.7261],[83.2969,17.6933],[83.2949,17.6745],[83.2385,17.63],[83.2165,17.5955],[83.1487,17.5572],[83.0325,17.5144],[82.9748,17.4661],[82.7264,17.3549],[82.5619,17.2616],[82.4431,17.1748],[82.3193,17.0578],[82.2882,17.016],[82.2686,16.9565],[82.2714,16.948],[82.2723,16.9478],[82.2757,16.9514],[82.2771,16.9517],[82.2649,16.9389],[82.2706,16.9414],[82.2735,16.9476],[82.2768,16.9506],[82.2779,16.9507],[82.2711,16.9413],[82.2467,16.9178],[82.243,16.9178],[82.2414,16.908],[82.249,16.8941],[82.2483,16.8765],[82.2598,16.8845],[82.266,16.8698],[82.2819,16.872],[82.2823,16.8648],[82.3016,16.8626],[82.3142,16.8459],[82.3267,16.8551],[82.3494,16.8505],[82.3616,16.8544],[82.3633,16.9173],[82.3577,16.95],[82.3263,16.9883],[82.3384,16.9867],[82.3556,16.9678],[82.3664,16.9114],[82.3653,16.876],[82.3418,16.7284],[82.3393,16.7161],[82.3333,16.7167],[82.3449,16.7046],[82.3347,16.6991],[82.3354,16.6901],[82.3277,16.6849],[82.3378,16.6898],[82.354,16.7056],[82.3464,16.7156],[82.3537,16.7136],[82.355,16.7043],[82.3599,16.7108],[82.3653,16.7067],[82.3455,16.6965],[82.3173,16.6623],[82.3291,16.6145],[82.3189,16.5768],[82.3136,16.5749],[82.3178,16.5817],[82.3148,16.5811],[82.3092,16.5926],[82.318,16.5872],[82.3255,16.6168],[82.3128,16.668],[82.3121,16.6271],[82.3069,16.6228],[82.3075,16.6399],[82.3042,16.6288],[82.3045,16.6367],[82.296,16.626],[82.2999,16.6363],[82.2956,16.626],[82.2843,16.626],[82.2904,16.6097],[82.2849,16.6],[82.2946,16.6025],[82.2988,16.5864],[82.2873,16.571],[82.2631,16.563],[82.2769,16.5594],[82.2935,16.563],[82.2937,16.5676],[82.2972,16.5676],[82.2937,16.5581],[82.281,16.5586],[82.29,16.5549],[82.2996,16.5582],[82.2992,16.5722],[82.3009,16.5624],[82.3107,16.5677],[82.3134,16.5648],[82.3137,16.5587],[82.3129,16.5635],[82.2995,16.5559],[82.2349,16.546],[81.9704,16.4076],[81.9577,16.3924],[81.9394,16.3954],[81.8782,16.3826],[81.7208,16.3069],[81.7166,16.3073],[81.7192,16.3156],[81.6906,16.3275],[81.4872,16.3551],[81.3938,16.3425],[81.3054,16.3035],[81.2651,16.2781],[81.2462,16.2589],[81.2138,16.2072],[81.1914,16.1028],[81.1455,16.0129],[81.148,15.9737],[81.1414,15.9687],[81.1349,15.9722],[81.1325,15.9621],[81.0554,15.8972],[81.0048,15.8378],[81.0072,15.8167],[81.0206,15.793],[81.0113,15.8015],[81.0072,15.7901],[81.0145,15.7713],[81.0119,15.766],[80.9985,15.7697],[80.9993,15.7589],[81.0095,15.7618],[81.0085,15.7529],[80.9715,15.7327],[80.9624,15.7336],[80.9621,15.7271],[80.9372,15.7144],[80.932,15.7237],[80.85,15.7059],[80.8215,15.7093],[80.8096,15.7219],[80.8092,15.735],[80.7981,15.7424],[80.7884,15.7572],[80.7877,15.7643],[80.7905,15.7699],[80.7996,15.7768],[80.7904,15.7687],[80.7912,15.7536],[80.8102,15.7353],[80.8114,15.7271],[80.8167,15.717],[80.8223,15.7104],[80.8133,15.7287],[80.8165,15.7413],[80.8153,15.7328],[80.8171,15.7271],[80.8175,15.7494],[80.7796,15.8353],[80.7802,15.8416],[80.8009,15.8058],[80.8025,15.8161],[80.8156,15.8107],[80.807,15.8404],[80.7739,15.8663],[80.6806,15.8854],[80.6767,15.8803],[80.6047,15.8703],[80.5365,15.8523],[80.4286,15.8047],[80.3456,15.7512],[80.2842,15.6878],[80.2491,15.628],[80.2431,15.6301],[80.2479,15.6258],[80.2397,15.6216],[80.245,15.6203],[80.2372,15.6007],[80.2291,15.6042],[80.2206,15.6009],[80.2347,15.5991],[80.2241,15.595],[80.2224,15.5827],[80.2255,15.5931],[80.2351,15.5906],[80.2247,15.5683],[80.229,15.5689],[80.2279,15.5468],[80.2197,15.5383],[80.2257,15.54],[80.2248,15.5335],[80.2185,15.5233],[80.214,15.5262],[80.2153,15.5157],[80.2021,15.5154],[80.2096,15.5115],[80.1942,15.505],[80.2031,15.5061],[80.1988,15.4931],[80.2105,15.4935],[80.205,15.4739],[80.1218,15.3679],[80.0847,15.2833],[80.0824,15.2527],[80.0882,15.2388],[80.0817,15.2492],[80.0807,15.241],[80.0875,15.2245],[80.0834,15.2224],[80.0884,15.2239],[80.0889,15.2357],[80.089,15.2119],[80.0836,15.1911],[80.0709,15.1826],[80.0797,15.1811],[80.0615,15.1414],[80.047,15.0802],[80.0528,15.0117],[80.0675,14.9324],[80.0844,14.8832],[80.0977,14.7795],[80.1115,14.7411],[80.1421,14.7035],[80.1712,14.6117],[80.1955,14.5858],[80.1773,14.495],[80.1716,14.3734],[80.1301,14.2312],[80.1264,14.1643],[80.1338,14.0969],[80.1498,14.0318],[80.2209,13.875],[80.2531,13.7859],[80.2375,13.7239],[80.2336,13.6584],[80.2426,13.6164],[80.2686,13.5645],[80.2418,13.4706],[80.2145,13.4902],[80.2099,13.4862],[80.1452,13.4914],[80.1392,13.5042],[80.1127,13.5059],[80.1082,13.4889],[80.1051,13.4933],[80.103,13.4869],[80.0781,13.4888],[80.0771,13.5263],[80.0886,13.5349],[80.0812,13.5497],[80.0627,13.5453],[80.0569,13.5366],[80.0284,13.5388],[80.0168,13.5471],[80.0034,13.5444],[80.0005,13.5256],[80.0176,13.5295],[80.0271,13.5136],[80.0355,13.5183],[80.048,13.5125],[80.0466,13.4936],[80.0158,13.4979],[80.0078,13.4783],[79.984,13.4795],[79.9823,13.4704],[79.9724,13.469],[79.9733,13.4296],[79.9566,13.4221],[79.9396,13.425],[79.9418,13.4167],[79.9345,13.4164],[79.9456,13.4077],[79.9443,13.3968],[79.9627,13.3913],[79.958,13.3791],[79.945,13.3817],[79.9494,13.3754],[79.9379,13.3555],[79.9312,13.3515],[79.9159,13.3598],[79.9148,13.3481],[79.8834,13.3328],[79.8828,13.3233],[79.868,13.331],[79.8627,13.3169],[79.8088,13.3172],[79.7917,13.2935],[79.7608,13.3184],[79.7567,13.2952],[79.7337,13.2888],[79.735,13.2759],[79.7947,13.2418],[79.7944,13.2263],[79.7847,13.2279],[79.7754,13.2153],[79.7642,13.2191],[79.7549,13.2064],[79.7373,13.2365],[79.7302,13.2325],[79.7313,13.2224],[79.7216,13.2234],[79.7163,13.2164],[79.7022,13.2241],[79.706,13.2342],[79.714,13.2357],[79.7091,13.251],[79.6982,13.2509],[79.6959,13.2385],[79.6842,13.2444],[79.6782,13.2616],[79.6876,13.2667],[79.6911,13.2609],[79.6957,13.2672],[79.6887,13.2708],[79.6939,13.2798],[79.6812,13.2879],[79.6825,13.2958],[79.6781,13.2974],[79.6742,13.2817],[79.6653,13.2787],[79.6638,13.2897],[79.6578,13.2838],[79.6517,13.2918],[79.6424,13.2901],[79.6412,13.2755],[79.6384,13.2874],[79.6316,13.2697],[79.6141,13.2827],[79.606,13.2795],[79.6086,13.2875],[79.596,13.2848],[79.5913,13.2614],[79.5792,13.2578],[79.5583,13.2727],[79.5345,13.2754],[79.5412,13.2924],[79.5348,13.3013],[79.544,13.3167],[79.5372,13.3386],[79.5259,13.3443],[79.511,13.3419],[79.5103,13.3346],[79.4952,13.3452],[79.4562,13.3385],[79.4354,13.3517],[79.4316,13.3367],[79.4147,13.33],[79.4053,13.335],[79.3983,13.3302],[79.402,13.3173],[79.3877,13.318],[79.3818,13.3075],[79.3886,13.3097],[79.3898,13.2974],[79.4157,13.2995],[79.42,13.2895],[79.4305,13.3002],[79.4454,13.3012],[79.4462,13.2916],[79.4347,13.289],[79.4337,13.2749],[79.4084,13.2652],[79.4226,13.2513],[79.4184,13.2429],[79.4376,13.2428],[79.4314,13.236],[79.4397,13.2358],[79.4309,13.2297],[79.4531,13.2383],[79.4537,13.2169],[79.4373,13.2195],[79.4362,13.2127],[79.4438,13.2077],[79.4323,13.1969],[79.4384,13.1881],[79.4091,13.194],[79.399,13.1878],[79.3921,13.1924],[79.374,13.1892],[79.3877,13.1775],[79.3726,13.1788],[79.3695,13.1729],[79.3792,13.1715],[79.38,13.1629],[79.3561,13.1645],[79.3655,13.1339],[79.3604,13.1235],[79.3452,13.1214],[79.3411,13.1368],[79.3396,13.1304],[79.3186,13.1234],[79.3242,13.1185],[79.3119,13.1165],[79.3188,13.1134],[79.3071,13.1055],[79.2942,13.1096],[79.3124,13.1261],[79.284,13.1227],[79.2803,13.1528],[79.262,13.149],[79.2574,13.1607],[79.2521,13.1577],[79.2538,13.1457],[79.2452,13.1382],[79.2401,13.1443],[79.2449,13.1488],[79.2426,13.171],[79.2349,13.1708],[79.2273,13.1556],[79.2146,13.1569],[79.21,13.1484],[79.2328,13.1393],[79.2303,13.1263],[79.2383,13.1185],[79.2344,13.1052],[79.2008,13.0888],[79.1982,13.0813],[79.1906,13.0887],[79.1806,13.0842],[79.1921,13.0674],[79.1782,13.0592],[79.192,13.0561],[79.1796,13.0545],[79.1804,13.0488],[79.1929,13.0467],[79.1848,13.0298],[79.1631,13.0202],[79.1373,13.0348],[79.1144,13.0392],[79.0982,13.026],[79.0808,13.0257],[79.0628,13.0406],[79.0633,13.0531],[79.0386,13.0611],[79.0369,13.0706],[78.9949,13.0866],[78.9722,13.0838],[78.9702,13.0747],[78.9554,13.0758],[78.9491,13.084],[78.9414,13.0785],[78.9239,13.0808],[78.9217,13.0661],[78.9125,13.0659],[78.9036,13.0477],[78.9291,13.0457],[78.9407,13.0364],[78.937,13.0304],[78.9291,13.0365],[78.8916,13.033],[78.8889,13.0733],[78.8956,13.0951],[78.8915,13.0971],[78.875,13.0968],[78.8709,13.0819],[78.842,13.0786],[78.8131,13.0891],[78.7942,13.0666],[78.7517,13.0549],[78.7402,13.064],[78.7145,13.0687],[78.7052,13.0152],[78.6561,13.0311],[78.6555,13.0152],[78.6208,12.9912],[78.6471,12.9662],[78.638,12.9647],[78.6569,12.9321],[78.6334,12.9317],[78.613,12.8679],[78.6015,12.8508],[78.6077,12.8219],[78.6003,12.8184],[78.5924,12.7827],[78.5556,12.7558],[78.5631,12.7513],[78.5552,12.7393],[78.5638,12.7376],[78.5543,12.7193],[78.5615,12.71],[78.5548,12.7075],[78.5558,12.7001],[78.5348,12.6911],[78.5295,12.7102],[78.5442,12.7109],[78.5374,12.717],[78.525,12.7154],[78.5208,12.7361],[78.5138,12.7253],[78.5138,12.7345],[78.4931,12.7471],[78.4926,12.7356],[78.5059,12.7225],[78.5202,12.7187],[78.5199,12.712],[78.5117,12.7077],[78.503,12.7168],[78.5019,12.7044],[78.4965,12.7032],[78.5074,12.6914],[78.4997,12.6761],[78.4844,12.6716],[78.4678,12.6759],[78.4747,12.6476],[78.4649,12.624],[78.427,12.6352],[78.4125,12.6268],[78.3793,12.625],[78.3183,12.6619],[78.3009,12.6659],[78.2721,12.7047],[78.2445,12.7063],[78.2376,12.6858],[78.2105,12.6861],[78.1992,12.6954],[78.2099,12.7005],[78.2073,12.7083],[78.2311,12.7125],[78.2409,12.7299],[78.2309,12.7607],[78.2456,12.7883],[78.2521,12.8605],[78.2683,12.8677],[78.282,12.8593],[78.3124,12.8585],[78.3136,12.8764],[78.3309,12.8756],[78.337,12.8824],[78.3344,12.8892],[78.3203,12.8873],[78.3235,12.9018],[78.344,12.9085],[78.354,12.9397],[78.3886,12.9068],[78.3963,12.9073],[78.3986,12.9173],[78.4121,12.9032],[78.4286,12.9021],[78.4349,12.9118],[78.4455,12.9118],[78.4472,12.8922],[78.464,12.8777],[78.4647,12.8668],[78.4666,12.9054],[78.4379,12.929],[78.4281,12.9321],[78.4187,12.9217],[78.4111,12.9453],[78.4203,12.9477],[78.4192,12.9587],[78.4379,12.964],[78.4326,12.9678],[78.4353,12.981],[78.4674,12.975],[78.4747,12.9914],[78.4635,13.0053],[78.4621,13.0432],[78.4731,13.0429],[78.4784,13.0545],[78.5142,13.0618],[78.5094,13.0915],[78.5384,13.1057],[78.5185,13.1198],[78.517,13.1316],[78.5233,13.1304],[78.5312,13.1414],[78.5446,13.142],[78.5483,13.1485],[78.5413,13.1557],[78.55,13.1642],[78.5681,13.1618],[78.5733,13.1689],[78.5797,13.1673],[78.576,13.1867],[78.5672,13.1933],[78.5497,13.1897],[78.55,13.2002],[78.5677,13.2015],[78.5711,13.212],[78.5786,13.213],[78.5785,13.218],[78.5663,13.2208],[78.5701,13.2471],[78.5852,13.2622],[78.5873,13.2806],[78.5786,13.2803],[78.5775,13.2953],[78.5655,13.312],[78.5616,13.2885],[78.554,13.2832],[78.5393,13.2879],[78.5321,13.2669],[78.5219,13.273],[78.5139,13.2906],[78.4987,13.2995],[78.4792,13.3013],[78.4833,13.3212],[78.4441,13.3081],[78.4403,13.3284],[78.4279,13.3313],[78.4188,13.3206],[78.401,13.3155],[78.3871,13.3318],[78.3771,13.332],[78.383,13.3436],[78.3876,13.3428],[78.3848,13.3349],[78.393,13.3338],[78.4086,13.3429],[78.3776,13.3631],[78.3696,13.3583],[78.365,13.3618],[78.3816,13.397],[78.3708,13.4695],[78.3787,13.482],[78.3744,13.509],[78.3841,13.5172],[78.3823,13.525],[78.4066,13.5768],[78.4014,13.5879],[78.3851,13.5921],[78.3505,13.5869],[78.3261,13.5948],[78.2594,13.5825],[78.236,13.5993],[78.2326,13.5868],[78.2196,13.5932],[78.2029,13.5688],[78.1929,13.5648],[78.1902,13.5901],[78.2033,13.6065],[78.2041,13.6284],[78.1682,13.6328],[78.1675,13.6558],[78.1142,13.6574],[78.0989,13.6428],[78.0871,13.6431],[78.0897,13.6591],[78.077,13.6733],[78.0657,13.6761],[78.0735,13.6877],[78.069,13.6978],[78.1132,13.6927],[78.1207,13.7156],[78.1043,13.7365],[78.0915,13.7423],[78.0998,13.7585],[78.1137,13.7634],[78.1266,13.7871],[78.1137,13.8075],[78.1254,13.832],[78.1147,13.8629],[78.0819,13.8612],[78.0789,13.8812],[78.0488,13.8961],[78.0461,13.8621],[78.0212,13.8638],[78.0004,13.8729],[77.992,13.8688],[77.976,13.8295],[77.9529,13.8274],[77.949,13.8864],[77.9845,13.8974],[77.9802,13.9279],[77.9875,13.9555],[77.9674,13.9602],[77.9573,13.9367],[77.9462,13.9353],[77.9267,13.9053],[77.8958,13.9204],[77.8956,13.941],[77.8388,13.9359],[77.8265,13.9447],[77.8148,13.9319],[77.8134,13.9146],[77.8161,13.903],[77.8319,13.8957],[77.8355,13.881],[77.8273,13.8744],[77.837,13.8697],[77.8201,13.8632],[77.812,13.849],[77.7822,13.8441],[77.789,13.8305],[77.7815,13.8183],[77.7407,13.8124],[77.7193,13.8003],[77.7173,13.7411],[77.7084,13.741],[77.7032,13.7698],[77.6717,13.7605],[77.6798,13.7723],[77.68,13.7868],[77.6514,13.7841],[77.6176,13.7627],[77.6188,13.755],[77.6418,13.7478],[77.6305,13.7359],[77.6244,13.7352],[77.6136,13.7519],[77.5999,13.7508],[77.5868,13.7335],[77.5716,13.7382],[77.5609,13.7223],[77.5474,13.7529],[77.5255,13.7533],[77.5219,13.7446],[77.5366,13.7306],[77.5283,13.693],[77.5123,13.6973],[77.5141,13.7132],[77.485,13.7148],[77.4921,13.6898],[77.4553,13.6823],[77.45,13.7109],[77.465,13.7109],[77.4705,13.758],[77.4651,13.7587],[77.4613,13.7884],[77.4564,13.7887],[77.4645,13.8061],[77.4453,13.811],[77.437,13.7967],[77.4225,13.7991],[77.4286,13.8068],[77.4164,13.8088],[77.4325,13.8432],[77.3818,13.8394],[77.3768,13.8507],[77.3624,13.8543],[77.3368,13.8328],[77.3253,13.8332],[77.3214,13.8559],[77.3114,13.8666],[77.2882,13.8475],[77.2566,13.8465],[77.2591,13.8631],[77.2463,13.8679],[77.2482,13.9012],[77.2356,13.9041],[77.2306,13.9033],[77.2198,13.8677],[77.2154,13.8679],[77.2131,13.8862],[77.2004,13.863],[77.1813,13.8699],[77.1908,13.9119],[77.1847,13.9252],[77.1699,13.9206],[77.1619,13.9066],[77.1687,13.8896],[77.1685,13.8645],[77.1476,13.8685],[77.128,13.8561],[77.132,13.8458],[77.156,13.8444],[77.1536,13.8341],[77.1686,13.8296],[77.1575,13.806],[77.1785,13.7827],[77.173,13.762],[77.1511,13.7662],[77.1368,13.7583],[77.0904,13.7672],[77.0838,13.7567],[77.0856,13.7425],[77.0646,13.7438],[77.0433,13.7778],[77.0244,13.7792],[77.0164,13.7385],[76.9968,13.7478],[76.9851,13.7908],[76.9897,13.813],[76.9764,13.8173],[76.978,13.8269],[76.9888,13.8353],[76.9922,13.849],[77.0142,13.8603],[77.023,13.9026],[77.0472,13.9066],[77.0416,13.9334],[77.0243,13.94],[77.0142,13.9549],[76.9937,13.9626],[76.9994,13.9904],[76.9499,14.0151],[76.9434,14.0298],[76.9311,14.0302],[76.9323,14.0539],[76.9717,14.058],[76.9775,14.0713],[76.9734,14.0835],[76.9484,14.0921],[76.9535,14.0997],[76.9456,14.1182],[76.9249,14.1371],[76.9128,14.1288],[76.8859,14.1383],[76.8945,14.1678],[76.9197,14.1645],[76.9423,14.1733],[76.9427,14.1954],[76.9475,14.1982],[76.9606,14.1818],[76.9837,14.1788],[77.0054,14.184],[77.0233,14.1767],[77.0201,14.1309],[77.0262,14.125],[77.0146,14.1],[77.0298,14.0882],[77.0276,14.0618],[77.0347,14.0557],[77.0761,14.0533],[77.0789,14.0427],[77.1274,14.047],[77.141,14.0039],[77.1492,14.0012],[77.1728,14.0011],[77.174,14.013],[77.2046,14.0083],[77.2453,14.012],[77.2703,14.0345],[77.2787,14.0324],[77.2749,14.0113],[77.2982,14.0216],[77.3065,14.032],[77.3222,14.03],[77.3362,13.9954],[77.361,13.9908],[77.3494,13.9581],[77.3712,13.9528],[77.3478,13.916],[77.3576,13.9034],[77.3979,13.9066],[77.3987,13.8881],[77.435,13.915],[77.4348,13.9197],[77.4158,13.9242],[77.412,13.9456],[77.4353,13.9475],[77.4378,13.9755],[77.4258,13.9861],[77.3956,13.9837],[77.3816,13.9762],[77.3796,13.9899],[77.3901,14.0167],[77.3323,14.0307],[77.3405,14.0602],[77.3605,14.0626],[77.4009,14.1187],[77.3906,14.1266],[77.3474,14.1036],[77.3517,14.1311],[77.3789,14.1359],[77.385,14.1533],[77.3948,14.1608],[77.3937,14.1743],[77.467,14.1716],[77.468,14.1649],[77.5035,14.1571],[77.517,14.1828],[77.5046,14.194],[77.4927,14.231],[77.5034,14.2598],[77.4982,14.2789],[77.4789,14.2922],[77.4502,14.2807],[77.4462,14.3175],[77.4312,14.313],[77.4284,14.3286],[77.4064,14.3378],[77.389,14.3331],[77.379,14.3227],[77.377,14.3076],[77.3887,14.2809],[77.3873,14.2709],[77.4053,14.2667],[77.4088,14.2599],[77.4096,14.2319],[77.4176,14.2259],[77.4182,14.2091],[77.3925,14.1989],[77.3832,14.2075],[77.3791,14.2265],[77.3594,14.234],[77.3638,14.2758],[77.2835,14.2827],[77.2888,14.3055],[77.2865,14.3401],[77.2382,14.3174],[77.1974,14.3212],[77.1786,14.3355],[77.1693,14.3355],[77.1667,14.3421],[77.1389,14.34],[77.1322,14.3107],[77.1156,14.2925],[77.1101,14.2683],[77.1111,14.2616],[77.1204,14.2629],[77.1153,14.2545],[77.1166,14.2264],[77.1008,14.2172],[77.0811,14.2142],[77.0524,14.2455],[77.036,14.2468],[77.0056,14.2358],[76.9856,14.2474],[76.94,14.2446],[76.9249,14.2738],[76.9567,14.2944],[76.9456,14.3132],[76.9033,14.3227],[76.8847,14.3476],[76.8848,14.3957],[76.8986,14.398],[76.9158,14.4207],[76.9428,14.3997],[76.9478,14.4132],[76.9447,14.4509],[76.9599,14.4506],[76.9748,14.4853],[76.9006,14.4892],[76.8842,14.4771],[76.8679,14.4741],[76.8556,14.5096],[76.8355,14.5213],[76.831,14.5304],[76.8062,14.5311],[76.7913,14.5547],[76.7818,14.5965],[76.765,14.6021],[76.7752,14.681],[76.8029,14.7419],[76.7895,14.7601],[76.7827,14.786],[76.8367,14.7908],[76.8373,14.8106],[76.8539,14.8095],[76.8545,14.8181],[76.846,14.8221],[76.8418,14.8366],[76.854,14.8432],[76.8572,14.8691],[76.8524,14.887],[76.8454,14.8893],[76.8473,14.896],[76.8638,14.8956],[76.8696,14.9377],[76.8674,14.9698],[76.8419,14.9664],[76.8285,14.9565],[76.8182,14.9695],[76.7665,14.9756],[76.7605,14.9899],[76.775,14.9931],[76.7901,15.0207],[76.7736,15.0591],[76.7767,15.0784],[76.7821,15.0773],[76.786,15.0878],[76.8002,15.0959],[76.8237,15.08],[76.836,15.0793],[76.8659,15.0597],[76.8771,15.0302],[76.8949,15.0371],[76.9183,15.0355],[76.9496,15.0304],[76.9659,15.0181],[76.9852,15.0152],[76.986,15.0265],[77.004,15.0338],[77.0495,15.0331],[77.0441,15.0099],[77.0824,15.0061],[77.0847,15.0307],[77.0908,15.0293],[77.0936,15.0362],[77.1129,15.0341],[77.1282,15.0723],[77.1301,15.1008],[77.1421,15.1046],[77.1563,15.1229],[77.1573,15.1405],[77.1378,15.1435],[77.1354,15.1498],[77.1407,15.1586],[77.1628,15.1574],[77.1691,15.1714],[77.1619,15.2011],[77.1476,15.2239],[77.1251,15.227],[77.1264,15.2405],[77.1362,15.241],[77.1438,15.2572],[77.1676,15.2585],[77.1669,15.2686],[77.1471,15.2729],[77.1519,15.2757],[77.1516,15.2924],[77.1183,15.2949],[77.1131,15.3337],[77.0637,15.328],[77.0649,15.3436],[77.0418,15.3619],[77.0472,15.39],[77.0292,15.4044],[77.0351,15.4232],[77.032,15.4356],[77.0107,15.4488],[76.9973,15.478],[76.9771,15.4898],[76.9738,15.4995],[76.9745,15.5105],[77.03,15.5027],[77.0262,15.5817],[77.0329,15.605],[77.0304,15.6345],[77.0717,15.6467],[77.0832,15.6592],[77.1214,15.6311],[77.1289,15.6659],[77.0787,15.6952],[77.0874,15.7155],[77.0788,15.7163],[77.0797,15.7275],[77.0491,15.7303],[77.0459,15.7404],[77.048,15.7562],[77.0564,15.7628],[77.0523,15.7699],[77.0569,15.7687],[77.0609,15.7863],[77.0672,15.7877],[77.0652,15.8282],[77.0358,15.8296],[77.0252,15.8375],[77.0337,15.8589],[77.0747,15.912],[77.1551,15.95],[77.1853,15.9568],[77.2355,15.9571],[77.2489,15.9646],[77.2847,15.9538],[77.3011,15.958],[77.324,15.9502],[77.3612,15.9494],[77.3795,15.9398],[77.4143,15.942],[77.4296,15.9491],[77.466,15.9345],[77.4987,15.9332],[77.549,15.9191],[77.5808,15.9185],[77.595,15.9118],[77.6114,15.9179],[77.6365,15.8961],[77.6592,15.8855],[77.6927,15.8833],[77.7241,15.8958],[77.744,15.8861],[77.7669,15.8861],[77.7824,15.8762],[77.8035,15.8741],[77.8387,15.8851],[77.8585,15.8837],[77.8782,15.9052],[77.888,15.9061],[77.937,15.8835],[77.9753,15.8833],[78.0089,15.8618],[78.0319,15.9073],[78.0449,15.9041],[78.0468,15.8749],[78.0562,15.8746],[78.0558,15.8663],[78.0715,15.8617],[78.0714,15.8504],[78.0849,15.8451],[78.0836,15.8409],[78.134,15.8363],[78.1301,15.8507],[78.1355,15.8547],[78.1753,15.8581],[78.1767,15.8768],[78.1899,15.8923],[78.1794,15.9019],[78.1844,15.9098],[78.2516,15.9352],[78.2513,15.9768],[78.2598,15.9956],[78.2555,16.0129],[78.2609,16.0258],[78.3123,16.0115],[78.3219,16.0171],[78.3266,16.0367],[78.3477,16.0475],[78.3654,16.0468],[78.3844,16.0646],[78.4079,16.0748],[78.4748,16.0685],[78.5518,16.0428],[78.5869,16.0634],[78.6016,16.0839],[78.6272,16.0876],[78.6502,16.0788],[78.6812,16.0348],[78.7236,16.0201],[78.7355,16.0082],[78.7831,16.0203],[78.8194,16.0483],[78.8378,16.0719],[78.8424,16.0952],[78.8338,16.1445],[78.8525,16.1489],[78.8721,16.144],[78.889,16.0852],[78.8956,16.0856],[78.922,16.1043],[78.9243,16.1358],[78.9054,16.1836],[78.9603,16.2091],[78.9857,16.2107],[79.0095,16.2402],[79.048,16.2387],[79.0721,16.2271],[79.0841,16.2301],[79.1016,16.2228],[79.1197,16.2319],[79.1569,16.2093],[79.2165,16.2274],[79.2304,16.2825],[79.2343,16.3338],[79.2102,16.3582],[79.2116,16.4474],[79.2334,16.4592],[79.2148,16.4879],[79.2209,16.5143],[79.2448,16.5318],[79.2568,16.5658],[79.291,16.5616],[79.3082,16.5741],[79.3401,16.5826],[79.4186,16.5802],[79.4331,16.5907],[79.4391,16.6129],[79.4472,16.6197],[79.4833,16.6231],[79.5038,16.6359],[79.5421,16.6322],[79.5756,16.6498],[79.5989,16.6732],[79.6331,16.6604],[79.6622,16.6866],[79.6815,16.6944],[79.7229,16.6903],[79.7446,16.7191],[79.774,16.7308],[79.7925,16.7255],[79.8173,16.6919],[79.8511,16.7058],[79.8775,16.6973],[79.8855,16.6873],[79.8937,16.6501],[79.9101,16.6339],[79.9341,16.6316],[79.9631,16.6435],[79.9974,16.7021],[80.03,16.7144],[80.055,16.7446],[80.0539,16.7654],[80.0706,16.8017],[80.0733,16.8172],[80.0482,16.8332],[80.0468,16.8533],[80.017,16.8542],[79.9988,16.8652],[80.0174,16.915],[80.0404,16.9181],[80.0506,16.9364],[80.0482,16.9494],[80.0574,16.964],[80.0554,16.9714],[80.0916,16.9683],[80.0952,16.9907],[80.1402,16.9906],[80.1534,17.0069],[80.1678,17.0056],[80.1702,17.0168],[80.1873,17.02],[80.1965,17.044],[80.2041,17.0383],[80.2021,17.017],[80.2114,17.0103],[80.2229,17.0078],[80.2262,17.0153],[80.2404,17.0021],[80.2649,16.9972],[80.2827,17.0077],[80.2936,16.9963],[80.2903,16.9811],[80.3066,16.9738],[80.305,16.9537],[80.3165,16.9484],[80.3116,16.9167],[80.3238,16.9064],[80.3217,16.8796],[80.344,16.8744],[80.3409,16.8597],[80.3741,16.8524],[80.3734,16.8395],[80.3796,16.8411],[80.3737,16.8282],[80.3804,16.8174],[80.4042,16.832],[80.4078,16.8482],[80.3784,16.852],[80.384,16.8653],[80.4277,16.8498],[80.4286,16.8381],[80.4642,16.82],[80.4645,16.7954],[80.4863,16.7911],[80.5044,16.7787],[80.5702,16.768],[80.5971,16.7922],[80.613,16.7935],[80.5944,16.8028],[80.5628,16.8328],[80.5701,16.8485],[80.5683,16.8694],[80.5959,16.8846],[80.5948,16.8989],[80.5871,16.9042],[80.6019,16.9186],[80.5347,16.9614],[80.5261,16.9479],[80.4992,16.9563],[80.4934,16.9274],[80.4497,16.9548],[80.3634,16.9761],[80.3879,17.0093],[80.407,17.0158],[80.4074,17.0256],[80.3958,17.0357],[80.3985,17.0526],[80.3857,17.0679],[80.409,17.0915],[80.419,17.0923],[80.417,17.0736],[80.4386,17.0376],[80.4649,17.03],[80.4714,17.0504],[80.4909,17.051],[80.5054,17.0685],[80.5101,17.0869],[80.504,17.0926],[80.5141,17.1221],[80.5276,17.1189],[80.5632,17.1331],[80.58,17.1531],[80.6183,17.1284],[80.6455,17.1235],[80.642,17.1159],[80.6706,17.1012],[80.6571,17.0896],[80.6499,17.0714],[80.6538,17.0686],[80.6735,17.0666],[80.695,17.0741],[80.6994,17.0838],[80.7389,17.0796],[80.765,17.0666],[80.8288,17.0528],[80.8453,17.04],[80.8772,17.0704],[80.8676,17.0804],[80.8764,17.1056],[80.8677,17.1231],[80.8783,17.1351],[80.8794,17.1608],[80.907,17.1539],[80.924,17.1578],[80.9264,17.1835],[80.9184,17.1897],[80.9189,17.2197],[80.9413,17.2193],[80.9603,17.2041],[80.9944,17.1913],[81.0313,17.1903],[81.0495,17.2071],[81.0546,17.2249],[81.0796,17.2153],[81.174,17.2303],[81.1876,17.2547],[81.1782,17.269],[81.1767,17.2877],[81.1904,17.3248],[81.2336,17.3204],[81.2457,17.3258],[81.274,17.3172],[81.3011,17.3407],[81.3226,17.3745],[81.3124,17.4087],[81.2685,17.4183],[81.2455,17.433],[81.2118,17.4417],[81.2053,17.4496],[81.2027,17.434],[81.1933,17.4356],[81.1723,17.449],[81.1755,17.4636],[81.1483,17.4637],[81.1597,17.4844],[81.1421,17.4886],[81.1385,17.5162],[81.1273,17.5264],[81.0976,17.5043],[81.0801,17.515],[81.0148,17.5221],[81.0137,17.5366],[80.9984,17.5647],[80.9693,17.5984],[80.9755,17.6191],[80.9841,17.6262],[80.9959,17.6291],[81.007,17.6217],[81.0053,17.6488],[80.9801,17.6526],[80.9381,17.6326],[80.8801,17.648],[80.8764,17.6684],[80.8947,17.7029],[80.8855,17.7357],[80.9176,17.7481],[80.9279,17.7618],[80.9463,17.7602],[80.9553,17.7746],[80.9734,17.7801],[80.9913,17.7499],[81.0406,17.7476],[81.0505,17.734],[81.0582,17.7331],[81.1043,17.772],[81.096,17.7745],[81.0856,17.798],[81.094,17.8093],[81.1279,17.827],[81.1661,17.8576],[81.1993,17.8469],[81.2654,17.8111],[81.3545,17.8133],[81.3931,17.7946],[81.3976,17.821],[81.4169,17.814],[81.4358,17.8326],[81.446,17.8255],[81.4762,17.8384],[81.4924,17.8127],[81.5295,17.8246],[81.5635,17.8272],[81.5744,17.8387],[81.6172,17.8231],[81.6231,17.8346],[81.6408,17.8402],[81.6619,17.8812],[81.6716,17.888],[81.6874,17.8864],[81.7009,17.9028],[81.7104,17.8739],[81.7259,17.879],[81.7484,17.8925],[81.7483,17.8996],[81.7688,17.9176],[81.7879,17.926],[81.8082,17.9564],[81.9036,17.9816],[81.9201,17.9963],[81.9622,18.0009],[81.9926,18.028],[82.0077,18.0307],[82.0057,18.057],[82.0307,18.07],[82.0388,18.058],[82.0599,18.0561],[82.075,18.0759],[82.1004,18.0609],[82.119,18.0649],[82.1318,18.0606],[82.1355,18.0446],[82.1451,18.053],[82.1515,18.0485],[82.1672,18.0526],[82.1827,18.0295],[82.177,18.0212],[82.1859,18.0158],[82.2042,18.0194],[82.2206,18.0024],[82.2356,18.0032],[82.2445,17.9937],[82.2646,17.9956],[82.2719,18.022],[82.26,18.0425],[82.2897,18.0696],[82.3027,18.0688],[82.297,18.0562],[82.3087,18.0546],[82.3065,18.0456],[82.3187,18.0457],[82.3206,18.0606],[82.3325,18.052],[82.3391,18.0555],[82.3501,18.0773],[82.3454,18.0989],[82.3369,18.0998],[82.3341,18.1065],[82.3381,18.1505],[82.3616,18.1355],[82.3707,18.1488],[82.3517,18.1724],[82.3357,18.1729],[82.3138,18.1847],[82.3092,18.2048],[82.3354,18.225],[82.3228,18.2319],[82.3349,18.2415],[82.3317,18.2536],[82.343,18.2812],[82.3748,18.2814],[82.3907,18.2986],[82.3934,18.3163],[82.3873,18.3292],[82.3734,18.3294],[82.3542,18.3166],[82.3365,18.3274],[82.3473,18.3311],[82.3682,18.3592],[82.3839,18.3682],[82.3779,18.4045],[82.3625,18.4222],[82.3803,18.4333],[82.4018,18.4649],[82.4302,18.4876],[82.4418,18.5103],[82.438,18.5158],[82.4536,18.5215],[82.4811,18.5494],[82.4919,18.5476],[82.4929,18.542],[82.4814,18.5397],[82.4863,18.528],[82.5039,18.5142],[82.5189,18.5182],[82.5322,18.511],[82.5265,18.4963],[82.5333,18.4883],[82.5278,18.4809],[82.5342,18.4777],[82.5194,18.4656],[82.5283,18.4642],[82.5385,18.4444],[82.5407,18.4583],[82.5614,18.4485],[82.552,18.4285],[82.5414,18.4219],[82.5471,18.4126],[82.5355,18.4061],[82.554,18.3944],[82.5607,18.4006],[82.5829,18.3875],[82.5869,18.3923],[82.5948,18.3892],[82.5993,18.38],[82.6053,18.382],[82.606,18.366],[82.6212,18.3597],[82.6145,18.3509],[82.602,18.3522],[82.6089,18.3271],[82.5949,18.3288],[82.5885,18.3179],[82.5796,18.3158],[82.597,18.3049],[82.5861,18.2767],[82.5951,18.2751],[82.5952,18.2655],[82.6122,18.2591],[82.636,18.2374],[82.6508,18.2507],[82.6406,18.2644],[82.6505,18.2818],[82.6421,18.2887],[82.6409,18.3027],[82.6651,18.2987],[82.6746,18.3072],[82.6827,18.3043],[82.6928,18.313],[82.7077,18.3139],[82.7133,18.3232],[82.7326,18.3209],[82.7412,18.3307],[82.7535,18.3309],[82.758,18.3403],[82.7726,18.3411],[82.7888,18.3639],[82.7809,18.3826],[82.7922,18.3867],[82.7898,18.3968],[82.7978,18.4074],[82.7852,18.4114],[82.7805,18.4315],[82.8014,18.4499],[82.8225,18.4477],[82.8458,18.4337],[82.8511,18.421],[82.8547,18.4261],[82.8696,18.4191],[82.895,18.4241],[82.8942,18.3815],[82.9114,18.3692],[82.9205,18.3761],[82.938,18.3615],[82.9584,18.3671],[82.9687,18.3607],[82.9815,18.3671],[82.9951,18.3862],[83.0036,18.3834],[83.0202,18.3924],[83.0413,18.38],[83.0528,18.3806],[83.0753,18.404],[83.0556,18.4203],[83.0655,18.431],[83.0586,18.4367],[83.0407,18.4251],[83.0391,18.4417],[83.0191,18.4571],[83.0533,18.4865],[83.0534,18.4966],[83.0732,18.5155],[83.0752,18.5271],[83.0932,18.5476],[83.0861,18.5542],[83.0619,18.542],[83.0432,18.5454],[83.028,18.5745],[83.0382,18.5874],[83.0512,18.589],[83.051,18.6002],[83.0238,18.5896],[83.0117,18.5952],[83.0134,18.6059],[82.999,18.6086],[82.999,18.6214],[83.0178,18.636],[83.0113,18.6469],[83.0562,18.6662],[83.0728,18.7056],[83.1209,18.7593],[83.1133,18.769],[83.1372,18.7862],[83.1546,18.7691],[83.176,18.7717],[83.1913,18.754],[83.2047,18.7523],[83.2106,18.7315],[83.2259,18.7561],[83.2227,18.776],[83.2695,18.7653],[83.2795,18.7749],[83.2735,18.7835],[83.2827,18.7987],[83.3071,18.8101],[83.3288,18.8071],[83.3264,18.8188],[83.3639,18.844],[83.3775,18.8317],[83.404,18.8432],[83.4031,18.8627],[83.4128,18.8744],[83.3967,18.8789],[83.3764,18.8978],[83.3895,18.9101],[83.3818,18.9139],[83.3697,18.9078],[83.3578,18.9156],[83.3525,18.9434],[83.3701,18.9417],[83.3706,18.926],[83.3874,18.9329],[83.3713,18.9426],[83.3671,18.963],[83.354,18.9672],[83.3482,18.9597],[83.3502,18.9432],[83.3438,18.9411],[83.3484,18.9263],[83.3352,18.9249],[83.3265,18.9319],[83.3271,18.9446],[83.3378,18.9463],[83.339,18.9527],[83.3325,18.9576],[83.3348,18.9685],[83.3187,18.9734],[83.3106,18.9986],[83.3272,19.0024],[83.3388,18.997],[83.3371,19.0064],[83.3486,19.0194],[83.3676,19.0162],[83.3697,19.0035],[83.3827,19.0021],[83.3987,19.0102],[83.4197,19.0],[83.4157,18.99],[83.439,18.9761],[83.446,18.9575],[83.462,18.9545],[83.4699,18.9691],[83.4643,18.9799],[83.468,18.9908],[83.4554,18.991],[83.4501,19.0094],[83.4798,19.0082],[83.4835,19.0333],[83.4709,19.0427],[83.4693,19.0609],[83.4625,19.0639],[83.4664,19.0797],[83.4785,19.079],[83.4681,19.0929],[83.4835,19.092],[83.481,19.0783],[83.5007,19.0604],[83.5118,19.0701],[83.5194,19.0388],[83.515,19.0282],[83.5086,19.0353],[83.4966,19.0352],[83.5011,19.0204],[83.5368,19.0093],[83.5419,19.0413],[83.5577,19.056],[83.5492,19.0803],[83.5603,19.0868],[83.5671,19.0715],[83.5605,19.0643],[83.5636,19.0576],[83.5846,19.0573],[83.5857,19.0863],[83.6107,19.0958],[83.5979,19.1186],[83.5993,19.1299],[83.6081,19.1395],[83.6209,19.1414],[83.6276,19.1504],[83.6262,19.1624],[83.6378,19.1529],[83.6318,19.1406],[83.6367,19.1327],[83.6551,19.1294],[83.6473,19.1184],[83.663,19.0987],[83.6612,19.0809],[83.6854,19.0583],[83.7003,19.0252],[83.7302,19.0217],[83.724,19.01],[83.7096,19.0024],[83.7143,18.9928],[83.7332,18.9875],[83.7407,18.9498],[83.754,18.9249],[83.7617,18.9267],[83.7674,18.9152],[83.7784,18.9111],[83.788,18.9156],[83.7846,18.9334],[83.7698,18.9545],[83.7592,18.9513],[83.745,18.9877],[83.7517,18.9984],[83.7821,19.0082],[83.778,19.0173],[83.7948,19.0177],[83.7953,19.0034],[83.8091,18.992],[83.8219,18.96],[83.8191,18.945],[83.8291,18.9304],[83.8267,18.916],[83.8384,18.9194],[83.8459,18.9133],[83.8461,18.8689],[83.8879,18.8307],[83.893,18.8157],[83.8977,18.8253],[83.9139,18.8288],[83.9425,18.8152],[83.9482,18.8061],[83.9637,18.8156],[84.0037,18.8095],[84.0138,18.8098],[84.0135,18.8179],[84.0311,18.8125],[84.0365,18.8173],[84.0436,18.8137],[84.0447,18.8024],[84.06,18.7989],[84.06,18.7822],[84.0681,18.7821],[84.076,18.7656],[84.0854,18.7662],[84.0893,18.7584],[84.1204,18.7688],[84.1356,18.7624],[84.1384,18.7781],[84.1615,18.7902],[84.188,18.7786],[84.1934,18.7925],[84.2161,18.791],[84.2124,18.7963],[84.2243,18.7996],[84.2388,18.798],[84.2412,18.7895],[84.2577,18.7839],[84.2845,18.7934],[84.287,18.8049],[84.319,18.7879],[84.3254,18.8001],[84.3425,18.803],[84.3289,18.8188],[84.3477,18.8214],[84.3501,18.8328],[84.3629,18.8399],[84.3332,18.8603],[84.3258,18.8758],[84.3307,18.883],[84.3367,18.8894],[84.3602,18.862],[84.3724,18.8626],[84.3822,18.8754],[84.3684,18.8816],[84.3582,18.8955],[84.3799,18.8826],[84.3794,18.8876],[84.3863,18.8853],[84.3902,18.8775],[84.3957,18.8912],[84.3833,18.898],[84.3789,18.9038],[84.3917,18.9055],[84.3981,18.8965],[84.4161,18.8984],[84.417,18.9189],[84.4263,18.9102],[84.4361,18.9217],[84.4363,18.9333],[84.4257,18.9331],[84.4289,18.9372],[84.4222,18.9483],[84.4302,18.9598],[84.4288,18.9699],[84.4411,18.97],[84.45,18.9785],[84.4413,18.9926],[84.4299,18.9957],[84.4305,19.0074],[84.42,19.0136],[84.4191,19.0228],[84.4396,19.0044],[84.474,18.9902],[84.4806,19.0174],[84.5143,19.0493],[84.5244,19.0471],[84.5545,19.0574],[84.5708,19.0746],[84.5765,19.0669],[84.5811,19.0727],[84.581,19.0501],[84.5752,19.0413],[84.5796,19.0309],[84.5937,19.0223],[84.6011,19.0245],[84.6114,19.0574],[84.6204,19.0607],[84.6162,19.0667],[84.6351,19.0608],[84.6396,19.0681],[84.6591,19.0638],[84.661,19.0754],[84.6688,19.0771],[84.6569,19.0952],[84.645,19.0971],[84.6291,19.0829],[84.6299,19.0874],[84.6234,19.0857],[84.6234,19.0999],[84.6176,19.1052],[84.6075,19.1016],[84.6008,19.1274],[84.5934,19.1333],[84.628,19.1275],[84.642,19.1345],[84.6652,19.1307],[84.6667,19.1638],[84.6757,19.1672]],[[84.339,18.7897],[84.3294,18.7869],[84.3395,18.7784],[84.3398,18.7892],[84.339,18.7897]],[[84.3497,18.7907],[84.3503,18.7873],[84.3519,18.7855],[84.3534,18.7896],[84.3497,18.7907]]]}},{"type":"Feature","properties":{"name":"Goa"},"geometry":{"type":"Polygon","coordinates":[[[73.8704,15.7812],[73.8795,15.7741],[73.872,15.7587],[73.8763,15.7501],[73.9386,15.7427],[73.9517,15.7164],[73.9436,15.6985],[73.9592,15.6992],[73.9638,15.691],[73.9677,15.66],[73.9613,15.6415],[73.9907,15.6115],[74.0211,15.6062],[74.0309,15.6227],[74.0786,15.6309],[74.1191,15.6525],[74.1355,15.6484],[74.1644,15.6536],[74.1674,15.6722],[74.181,15.6822],[74.1908,15.679],[74.1868,15.6675],[74.204,15.6637],[74.2051,15.6511],[74.2221,15.6557],[74.2151,15.6629],[74.2238,15.669],[74.2284,15.6645],[74.2363,15.6686],[74.252,15.6544],[74.2441,15.6262],[74.2537,15.6268],[74.2643,15.6156],[74.2602,15.5927],[74.2452,15.5667],[74.2631,15.564],[74.2826,15.5315],[74.2765,15.515],[74.2552,15.5031],[74.2509,15.4917],[74.2754,15.4493],[74.2769,15.4353],[74.2688,15.4192],[74.2783,15.4058],[74.2759,15.3917],[74.283,15.383],[74.2987,15.382],[74.3232,15.3677],[74.3162,15.3631],[74.3218,15.3437],[74.317,15.3292],[74.3364,15.295],[74.3263,15.2838],[74.2943,15.2893],[74.2818,15.2805],[74.2763,15.2836],[74.261,15.2603],[74.2511,15.2589],[74.2595,15.2411],[74.2915,15.2339],[74.3016,15.2244],[74.3169,15.1863],[74.2956,15.1513],[74.2851,15.1491],[74.2849,15.114],[74.2726,15.0976],[74.2965,15.0413],[74.2832,15.0316],[74.268,15.0021],[74.2536,14.9982],[74.2643,14.9786],[74.2526,14.9592],[74.2367,14.9669],[74.2298,14.9506],[74.2136,14.9478],[74.2015,14.9258],[74.1794,14.9571],[74.1651,14.9586],[74.1541,14.9435],[74.1659,14.9187],[74.1621,14.9122],[74.1242,14.9254],[74.1199,14.917],[74.1016,14.9159],[74.0847,14.8995],[74.0802,14.9101],[74.0662,14.9069],[74.0437,14.9171],[74.0426,14.9475],[74.0492,14.9583],[74.0345,14.9831],[74.0402,14.9965],[74.027,14.9978],[74.0256,15.0075],[74.0161,15.0122],[74.0202,15.0182],[74.0128,15.01],[73.997,15.0209],[73.9886,15.02],[73.9854,15.0286],[73.9902,15.0327],[73.9799,15.0551],[73.9811,15.0539],[73.9831,15.0539],[73.9875,15.0562],[73.9794,15.0557],[73.9742,15.05],[73.9666,15.0657],[73.9541,15.073],[73.9319,15.0782],[73.9254,15.0858],[73.912,15.0847],[73.9268,15.0964],[73.9248,15.1049],[73.9176,15.1072],[73.9404,15.1176],[73.9359,15.1332],[73.9456,15.1418],[73.9494,15.1413],[73.9533,15.1377],[73.9548,15.1365],[73.9556,15.1365],[73.9483,15.1458],[73.9274,15.2296],[73.8833,15.3543],[73.8704,15.3702],[73.8418,15.3594],[73.831,15.3705],[73.8083,15.3764],[73.8051,15.3928],[73.7897,15.3949],[73.7828,15.4091],[73.7909,15.4185],[73.7851,15.4383],[73.789,15.4649],[73.775,15.4901],[73.7659,15.4939],[73.7492,15.5637],[73.7411,15.5635],[73.7315,15.5896],[73.7313,15.608],[73.7439,15.6067],[73.7221,15.6278],[73.6936,15.7006],[73.6912,15.7212],[73.6792,15.7206],[73.6749,15.7268],[73.6859,15.7297],[73.6942,15.7228],[73.7111,15.7259],[73.7282,15.7198],[73.7424,15.7357],[73.7854,15.7255],[73.7925,15.7361],[73.8097,15.7428],[73.8247,15.741],[73.8297,15.7646],[73.8377,15.7671],[73.8432,15.7812],[73.8516,15.7808],[73.8466,15.7862],[73.8556,15.8006],[73.8672,15.7966],[73.8704,15.7812]]]}},{"type":"Feature","properties":{"name":"Himachal Pradesh"},"geometry":{"type":"Polygon","coordinates":[[[76.7941,33.2557],[76.8215,33.2349],[76.8322,33.2481],[76.8446,33.2457],[76.827,33.2147],[76.8358,33.2039],[76.8188,33.1932],[76.8237,33.1827],[76.8142,33.1711],[76.8193,33.1563],[76.8313,33.142],[76.8451,33.1369],[76.8442,33.1295],[76.8533,33.1258],[76.8504,33.1196],[76.8562,33.1136],[76.8716,33.1125],[76.8862,33.1205],[76.89,33.1164],[76.8988,33.0978],[76.9103,33.093],[76.9062,33.0787],[76.9338,33.0274],[76.9605,33.0145],[76.9721,32.9995],[76.993,33.001],[77.0102,32.9879],[77.0321,32.9888],[77.048,32.9978],[77.0808,32.9821],[77.0871,32.9716],[77.1113,32.9743],[77.1165,32.9838],[77.151,32.9773],[77.1492,32.9553],[77.1616,32.9518],[77.1599,32.9374],[77.165,32.9356],[77.1643,32.9174],[77.1561,32.9108],[77.1708,32.9098],[77.1883,32.9279],[77.2036,32.9055],[77.2433,32.8913],[77.2379,32.8793],[77.2544,32.8631],[77.2742,32.873],[77.3011,32.849],[77.3223,32.8506],[77.3289,32.842],[77.3272,32.8305],[77.3389,32.816],[77.3733,32.8226],[77.3799,32.8427],[77.3752,32.855],[77.4074,32.8832],[77.4274,32.8748],[77.4449,32.8789],[77.4522,32.8631],[77.4685,32.8576],[77.501,32.8839],[77.5125,32.8765],[77.5383,32.8851],[77.5617,32.9092],[77.5942,32.925],[77.602,32.9388],[77.6296,32.9387],[77.67,32.9566],[77.682,32.9833],[77.6963,32.975],[77.7118,32.975],[77.7204,32.9633],[77.7293,32.969],[77.8068,32.9024],[77.8046,32.8934],[77.7891,32.8897],[77.778,32.8618],[77.8247,32.8329],[77.8416,32.8368],[77.8641,32.8253],[77.8778,32.813],[77.8855,32.7972],[77.8835,32.7871],[77.8973,32.7722],[77.916,32.7721],[77.9326,32.7607],[77.926,32.7347],[77.9334,32.7263],[77.9246,32.7166],[77.9184,32.6899],[77.9365,32.6761],[77.9551,32.6446],[77.9689,32.6369],[77.9704,32.6225],[77.9987,32.583],[78.0519,32.5884],[78.0577,32.6017],[78.0506,32.6121],[78.0501,32.6321],[78.0816,32.6207],[78.0986,32.63],[78.0932,32.6463],[78.1097,32.6586],[78.1378,32.6387],[78.1524,32.6667],[78.1689,32.6754],[78.1869,32.6736],[78.2003,32.6602],[78.2455,32.6714],[78.253,32.691],[78.3122,32.7091],[78.3146,32.7212],[78.3052,32.7333],[78.309,32.7362],[78.3565,32.7575],[78.387,32.7569],[78.3824,32.7283],[78.3912,32.7095],[78.3802,32.6818],[78.3796,32.6539],[78.3923,32.6258],[78.4035,32.6202],[78.3484,32.5883],[78.342,32.579],[78.3129,32.5737],[78.314,32.5493],[78.3056,32.5376],[78.3046,32.5128],[78.2908,32.4991],[78.2841,32.4825],[78.2896,32.4754],[78.2831,32.4686],[78.3098,32.4464],[78.3275,32.4435],[78.3328,32.4508],[78.324,32.4597],[78.3267,32.4651],[78.3472,32.4644],[78.348,32.4776],[78.3644,32.4848],[78.3633,32.4996],[78.3927,32.5146],[78.3979,32.5248],[78.4119,32.5216],[78.4218,32.5063],[78.4525,32.504],[78.466,32.4812],[78.4531,32.4675],[78.4552,32.4527],[78.4834,32.4387],[78.4893,32.4202],[78.5152,32.4235],[78.5322,32.4159],[78.5127,32.393],[78.5076,32.3725],[78.4782,32.342],[78.4806,32.2799],[78.4516,32.2395],[78.4987,32.2381],[78.5531,32.248],[78.5707,32.2418],[78.6045,32.2152],[78.6096,32.2046],[78.6062,32.1699],[78.5905,32.1506],[78.6089,32.1356],[78.6151,32.1114],[78.6552,32.1091],[78.6671,32.0992],[78.6748,32.0709],[78.6942,32.0601],[78.7456,32.0022],[78.7783,31.9944],[78.7709,31.9735],[78.778,31.9649],[78.7663,31.9611],[78.7624,31.9488],[78.768,31.9306],[78.7435,31.902],[78.7459,31.893],[78.7397,31.8861],[78.7482,31.8719],[78.7424,31.8637],[78.7431,31.8383],[78.7044,31.8109],[78.7048,31.7756],[78.7242,31.7576],[78.729,31.7339],[78.7518,31.6948],[78.7506,31.6816],[78.7661,31.6754],[78.7971,31.6832],[78.8031,31.6458],[78.8397,31.6238],[78.8461,31.6083],[78.8212,31.5795],[78.808,31.578],[78.8047,31.5688],[78.7809,31.5568],[78.7738,31.5459],[78.7602,31.5498],[78.7559,31.543],[78.7319,31.5352],[78.721,31.5072],[78.7255,31.4842],[78.7632,31.4855],[78.7754,31.4697],[78.8097,31.4476],[78.8066,31.4127],[78.7905,31.396],[78.8309,31.3832],[78.8483,31.3673],[78.8542,31.3453],[78.843,31.325],[78.8722,31.3077],[78.8814,31.2961],[78.8855,31.2694],[78.9161,31.2487],[78.929,31.217],[78.9477,31.2168],[78.9438,31.2065],[78.9575,31.1867],[78.9859,31.1739],[78.9876,31.1433],[78.9996,31.1347],[79.0089,31.11],[78.973,31.1081],[78.9507,31.098],[78.9322,31.1007],[78.9206,31.1108],[78.9086,31.0989],[78.8854,31.0988],[78.8652,31.1201],[78.848,31.1252],[78.8312,31.1407],[78.8249,31.1636],[78.8107,31.1719],[78.8174,31.1897],[78.8099,31.1983],[78.7652,31.1858],[78.7034,31.1891],[78.6868,31.1978],[78.6719,31.1969],[78.658,31.1851],[78.647,31.2148],[78.626,31.2179],[78.6093,31.2293],[78.5782,31.2253],[78.5516,31.2],[78.4838,31.199],[78.4798,31.2138],[78.4557,31.2411],[78.4343,31.2546],[78.4259,31.2443],[78.407,31.2422],[78.4028,31.2479],[78.4072,31.2563],[78.3962,31.2754],[78.3863,31.2715],[78.3835,31.2825],[78.3703,31.2864],[78.3319,31.2777],[78.3112,31.2832],[78.3063,31.26],[78.2829,31.2663],[78.2605,31.2398],[78.2495,31.2401],[78.247,31.2305],[78.2203,31.234],[78.2124,31.2196],[78.1995,31.2173],[78.187,31.2271],[78.1602,31.2255],[78.1477,31.2106],[78.1334,31.2084],[78.1036,31.1854],[78.066,31.1872],[78.0426,31.1786],[78.0297,31.1642],[78.0303,31.151],[78.0008,31.162],[77.9847,31.157],[77.9673,31.1734],[77.9248,31.1505],[77.9013,31.1519],[77.9004,31.1423],[77.889,31.133],[77.8891,31.1196],[77.8638,31.1086],[77.8637,31.094],[77.8512,31.0734],[77.8381,31.0727],[77.8244,31.0555],[77.8114,31.0592],[77.8298,31.0288],[77.8114,31.0317],[77.8075,31.0163],[77.8099,31.011],[77.825,31.0099],[77.822,31.0043],[77.8318,30.994],[77.8242,30.9885],[77.8144,30.9618],[77.8322,30.9596],[77.8376,30.9532],[77.814,30.9539],[77.7937,30.9688],[77.7724,30.9744],[77.7541,30.9645],[77.749,30.9535],[77.7527,30.9339],[77.7639,30.9305],[77.7628,30.9182],[77.8133,30.9219],[77.8153,30.9044],[77.8014,30.8934],[77.7989,30.8681],[77.8057,30.8533],[77.7792,30.8604],[77.7734,30.8776],[77.7582,30.8769],[77.7572,30.86],[77.744,30.8466],[77.7613,30.8261],[77.7484,30.8217],[77.7214,30.7758],[77.7038,30.7652],[77.709,30.7525],[77.705,30.7428],[77.7332,30.7354],[77.7366,30.7242],[77.7558,30.707],[77.7469,30.6945],[77.7474,30.6799],[77.7925,30.6587],[77.7812,30.6467],[77.7906,30.6341],[77.7861,30.6245],[77.7963,30.6137],[77.7711,30.6164],[77.7717,30.597],[77.7461,30.6039],[77.7431,30.5932],[77.7566,30.5857],[77.774,30.5579],[77.7836,30.5599],[77.7941,30.5532],[77.8178,30.5611],[77.8268,30.5278],[77.8202,30.525],[77.8174,30.5064],[77.7831,30.5006],[77.7394,30.4761],[77.721,30.4731],[77.6902,30.4481],[77.6524,30.4481],[77.6451,30.4326],[77.6227,30.4347],[77.5862,30.4216],[77.5723,30.4105],[77.5847,30.3853],[77.581,30.3777],[77.5506,30.395],[77.5232,30.4435],[77.5065,30.4275],[77.5025,30.4047],[77.4894,30.4106],[77.4432,30.3954],[77.4365,30.4032],[77.4214,30.4033],[77.4223,30.4097],[77.4429,30.4174],[77.4516,30.432],[77.4589,30.4329],[77.4635,30.4478],[77.4565,30.4557],[77.4047,30.4086],[77.3979,30.4162],[77.4073,30.4272],[77.3908,30.43],[77.3871,30.44],[77.3674,30.4403],[77.3643,30.4327],[77.3542,30.4582],[77.3339,30.4552],[77.3209,30.4458],[77.2956,30.4666],[77.2769,30.4642],[77.2765,30.4748],[77.2689,30.4813],[77.2435,30.4756],[77.2265,30.4805],[77.2107,30.4648],[77.2068,30.5058],[77.1957,30.5226],[77.169,30.5361],[77.1447,30.5391],[77.1228,30.5633],[77.1723,30.6013],[77.1713,30.6277],[77.1769,30.637],[77.1634,30.6509],[77.1688,30.6698],[77.1612,30.691],[77.1422,30.6995],[77.1243,30.7218],[77.1139,30.7181],[77.114,30.7281],[77.0958,30.7388],[77.0696,30.7377],[77.0494,30.7493],[77.0437,30.7463],[77.0478,30.738],[77.0298,30.7337],[77.0205,30.7401],[77.0186,30.7653],[77.0011,30.77],[77.0186,30.7801],[77.0122,30.8099],[77.0025,30.8064],[76.9683,30.8254],[76.9615,30.8206],[76.9586,30.8251],[76.9506,30.8138],[76.9426,30.8175],[76.9489,30.8245],[76.944,30.8377],[76.9512,30.8506],[76.9364,30.8746],[76.9284,30.8715],[76.9174,30.8835],[76.9169,30.9008],[76.8696,30.8732],[76.8511,30.89],[76.841,30.8917],[76.8224,30.9286],[76.7767,30.9043],[76.766,30.9209],[76.74,30.9355],[76.7372,30.9496],[76.7096,30.9698],[76.6732,30.9688],[76.6658,30.9808],[76.6247,30.9988],[76.6291,31.0235],[76.617,31.0299],[76.611,31.0459],[76.6226,31.055],[76.618,31.0782],[76.6386,31.1081],[76.6361,31.1164],[76.617,31.1162],[76.602,31.1238],[76.6124,31.1482],[76.6018,31.1532],[76.6091,31.1733],[76.6,31.1785],[76.6454,31.2091],[76.6345,31.2179],[76.6418,31.2227],[76.6278,31.2266],[76.5932,31.2117],[76.5886,31.2228],[76.5984,31.2396],[76.6122,31.2479],[76.5877,31.2743],[76.5751,31.2703],[76.56,31.2528],[76.5492,31.2528],[76.5436,31.259],[76.5513,31.2788],[76.5429,31.2825],[76.5393,31.2611],[76.5238,31.2582],[76.5305,31.2711],[76.5274,31.2772],[76.5213,31.2803],[76.5039,31.2669],[76.4973,31.2705],[76.4973,31.286],[76.4795,31.3083],[76.4593,31.2857],[76.4397,31.279],[76.441,31.2876],[76.4638,31.3015],[76.4317,31.3269],[76.424,31.3491],[76.3927,31.3896],[76.4038,31.3923],[76.4033,31.3969],[76.3969,31.4074],[76.388,31.4091],[76.39,31.4166],[76.3752,31.437],[76.3678,31.4039],[76.3485,31.3978],[76.3466,31.4024],[76.3311,31.4012],[76.3296,31.3786],[76.3417,31.3782],[76.3424,31.3548],[76.3545,31.345],[76.3377,31.3403],[76.3341,31.3494],[76.3076,31.3427],[76.3226,31.3217],[76.2757,31.3006],[76.269,31.3131],[76.214,31.2995],[76.191,31.3001],[76.1798,31.3066],[76.1788,31.3405],[76.159,31.3437],[76.1469,31.359],[76.1477,31.3796],[76.1686,31.3963],[76.1686,31.4097],[76.1601,31.4148],[76.1567,31.4305],[76.1457,31.4339],[76.1331,31.452],[76.1307,31.4711],[76.117,31.4831],[76.1208,31.4976],[76.1065,31.5099],[76.0985,31.5365],[76.056,31.5855],[76.0552,31.6057],[76.0461,31.6034],[76.0177,31.6322],[76.0184,31.6489],[76.0089,31.6534],[75.9602,31.7812],[75.9531,31.7833],[75.9367,31.8155],[75.9475,31.8131],[75.9673,31.8238],[75.9785,31.813],[75.9865,31.8123],[75.9865,31.818],[75.9712,31.8285],[75.9104,31.9502],[75.883,31.969],[75.857,31.9739],[75.851,31.9822],[75.8217,31.984],[75.7996,31.9938],[75.7798,32.0047],[75.7508,32.0378],[75.7234,32.033],[75.6983,32.0581],[75.6783,32.0634],[75.6582,32.0777],[75.6017,32.0658],[75.5947,32.0702],[75.6009,32.0931],[75.6204,32.0979],[75.6255,32.1182],[75.6613,32.1369],[75.6731,32.1588],[75.6639,32.1624],[75.6672,32.1776],[75.6589,32.1774],[75.6632,32.1916],[75.6557,32.1971],[75.6375,32.1927],[75.6372,32.1872],[75.6242,32.1903],[75.6265,32.2155],[75.6388,32.2219],[75.6366,32.2314],[75.6179,32.2367],[75.6385,32.252],[75.6654,32.2534],[75.7706,32.2887],[75.7978,32.3246],[75.8152,32.3304],[75.8079,32.3411],[75.8112,32.3486],[75.8442,32.3558],[75.8474,32.3739],[75.8735,32.3955],[75.9161,32.397],[75.9329,32.3915],[75.9365,32.3974],[75.9192,32.4121],[75.9206,32.4291],[75.9079,32.4365],[75.9018,32.4528],[75.8576,32.4839],[75.8438,32.5091],[75.8333,32.5133],[75.8761,32.5505],[75.8695,32.5648],[75.8809,32.5707],[75.8821,32.588],[75.902,32.5928],[75.9159,32.613],[75.9186,32.6332],[75.9242,32.6368],[75.9305,32.6319],[75.9365,32.6482],[75.9184,32.6446],[75.9185,32.654],[75.9091,32.6593],[75.8966,32.6496],[75.8893,32.6532],[75.9024,32.6753],[75.9011,32.6986],[75.9261,32.7456],[75.8907,32.7828],[75.8838,32.8122],[75.8695,32.8144],[75.8703,32.8214],[75.8567,32.8358],[75.8235,32.8539],[75.8014,32.8857],[75.8185,32.8954],[75.8424,32.9293],[75.8501,32.9299],[75.9246,32.9062],[75.954,32.8734],[75.9808,32.8875],[75.9858,32.8962],[76.0321,32.9167],[76.0438,32.9368],[76.0663,32.9419],[76.0734,32.9529],[76.0881,32.9562],[76.0874,32.9625],[76.0993,32.9661],[76.1116,32.9878],[76.1123,33.0063],[76.1662,33.007],[76.1867,33.0213],[76.2074,33.0167],[76.2259,33.0237],[76.2475,33.0216],[76.2609,33.0348],[76.2784,33.0378],[76.2819,33.0518],[76.296,33.0606],[76.2886,33.0776],[76.2918,33.1032],[76.3112,33.1204],[76.3745,33.1542],[76.4101,33.1865],[76.4868,33.1794],[76.5161,33.1965],[76.5535,33.199],[76.5674,33.2103],[76.6026,33.2063],[76.6054,33.1905],[76.6177,33.1876],[76.6185,33.1744],[76.6463,33.1623],[76.6707,33.172],[76.7069,33.1742],[76.7152,33.1815],[76.7483,33.1794],[76.7774,33.2196],[76.7809,33.2372],[76.7727,33.2495],[76.7941,33.2557]]]}},{"type":"Feature","properties":{"name":"Punjab"},"geometry":{"type":"Polygon","coordinates":[[[75.8388,32.5127],[75.8535,32.4877],[75.9018,32.4528],[75.9079,32.4365],[75.9206,32.4291],[75.918,32.4144],[75.9348,32.3934],[75.8735,32.3955],[75.8474,32.3739],[75.8442,32.3558],[75.8112,32.3486],[75.8079,32.3411],[75.8152,32.3304],[75.7978,32.3246],[75.7706,32.2887],[75.6654,32.2534],[75.6385,32.252],[75.6179,32.2367],[75.6366,32.2314],[75.6388,32.2219],[75.6265,32.2155],[75.6242,32.1903],[75.6372,32.1872],[75.6375,32.1927],[75.6557,32.1971],[75.6632,32.1916],[75.6589,32.1774],[75.6672,32.1776],[75.6639,32.1624],[75.6731,32.1588],[75.6613,32.1369],[75.6255,32.1182],[75.6204,32.0979],[75.6009,32.0931],[75.5948,32.0699],[75.6017,32.0658],[75.6582,32.0777],[75.6783,32.0634],[75.6983,32.0581],[75.7234,32.033],[75.7508,32.0378],[75.7798,32.0047],[75.7996,31.9938],[75.8217,31.984],[75.851,31.9822],[75.857,31.9739],[75.883,31.969],[75.9104,31.9502],[75.9712,31.8285],[75.9865,31.818],[75.9865,31.8123],[75.9785,31.813],[75.9673,31.8238],[75.9475,31.8131],[75.9367,31.8155],[75.9531,31.7833],[75.9602,31.7812],[76.0089,31.6534],[76.0184,31.6489],[76.0177,31.6322],[76.0461,31.6034],[76.0552,31.6057],[76.056,31.5855],[76.0985,31.5365],[76.1065,31.5099],[76.1208,31.4976],[76.117,31.4831],[76.1307,31.4711],[76.1331,31.452],[76.1457,31.4339],[76.1567,31.4305],[76.1601,31.4148],[76.1686,31.4097],[76.1686,31.3963],[76.1477,31.3796],[76.1469,31.359],[76.159,31.3437],[76.1788,31.3405],[76.1798,31.3066],[76.191,31.3001],[76.214,31.2995],[76.269,31.3131],[76.2757,31.3006],[76.3226,31.3217],[76.3076,31.3427],[76.3341,31.3494],[76.3377,31.3403],[76.3545,31.345],[76.3424,31.3548],[76.3417,31.3782],[76.3296,31.3786],[76.3311,31.4012],[76.3466,31.4024],[76.3485,31.3978],[76.3678,31.4039],[76.374,31.4372],[76.39,31.4166],[76.388,31.4091],[76.3969,31.4074],[76.4033,31.3969],[76.4038,31.3923],[76.3927,31.3896],[76.424,31.3491],[76.4317,31.3269],[76.4638,31.3015],[76.441,31.2876],[76.4397,31.279],[76.4593,31.2857],[76.4795,31.3083],[76.4973,31.286],[76.4973,31.2705],[76.5039,31.2669],[76.5213,31.2803],[76.5274,31.2772],[76.5305,31.2711],[76.5238,31.2582],[76.5393,31.2611],[76.5429,31.2825],[76.5513,31.2788],[76.5436,31.259],[76.5492,31.2528],[76.56,31.2528],[76.5751,31.2703],[76.5877,31.2743],[76.6122,31.2479],[76.5984,31.2396],[76.5886,31.2228],[76.5932,31.2117],[76.6278,31.2266],[76.6418,31.2227],[76.6345,31.2179],[76.6454,31.2091],[76.6,31.1785],[76.6091,31.1733],[76.6018,31.1532],[76.6124,31.1482],[76.602,31.1238],[76.617,31.1162],[76.6361,31.1164],[76.6386,31.1081],[76.618,31.0782],[76.6226,31.055],[76.611,31.0459],[76.617,31.0299],[76.6291,31.0235],[76.6247,30.9988],[76.6658,30.9808],[76.6732,30.9688],[76.7087,30.9703],[76.7372,30.9496],[76.74,30.9355],[76.7661,30.9208],[76.7843,30.8779],[76.8147,30.8525],[76.814,30.843],[76.8467,30.834],[76.8453,30.8072],[76.857,30.7948],[76.8418,30.7745],[76.8378,30.7545],[76.8265,30.7635],[76.815,30.753],[76.805,30.7653],[76.8191,30.7729],[76.8132,30.7802],[76.7913,30.7675],[76.7827,30.7708],[76.7793,30.778],[76.787,30.7796],[76.7828,30.7892],[76.7715,30.7953],[76.7517,30.7843],[76.744,30.7697],[76.7102,30.7607],[76.7052,30.743],[76.7311,30.7236],[76.73,30.7069],[76.7391,30.7058],[76.7393,30.6929],[76.7472,30.6956],[76.7524,30.6845],[76.764,30.6864],[76.7766,30.6704],[76.7897,30.6757],[76.7965,30.6676],[76.8073,30.6671],[76.8273,30.6822],[76.8326,30.6632],[76.8458,30.6687],[76.8498,30.6569],[76.8764,30.6806],[76.8712,30.6422],[76.8851,30.6453],[76.8964,30.6359],[76.8955,30.629],[76.9101,30.6262],[76.9135,30.6115],[76.926,30.6101],[76.9202,30.5933],[76.9096,30.5919],[76.9198,30.5852],[76.9089,30.5648],[76.9175,30.5592],[76.9162,30.5537],[76.9049,30.543],[76.8865,30.5499],[76.8961,30.5382],[76.9125,30.534],[76.9156,30.5258],[76.932,30.5222],[76.9311,30.5009],[76.9189,30.4895],[76.9108,30.4943],[76.8989,30.4888],[76.8969,30.4811],[76.9123,30.4658],[76.8864,30.4297],[76.8949,30.4273],[76.8974,30.4342],[76.9065,30.4358],[76.8986,30.4258],[76.9098,30.4295],[76.9147,30.4251],[76.9112,30.4192],[76.918,30.4065],[76.9112,30.3999],[76.9319,30.4005],[76.9394,30.3948],[76.9367,30.3858],[76.9156,30.3653],[76.8975,30.3594],[76.8903,30.3695],[76.898,30.3822],[76.8809,30.3939],[76.8834,30.4087],[76.8561,30.4177],[76.8468,30.4381],[76.8234,30.4116],[76.7951,30.4187],[76.7896,30.415],[76.7773,30.4248],[76.7876,30.4335],[76.7772,30.4413],[76.7688,30.4308],[76.741,30.4263],[76.735,30.4191],[76.738,30.4084],[76.7282,30.4004],[76.7145,30.4025],[76.7128,30.3903],[76.7195,30.3788],[76.7312,30.3797],[76.7199,30.3634],[76.7454,30.3679],[76.7461,30.3496],[76.7326,30.3484],[76.7297,30.3389],[76.7164,30.3361],[76.711,30.3258],[76.7,30.3281],[76.6956,30.3216],[76.6886,30.3273],[76.6819,30.3113],[76.6705,30.3115],[76.6389,30.2844],[76.6354,30.2896],[76.6234,30.2646],[76.6144,30.2726],[76.5929,30.2618],[76.5838,30.2703],[76.5751,30.2619],[76.5567,30.2625],[76.562,30.2415],[76.548,30.2225],[76.5627,30.2258],[76.5919,30.246],[76.5906,30.2535],[76.5961,30.2557],[76.6037,30.2492],[76.5962,30.2374],[76.6274,30.2241],[76.6158,30.2091],[76.6533,30.2011],[76.6498,30.1911],[76.6561,30.1853],[76.6359,30.1686],[76.6287,30.1795],[76.645,30.1889],[76.6142,30.2045],[76.5999,30.1847],[76.6224,30.1676],[76.6333,30.167],[76.6422,30.1497],[76.6235,30.1402],[76.5993,30.1125],[76.5865,30.1108],[76.5605,30.0934],[76.5462,30.0759],[76.5298,30.0785],[76.5119,30.072],[76.5139,30.0837],[76.5045,30.0939],[76.4625,30.1011],[76.4563,30.1155],[76.46,30.1295],[76.4405,30.1315],[76.4398,30.1437],[76.4286,30.1506],[76.4406,30.1659],[76.4304,30.178],[76.4343,30.1832],[76.4227,30.1923],[76.4064,30.1904],[76.3872,30.1706],[76.4101,30.1451],[76.3912,30.1351],[76.4,30.1167],[76.3889,30.1133],[76.3622,30.1202],[76.3669,30.1242],[76.3505,30.1469],[76.3335,30.1382],[76.342,30.1264],[76.3602,30.1202],[76.3441,30.1009],[76.3217,30.0951],[76.2966,30.1145],[76.2853,30.1062],[76.2537,30.1216],[76.2557,30.1261],[76.2322,30.1401],[76.2346,30.145],[76.2076,30.1566],[76.2072,30.1446],[76.2247,30.1271],[76.2166,30.1242],[76.2167,30.1101],[76.2382,30.1055],[76.2535,30.089],[76.2263,30.0594],[76.2225,30.0369],[76.2137,30.0317],[76.2132,30.0227],[76.2329,30.016],[76.21,30.0052],[76.2107,29.9882],[76.2019,29.9871],[76.2057,29.9743],[76.193,29.9622],[76.1938,29.952],[76.1799,29.9453],[76.172,29.9263],[76.1878,29.9207],[76.1856,29.8925],[76.1934,29.8857],[76.2095,29.8858],[76.2108,29.8914],[76.2174,29.8841],[76.2294,29.8857],[76.2467,29.876],[76.2438,29.8525],[76.2222,29.8488],[76.2205,29.8379],[76.1978,29.8448],[76.1849,29.8228],[76.1737,29.818],[76.1455,29.8191],[76.1239,29.791],[76.12,29.8009],[76.0981,29.8107],[76.085,29.8008],[76.0826,29.7812],[76.0568,29.7654],[76.0435,29.7427],[76.0261,29.7562],[76.0167,29.7432],[75.9949,29.7393],[75.9844,29.7272],[75.9387,29.7307],[75.9063,29.7541],[75.8988,29.7463],[75.8702,29.7493],[75.8667,29.7666],[75.8514,29.7727],[75.8529,29.7781],[75.837,29.7943],[75.8377,29.8131],[75.8259,29.8153],[75.8214,29.807],[75.8056,29.8048],[75.7788,29.8224],[75.7562,29.805],[75.7378,29.8141],[75.7207,29.8136],[75.7124,29.7741],[75.7046,29.7637],[75.7064,29.7532],[75.6913,29.756],[75.6772,29.7766],[75.6424,29.7751],[75.6352,29.7723],[75.6298,29.75],[75.6167,29.7443],[75.6053,29.752],[75.5801,29.7395],[75.5722,29.7433],[75.5621,29.7703],[75.5379,29.7734],[75.523,29.7584],[75.5186,29.7759],[75.5027,29.7779],[75.4595,29.8076],[75.4529,29.8019],[75.4582,29.7948],[75.454,29.782],[75.4383,29.7801],[75.4275,29.7709],[75.4214,29.7751],[75.4063,29.7613],[75.4048,29.739],[75.3964,29.7395],[75.3882,29.7299],[75.3922,29.7133],[75.373,29.7133],[75.3708,29.7045],[75.3591,29.7055],[75.3586,29.6998],[75.3457,29.696],[75.3601,29.6626],[75.341,29.6753],[75.3337,29.6735],[75.3166,29.6307],[75.2957,29.6251],[75.2897,29.6079],[75.3199,29.5875],[75.3113,29.5802],[75.3095,29.5609],[75.2811,29.5615],[75.2732,29.55],[75.2354,29.5421],[75.2384,29.5589],[75.2319,29.5748],[75.2217,29.5803],[75.2354,29.6031],[75.2067,29.6219],[75.1968,29.6194],[75.1831,29.6284],[75.1876,29.6518],[75.1746,29.6556],[75.1675,29.6702],[75.2068,29.6876],[75.2076,29.7016],[75.1978,29.7033],[75.2006,29.7265],[75.2103,29.7388],[75.2263,29.7289],[75.2382,29.74],[75.2416,29.7547],[75.2247,29.7799],[75.2263,29.7892],[75.2085,29.7932],[75.2107,29.8325],[75.1915,29.8413],[75.164,29.8241],[75.1591,29.8014],[75.1669,29.7852],[75.1555,29.7769],[75.1405,29.7856],[75.1351,29.8073],[75.1182,29.8027],[75.1007,29.8068],[75.1015,29.8216],[75.1189,29.832],[75.0897,29.8587],[75.1147,29.8787],[75.1093,29.9041],[75.0888,29.9172],[75.07,29.8771],[75.047,29.8851],[75.0329,29.8799],[75.0225,29.8663],[74.9909,29.8677],[74.9788,29.8942],[74.9482,29.9068],[74.9267,29.9503],[74.8973,29.9395],[74.9032,29.9522],[74.888,29.9672],[74.8757,29.9576],[74.8554,29.9564],[74.8385,29.9712],[74.821,29.971],[74.8243,29.9858],[74.8124,29.9924],[74.7784,29.9716],[74.7608,29.9732],[74.7314,29.9615],[74.7067,29.9706],[74.7067,29.9769],[74.6936,29.9669],[74.682,29.9434],[74.6516,29.9265],[74.6467,29.9115],[74.6542,29.9056],[74.6469,29.9044],[74.5967,29.9123],[74.5824,29.9244],[74.559,29.9271],[74.5318,29.9492],[74.5272,29.9428],[73.8947,29.9739],[73.8863,30.0121],[73.904,30.0501],[73.9299,30.0686],[73.9522,30.1041],[73.9751,30.1201],[73.968,30.1437],[73.9739,30.192],[73.9598,30.2702],[73.9309,30.3201],[73.9027,30.3491],[73.8798,30.3597],[73.9141,30.3827],[73.9222,30.3981],[73.9367,30.4022],[73.9647,30.4246],[73.9738,30.4438],[73.9488,30.4369],[73.9263,30.4389],[73.9373,30.4451],[73.9277,30.4659],[73.9344,30.4901],[73.9477,30.4839],[73.9501,30.4601],[73.9641,30.4565],[73.9697,30.4753],[73.9637,30.4849],[73.982,30.504],[73.9927,30.5143],[74.02,30.5142],[74.0111,30.5211],[74.012,30.5336],[74.031,30.5269],[74.0392,30.5426],[74.05,30.5372],[74.0573,30.5187],[74.0723,30.5229],[74.0909,30.5494],[74.08,30.5485],[74.0734,30.5547],[74.1021,30.5792],[74.0953,30.6012],[74.1023,30.6096],[74.096,30.6116],[74.1051,30.6193],[74.1181,30.6079],[74.1274,30.6348],[74.1377,30.6275],[74.1478,30.6311],[74.1634,30.6484],[74.1933,30.6652],[74.2192,30.6936],[74.2327,30.7246],[74.2609,30.7231],[74.2684,30.7344],[74.2748,30.7371],[74.2815,30.7309],[74.2865,30.7357],[74.2745,30.7443],[74.2602,30.7731],[74.302,30.7794],[74.3068,30.7892],[74.2949,30.7945],[74.3198,30.8274],[74.3204,30.8466],[74.3481,30.8549],[74.3634,30.8473],[74.3685,30.8519],[74.3645,30.8574],[74.3821,30.8604],[74.3608,30.8737],[74.3659,30.8929],[74.3829,30.8955],[74.3973,30.9094],[74.4227,30.9078],[74.4244,30.916],[74.4103,30.9235],[74.4235,30.9207],[74.4287,30.9312],[74.4139,30.9297],[74.4164,30.9403],[74.4395,30.9422],[74.4421,30.9517],[74.4664,30.9569],[74.4573,30.9646],[74.4797,30.9743],[74.4919,30.9744],[74.5035,30.9648],[74.5162,30.9795],[74.5462,30.9924],[74.5397,31.0088],[74.5425,31.0174],[74.548,31.0325],[74.5587,31.0374],[74.5682,31.0547],[74.5901,31.05],[74.5968,31.0377],[74.6712,31.0536],[74.6959,31.0742],[74.6906,31.0815],[74.7023,31.0924],[74.6891,31.128],[74.667,31.1243],[74.659,31.134],[74.6362,31.1183],[74.6309,31.1327],[74.603,31.1336],[74.5965,31.1276],[74.61,31.1117],[74.6107,31.0993],[74.5994,31.0931],[74.6008,31.088],[74.5891,31.0925],[74.5713,31.0814],[74.5515,31.0864],[74.5484,31.1219],[74.5104,31.1319],[74.5152,31.1521],[74.5108,31.1812],[74.5195,31.1839],[74.526,31.2118],[74.517,31.2279],[74.5327,31.2497],[74.5206,31.2689],[74.542,31.3038],[74.5263,31.312],[74.5348,31.3135],[74.5374,31.3307],[74.5489,31.3348],[74.5517,31.3644],[74.5835,31.379],[74.5872,31.3981],[74.6025,31.4205],[74.6193,31.42],[74.6224,31.4301],[74.6432,31.416],[74.6546,31.426],[74.6386,31.4444],[74.6521,31.4573],[74.6361,31.4776],[74.6275,31.4769],[74.6293,31.4839],[74.6365,31.4848],[74.6252,31.486],[74.6224,31.4819],[74.6098,31.4999],[74.5947,31.5016],[74.5873,31.4963],[74.5752,31.5012],[74.5871,31.504],[74.58,31.5073],[74.5843,31.5209],[74.6129,31.5273],[74.6186,31.5516],[74.6068,31.563],[74.6156,31.569],[74.5923,31.5741],[74.5753,31.6038],[74.5553,31.6078],[74.5467,31.6457],[74.5373,31.6533],[74.5402,31.6601],[74.5287,31.6666],[74.535,31.6776],[74.5019,31.6958],[74.4993,31.7095],[74.4866,31.715],[74.4906,31.7238],[74.5031,31.7285],[74.5037,31.7405],[74.5474,31.7494],[74.5594,31.7579],[74.5618,31.7633],[74.5514,31.779],[74.5556,31.7914],[74.5671,31.7964],[74.5579,31.8048],[74.5731,31.816],[74.5721,31.8388],[74.5833,31.8519],[74.5907,31.8486],[74.5972,31.8674],[74.6066,31.8685],[74.6079,31.8904],[74.6363,31.8842],[74.6509,31.9022],[74.6576,31.9019],[74.6667,31.9227],[74.6743,31.9186],[74.6772,31.9261],[74.7192,31.9237],[74.714,31.9323],[74.7202,31.9414],[74.7566,31.9437],[74.7556,31.9558],[74.7684,31.9477],[74.8062,31.9629],[74.8191,31.9588],[74.8314,31.9809],[74.8289,31.9986],[74.8532,32.0136],[74.8484,32.0205],[74.8656,32.0232],[74.8656,32.0304],[74.869,32.022],[74.88,32.032],[74.8689,32.0416],[74.8795,32.0538],[74.9048,32.0502],[74.928,32.0665],[74.9739,32.0535],[74.9781,32.048],[74.9716,32.0426],[75.0028,32.0436],[75.0124,32.0358],[75.0216,32.0486],[75.0339,32.0507],[75.0407,32.0427],[75.062,32.0553],[75.0687,32.0672],[75.073,32.0597],[75.084,32.06],[75.0912,32.0718],[75.1049,32.0586],[75.1067,32.0696],[75.1229,32.0814],[75.1577,32.0818],[75.1742,32.0675],[75.1793,32.0762],[75.1985,32.0827],[75.1979,32.0986],[75.204,32.0967],[75.2057,32.1026],[75.2025,32.1202],[75.2158,32.1211],[75.2237,32.0982],[75.227,32.1068],[75.2354,32.1035],[75.2314,32.0916],[75.2613,32.1014],[75.2665,32.1075],[75.2627,32.1119],[75.2794,32.1178],[75.2834,32.1319],[75.2773,32.137],[75.2854,32.1515],[75.2994,32.1533],[75.3068,32.169],[75.3224,32.1795],[75.3103,32.1946],[75.3201,32.2041],[75.3164,32.208],[75.3314,32.2196],[75.3574,32.2181],[75.3724,32.2261],[75.3708,32.2576],[75.3819,32.269],[75.3715,32.2796],[75.3437,32.2786],[75.3502,32.2899],[75.3205,32.2974],[75.335,32.3109],[75.3301,32.3126],[75.3377,32.3218],[75.3317,32.3269],[75.3414,32.3461],[75.3634,32.3335],[75.3752,32.3378],[75.3939,32.3276],[75.4108,32.3289],[75.4304,32.3159],[75.4483,32.3265],[75.4676,32.3256],[75.4686,32.339],[75.4892,32.346],[75.4947,32.341],[75.4802,32.3343],[75.4858,32.3242],[75.4821,32.3204],[75.5121,32.3079],[75.5034,32.2917],[75.5093,32.2838],[75.5334,32.2777],[75.5429,32.3079],[75.5395,32.3362],[75.5598,32.3571],[75.5967,32.3777],[75.6311,32.3795],[75.6741,32.3936],[75.687,32.3905],[75.7114,32.411],[75.7225,32.4055],[75.7319,32.4229],[75.7285,32.4325],[75.7438,32.432],[75.7296,32.439],[75.7285,32.4527],[75.7768,32.465],[75.8009,32.4854],[75.8206,32.4923],[75.8388,32.5127]]]}},{"type":"Feature","properties":{"name":"Rajasthan"},"geometry":{"type":"Polygon","coordinates":[[[73.9727,30.198],[73.968,30.1437],[73.9751,30.1201],[73.9522,30.1041],[73.9299,30.0686],[73.904,30.0501],[73.8863,30.0121],[73.8947,29.9739],[74.5272,29.9428],[74.51,29.9082],[74.5436,29.9015],[74.561,29.8697],[74.5391,29.8406],[74.5079,29.8331],[74.4851,29.8151],[74.4737,29.7871],[74.4738,29.7684],[74.4804,29.7435],[74.534,29.7404],[74.5464,29.7531],[74.5625,29.7556],[74.5774,29.754],[74.5759,29.7484],[74.5873,29.7669],[74.601,29.766],[74.6032,29.758],[74.6161,29.7522],[74.6095,29.7433],[74.6012,29.6904],[74.5855,29.6545],[74.5914,29.6396],[74.5815,29.6272],[74.5749,29.5644],[74.5899,29.548],[74.623,29.531],[74.6219,29.5223],[74.601,29.5011],[74.5846,29.4585],[74.5433,29.4679],[74.5346,29.4478],[74.5366,29.4246],[74.5664,29.4205],[74.5779,29.3885],[74.6029,29.365],[74.6073,29.3563],[74.5993,29.3275],[74.6545,29.333],[74.6521,29.3513],[74.6582,29.372],[74.6909,29.366],[74.7194,29.37],[74.7392,29.3542],[74.7622,29.3544],[74.7875,29.3615],[74.8204,29.3972],[74.8505,29.4036],[74.8714,29.3949],[74.8776,29.3836],[74.9003,29.3848],[74.9383,29.3621],[74.9399,29.3401],[74.9545,29.3328],[74.9609,29.3203],[74.9484,29.3015],[74.9611,29.2806],[74.9832,29.2806],[74.9986,29.2707],[75.0199,29.2863],[75.05,29.2862],[75.0604,29.2761],[75.0755,29.2297],[75.1196,29.2229],[75.1244,29.2399],[75.1628,29.2441],[75.1743,29.2513],[75.1686,29.2589],[75.188,29.2683],[75.2101,29.2347],[75.2384,29.2303],[75.2448,29.2502],[75.2841,29.2489],[75.2883,29.2734],[75.3067,29.2747],[75.3229,29.2895],[75.3415,29.2813],[75.3387,29.252],[75.3281,29.2354],[75.3498,29.2238],[75.36,29.2272],[75.3623,29.2445],[75.379,29.2569],[75.3932,29.2614],[75.4105,29.2557],[75.412,29.2428],[75.3968,29.2176],[75.4086,29.2132],[75.4144,29.1843],[75.4068,29.1698],[75.3813,29.1689],[75.3787,29.1422],[75.3715,29.1381],[75.3844,29.1295],[75.4021,29.1279],[75.4058,29.1198],[75.3921,29.102],[75.3969,29.0976],[75.3912,29.0628],[75.4418,29.0576],[75.4519,29.0392],[75.4429,29.0231],[75.4457,29.0083],[75.4726,29.0143],[75.5052,29.0118],[75.5218,29.0039],[75.5274,28.971],[75.51,28.9539],[75.5115,28.9421],[75.4987,28.934],[75.4772,28.9347],[75.4734,28.9234],[75.4965,28.8964],[75.4984,28.849],[75.5054,28.8512],[75.5078,28.8393],[75.5202,28.834],[75.5194,28.813],[75.5089,28.8027],[75.5115,28.7935],[75.5034,28.7824],[75.5176,28.7738],[75.5303,28.7475],[75.543,28.7504],[75.5304,28.7383],[75.5399,28.7249],[75.5389,28.6948],[75.545,28.6831],[75.5412,28.6605],[75.5495,28.6415],[75.5548,28.6439],[75.5607,28.636],[75.5615,28.6133],[75.5863,28.6132],[75.5911,28.6056],[75.6217,28.6021],[75.6335,28.5445],[75.6658,28.536],[75.6709,28.5174],[75.702,28.4918],[75.7395,28.4848],[75.7357,28.4689],[75.7883,28.4536],[75.7885,28.4336],[75.7808,28.4329],[75.7667,28.4143],[75.7768,28.4004],[75.7885,28.4042],[75.7946,28.3996],[75.7995,28.4072],[75.819,28.4099],[75.8221,28.403],[75.8328,28.4054],[75.8395,28.3944],[75.864,28.3853],[75.8904,28.3831],[75.8963,28.3901],[75.9006,28.3718],[75.9182,28.372],[75.9167,28.3674],[75.9295,28.3592],[75.933,28.3366],[75.955,28.3338],[75.9578,28.3138],[75.9725,28.3186],[75.9862,28.2931],[76.0263,28.2751],[76.013,28.2461],[76.0161,28.237],[76.0378,28.2227],[76.056,28.2203],[76.0474,28.1982],[76.0719,28.1944],[76.0762,28.1686],[76.0954,28.1509],[76.0929,28.14],[76.0747,28.1372],[76.0654,28.1415],[76.0706,28.1652],[76.0318,28.1679],[76.0168,28.1501],[76.0075,28.1532],[75.999,28.1228],[75.9767,28.1248],[75.9674,28.1138],[75.9456,28.1072],[75.9386,28.088],[75.9834,28.0814],[75.9883,28.0663],[75.9749,28.051],[75.9844,28.0471],[75.9929,28.0464],[75.9988,28.0571],[76.0077,28.059],[76.0232,28.086],[76.0408,28.0741],[76.0254,28.0543],[76.0083,28.0584],[76.0171,28.0527],[76.0164,28.0305],[75.9977,28.033],[75.9946,28.0385],[75.9769,28.0314],[75.9727,28.0237],[75.9711,28.0161],[75.9955,28.0069],[75.9899,27.9947],[75.9667,28.0001],[75.9658,27.9836],[76.0,27.9776],[75.982,27.9654],[75.9779,27.9544],[75.9831,27.951],[75.9727,27.9327],[75.9579,27.9359],[75.9517,27.9477],[75.9324,27.9302],[75.9397,27.9228],[75.9345,27.9187],[75.9383,27.9141],[75.9681,27.9144],[75.9875,27.9042],[75.9753,27.8937],[75.9844,27.8826],[75.9714,27.852],[76.0046,27.8345],[76.0095,27.8415],[76.0409,27.8413],[76.0481,27.835],[76.0606,27.8483],[76.0857,27.8447],[76.0889,27.8606],[76.1233,27.8511],[76.1354,27.8393],[76.1323,27.8245],[76.1537,27.8198],[76.175,27.7981],[76.1826,27.7986],[76.1996,27.8216],[76.2173,27.8168],[76.2254,27.8335],[76.2089,27.84],[76.2122,27.8465],[76.1938,27.8595],[76.2015,27.8926],[76.1682,27.9034],[76.1866,27.9655],[76.1635,27.9734],[76.1669,27.983],[76.1578,27.989],[76.1769,28.0216],[76.1968,28.0155],[76.2033,28.028],[76.2147,28.0266],[76.2166,28.0355],[76.2037,28.0378],[76.2018,28.0294],[76.1895,28.0345],[76.1779,28.0456],[76.1804,28.0545],[76.2022,28.0584],[76.2193,28.0492],[76.238,28.0497],[76.2429,28.0644],[76.261,28.0676],[76.2936,28.0492],[76.2922,28.0259],[76.299,28.0227],[76.319,28.0155],[76.3423,28.0306],[76.3556,28.0707],[76.3434,28.0702],[76.3289,28.0877],[76.3014,28.0979],[76.3093,28.1082],[76.3366,28.1026],[76.3599,28.1249],[76.3331,28.1336],[76.321,28.1486],[76.2976,28.1491],[76.3046,28.1594],[76.2807,28.1656],[76.2923,28.1792],[76.3452,28.1694],[76.3578,28.1611],[76.3566,28.1438],[76.3807,28.1334],[76.3907,28.1348],[76.3997,28.1451],[76.4316,28.1411],[76.4363,28.1488],[76.4757,28.1486],[76.472,28.1351],[76.492,28.1299],[76.4871,28.12],[76.5018,28.1189],[76.4993,28.0997],[76.4789,28.1006],[76.4761,28.1081],[76.4637,28.109],[76.4478,28.089],[76.4789,28.0777],[76.5015,28.0601],[76.4894,28.0528],[76.4615,28.0587],[76.4547,28.0423],[76.4974,28.0433],[76.5026,28.0315],[76.5101,28.0298],[76.5293,28.0404],[76.5438,28.0342],[76.5393,28.0232],[76.5454,28.0073],[76.5369,28.0004],[76.5427,27.9995],[76.5359,27.9796],[76.5381,27.9677],[76.5481,27.9639],[76.5605,27.9659],[76.5634,27.9782],[76.5793,27.979],[76.5888,27.998],[76.6051,28.004],[76.6407,28.0024],[76.6681,28.0139],[76.663,28.0299],[76.6544,28.0347],[76.6586,28.047],[76.6516,28.0617],[76.6571,28.0892],[76.6873,28.0877],[76.6982,28.112],[76.703,28.1076],[76.7157,28.1278],[76.7435,28.1211],[76.7624,28.1427],[76.7838,28.151],[76.7948,28.1484],[76.8006,28.1624],[76.7925,28.1842],[76.7975,28.1918],[76.8062,28.1866],[76.8122,28.1909],[76.8048,28.1973],[76.8084,28.2109],[76.8312,28.2092],[76.8382,28.22],[76.8469,28.2215],[76.8749,28.2178],[76.871,28.2066],[76.9068,28.2003],[76.8916,28.1903],[76.9065,28.1719],[76.932,28.1531],[76.9509,28.1499],[76.9482,28.1423],[76.9705,28.1385],[76.9538,28.0626],[76.9396,28.043],[76.9308,27.9936],[76.9335,27.9821],[76.9379,27.983],[76.9315,27.9227],[76.9516,27.9183],[76.9506,27.896],[76.9376,27.8965],[76.9423,27.8429],[76.9357,27.8291],[76.9142,27.8334],[76.91,27.8152],[76.919,27.8045],[76.9115,27.7964],[76.9133,27.7889],[76.9061,27.7881],[76.9014,27.744],[76.8924,27.7335],[76.8942,27.718],[76.9111,27.715],[76.9244,27.7],[76.9083,27.6937],[76.8896,27.7008],[76.9059,27.6863],[76.8983,27.6776],[76.9106,27.6681],[76.9064,27.6617],[76.9105,27.6547],[76.9257,27.6613],[76.9328,27.6563],[76.9431,27.6739],[76.9791,27.6536],[77.0001,27.737],[77.0115,27.7318],[77.0198,27.7458],[77.0365,27.7486],[77.0596,27.7265],[77.0857,27.7381],[77.0762,27.7664],[77.0595,27.7609],[77.0561,27.7712],[77.0358,27.7816],[77.0266,27.7793],[77.0448,27.8219],[77.0639,27.8121],[77.0746,27.8144],[77.1085,27.7863],[77.1228,27.7935],[77.1345,27.7869],[77.1352,27.776],[77.1436,27.7865],[77.1585,27.7882],[77.1595,27.8172],[77.1798,27.818],[77.1896,27.8099],[77.1691,27.7918],[77.177,27.7863],[77.1986,27.7997],[77.1913,27.81],[77.2021,27.8246],[77.2133,27.8085],[77.2106,27.802],[77.2326,27.7974],[77.2367,27.7854],[77.2524,27.7907],[77.2688,27.815],[77.2858,27.7962],[77.3029,27.7941],[77.3104,27.7881],[77.3127,27.774],[77.3084,27.751],[77.3194,27.7367],[77.303,27.7259],[77.3039,27.7108],[77.3411,27.7034],[77.341,27.6768],[77.3526,27.6513],[77.3171,27.6068],[77.3345,27.5913],[77.3441,27.5971],[77.3582,27.589],[77.3373,27.5698],[77.3381,27.5498],[77.3492,27.5432],[77.34,27.5389],[77.34,27.5266],[77.3573,27.5166],[77.3874,27.5129],[77.401,27.4973],[77.4015,27.4765],[77.4378,27.4563],[77.4362,27.4465],[77.4267,27.4451],[77.4211,27.422],[77.4381,27.409],[77.44,27.3903],[77.4702,27.3835],[77.4727,27.3771],[77.4846,27.3835],[77.5072,27.3771],[77.5295,27.3517],[77.5456,27.3496],[77.5479,27.3369],[77.577,27.328],[77.5788,27.3227],[77.6013,27.3343],[77.6125,27.3319],[77.6164,27.3404],[77.6227,27.3362],[77.6219,27.3131],[77.5987,27.2972],[77.6168,27.2865],[77.6147,27.2789],[77.6218,27.2751],[77.6132,27.2658],[77.6164,27.2578],[77.6332,27.2581],[77.6455,27.2433],[77.6429,27.2349],[77.6528,27.2349],[77.6467,27.2102],[77.6656,27.209],[77.6811,27.1944],[77.6584,27.1701],[77.6379,27.1639],[77.62,27.1736],[77.61,27.1629],[77.6137,27.1506],[77.599,27.1435],[77.6045,27.1243],[77.5978,27.118],[77.5503,27.1113],[77.5376,27.0983],[77.5177,27.1025],[77.5054,27.0923],[77.5264,27.0846],[77.5193,27.0666],[77.5416,27.0626],[77.5536,27.076],[77.5717,27.0719],[77.5772,27.0683],[77.5753,27.0564],[77.5632,27.0294],[77.5792,27.0382],[77.5968,27.0327],[77.6018,27.0225],[77.6235,27.022],[77.63,27.0102],[77.6422,27.0257],[77.6656,27.0173],[77.6798,27.0471],[77.6931,27.0409],[77.6896,27.0267],[77.7057,27.0145],[77.7053,27.0038],[77.7119,26.9971],[77.7301,26.9939],[77.7377,27.0298],[77.7486,27.0309],[77.7495,27.0212],[77.7595,27.018],[77.7622,27.001],[77.7503,27.0019],[77.7586,26.997],[77.7457,26.9951],[77.7435,26.9832],[77.7224,26.9879],[77.6995,26.9751],[77.6762,26.9732],[77.6722,26.96],[77.6609,26.9712],[77.6021,26.9333],[77.5922,26.9403],[77.5832,26.9242],[77.4902,26.9005],[77.4603,26.8859],[77.459,26.8729],[77.4484,26.8753],[77.4381,26.8631],[77.4273,26.8641],[77.4308,26.8488],[77.4221,26.841],[77.4459,26.8147],[77.4327,26.7678],[77.4544,26.778],[77.4669,26.7737],[77.4704,26.7647],[77.4546,26.7419],[77.4852,26.748],[77.5026,26.7687],[77.4889,26.779],[77.4875,26.7882],[77.5007,26.817],[77.5012,26.8445],[77.5207,26.8415],[77.517,26.8258],[77.5257,26.8189],[77.5745,26.8209],[77.6084,26.8391],[77.6103,26.8286],[77.6182,26.832],[77.6204,26.8428],[77.6747,26.8576],[77.6764,26.8685],[77.6866,26.8753],[77.6976,26.8674],[77.7065,26.8769],[77.7226,26.8743],[77.727,26.8902],[77.7176,26.8973],[77.7249,26.9104],[77.7324,26.9202],[77.7532,26.9169],[77.7606,26.9326],[77.7805,26.9299],[77.793,26.9171],[77.8102,26.9242],[77.8502,26.9128],[77.8776,26.9024],[77.8965,26.884],[77.9043,26.8833],[77.9089,26.8906],[77.9064,26.9178],[77.9156,26.9142],[77.9156,26.9074],[77.9397,26.9068],[77.9484,26.8936],[77.9713,26.9059],[77.9723,26.8961],[77.9872,26.8894],[78.0022,26.9029],[78.0146,26.9029],[78.0302,26.886],[78.0242,26.8726],[78.0355,26.8708],[78.021,26.8575],[78.0265,26.8495],[78.0447,26.87],[78.056,26.8684],[78.0502,26.8758],[78.0488,26.9101],[78.0641,26.9065],[78.067,26.9114],[78.096,26.8938],[78.0944,26.9033],[78.1002,26.9049],[78.1112,26.8959],[78.1127,26.9029],[78.1018,26.9178],[78.1052,26.9268],[78.1218,26.9226],[78.1228,26.9345],[78.1118,26.9398],[78.1245,26.9493],[78.1473,26.9494],[78.1565,26.9432],[78.172,26.9482],[78.2101,26.9312],[78.2242,26.9465],[78.2374,26.936],[78.2386,26.9267],[78.2546,26.9258],[78.255,26.9353],[78.2723,26.9192],[78.2591,26.8968],[78.2371,26.889],[78.2326,26.8743],[78.2086,26.8689],[78.197,26.8822],[78.223,26.8306],[78.2022,26.8218],[78.1778,26.8258],[78.1692,26.8215],[78.1676,26.8143],[78.1868,26.7951],[78.1841,26.784],[78.1551,26.7841],[78.1258,26.7966],[78.1061,26.79],[78.1027,26.764],[78.1202,26.7552],[78.1235,26.747],[78.1014,26.7371],[78.0959,26.7278],[78.0927,26.6763],[78.0744,26.6706],[78.0553,26.6839],[78.0006,26.6949],[77.9832,26.6736],[77.9536,26.6592],[77.9036,26.659],[77.8976,26.6537],[77.8946,26.6152],[77.8472,26.6119],[77.8273,26.596],[77.8358,26.5772],[77.8236,26.5505],[77.7834,26.5521],[77.7447,26.5382],[77.7263,26.5021],[77.7104,26.4983],[77.6755,26.503],[77.6333,26.4787],[77.6135,26.4527],[77.5587,26.4353],[77.5384,26.4114],[77.4376,26.4034],[77.4353,26.3934],[77.4485,26.3678],[77.4443,26.3616],[77.4104,26.3632],[77.3904,26.3565],[77.3759,26.3657],[77.3674,26.3638],[77.3421,26.352],[77.3352,26.3415],[77.3294,26.343],[77.3145,26.3186],[77.3164,26.3113],[77.2714,26.2679],[77.2127,26.2338],[77.1993,26.23],[77.1754,26.2391],[77.1668,26.2326],[77.1363,26.2338],[77.1163,26.2203],[77.1122,26.2025],[77.0973,26.1837],[77.03,26.1717],[77.0064,26.1512],[76.999,26.1301],[76.9777,26.125],[76.9481,26.1029],[76.9006,26.0928],[76.8853,26.048],[76.8669,26.033],[76.8567,26.0349],[76.84,26.0261],[76.8071,25.99],[76.8022,25.976],[76.8082,25.9668],[76.791,25.9432],[76.7487,25.941],[76.7467,25.9344],[76.7581,25.9226],[76.7157,25.9007],[76.6725,25.9101],[76.6419,25.908],[76.6318,25.9],[76.6214,25.8693],[76.5914,25.8755],[76.5822,25.8702],[76.5559,25.8336],[76.5301,25.8114],[76.5207,25.7925],[76.5154,25.7759],[76.5222,25.7284],[76.5005,25.7281],[76.4731,25.7092],[76.4792,25.6845],[76.5041,25.6709],[76.4969,25.6427],[76.5109,25.6284],[76.5138,25.6028],[76.5056,25.5796],[76.52,25.5474],[76.5164,25.5276],[76.5371,25.5113],[76.5554,25.483],[76.5558,25.4526],[76.5876,25.4318],[76.5985,25.3923],[76.6093,25.3905],[76.6234,25.3768],[76.6402,25.3835],[76.6695,25.3491],[76.7005,25.3516],[76.7293,25.3286],[76.7777,25.3155],[76.8572,25.3327],[76.8991,25.3242],[76.9295,25.303],[76.9233,25.2854],[76.943,25.2822],[76.9578,25.2844],[76.9598,25.2968],[76.9736,25.3004],[77.0314,25.2946],[77.0457,25.3194],[77.07,25.3188],[77.0835,25.3367],[77.1251,25.3306],[77.1648,25.3083],[77.1795,25.3117],[77.2092,25.3062],[77.2056,25.3265],[77.2174,25.3296],[77.215,25.3198],[77.2232,25.3188],[77.2256,25.3302],[77.2344,25.3337],[77.2243,25.3354],[77.2342,25.3789],[77.2487,25.3807],[77.2912,25.4227],[77.3141,25.4314],[77.3492,25.4162],[77.3603,25.4192],[77.3709,25.4084],[77.3509,25.3853],[77.3515,25.3702],[77.3667,25.3606],[77.3422,25.3218],[77.3533,25.3205],[77.3674,25.3286],[77.3763,25.3182],[77.381,25.2925],[77.374,25.2745],[77.3627,25.2789],[77.3543,25.2734],[77.3552,25.2635],[77.3663,25.26],[77.371,25.2459],[77.3823,25.2457],[77.3942,25.2298],[77.4115,25.2239],[77.4265,25.188],[77.4003,25.1839],[77.4001,25.1661],[77.3932,25.1596],[77.3962,25.1378],[77.3907,25.1231],[77.4022,25.1207],[77.4066,25.1117],[77.4025,25.1093],[77.3931,25.1194],[77.3576,25.0937],[77.3409,25.0957],[77.3112,25.0797],[77.2983,25.0865],[77.2887,25.1064],[77.2695,25.116],[77.2387,25.1069],[77.2055,25.1139],[77.185,25.108],[77.1746,25.1117],[77.1669,25.0849],[77.1498,25.0866],[77.148,25.0953],[77.1228,25.0669],[77.0955,25.0655],[77.0853,25.0551],[77.0003,25.0749],[76.9748,25.0664],[76.9679,25.0508],[76.9619,25.0563],[76.9455,25.0468],[76.8762,25.0415],[76.8753,25.0073],[76.8569,25.0025],[76.8679,24.9835],[76.8619,24.9614],[76.8895,24.9338],[76.8902,24.9194],[76.9201,24.9166],[76.9219,24.9067],[76.9124,24.8882],[76.9496,24.8694],[76.9296,24.8483],[76.8977,24.8386],[76.8244,24.8362],[76.8,24.8247],[76.8026,24.8093],[76.8464,24.77],[76.8494,24.7479],[76.8561,24.7425],[76.8906,24.7469],[76.9069,24.7315],[76.9544,24.7595],[76.9635,24.7565],[76.9741,24.7361],[76.9964,24.7322],[76.9988,24.7179],[77.0307,24.7122],[77.0414,24.7001],[77.0432,24.6805],[77.0651,24.6438],[77.0653,24.5939],[77.0713,24.5725],[77.0547,24.5265],[77.0369,24.5281],[77.0293,24.5168],[77.029,24.4961],[77.0116,24.4922],[77.0088,24.4769],[76.9835,24.4728],[76.9778,24.4613],[76.9509,24.4618],[76.9184,24.4807],[76.9176,24.5434],[76.9017,24.5459],[76.8841,24.5215],[76.8727,24.5278],[76.8767,24.5391],[76.8629,24.5496],[76.8383,24.5459],[76.8164,24.5336],[76.8354,24.4889],[76.8465,24.4864],[76.8532,24.467],[76.8518,24.4503],[76.8439,24.4502],[76.8409,24.4425],[76.8504,24.4234],[76.8375,24.4086],[76.851,24.383],[76.8454,24.3754],[76.8518,24.3707],[76.8324,24.3581],[76.8415,24.3225],[76.8565,24.3045],[76.863,24.2731],[76.88,24.2609],[76.8889,24.2448],[76.9123,24.238],[76.9228,24.2253],[76.9224,24.2116],[76.946,24.206],[76.9471,24.201],[76.9355,24.1839],[76.9161,24.1877],[76.9007,24.1272],[76.879,24.1305],[76.8794,24.1357],[76.8546,24.1357],[76.8333,24.1222],[76.8122,24.1229],[76.802,24.1166],[76.7907,24.1238],[76.7698,24.1609],[76.76,24.1603],[76.7563,24.1691],[76.7262,24.1686],[76.726,24.1614],[76.7193,24.1589],[76.6988,24.1684],[76.676,24.1909],[76.6901,24.2301],[76.7022,24.2414],[76.6954,24.2843],[76.6665,24.2624],[76.6434,24.2694],[76.6336,24.2577],[76.6164,24.2579],[76.6112,24.2384],[76.5848,24.2438],[76.595,24.2229],[76.5704,24.2092],[76.5641,24.1912],[76.5744,24.1869],[76.5768,24.1778],[76.5276,24.157],[76.5135,24.1656],[76.5048,24.2031],[76.4806,24.208],[76.4705,24.226],[76.4521,24.2091],[76.4304,24.2214],[76.4164,24.2207],[76.4208,24.2086],[76.4126,24.2003],[76.4018,24.2155],[76.3819,24.2213],[76.3576,24.2398],[76.3217,24.2455],[76.2873,24.23],[76.2812,24.2068],[76.2399,24.2189],[76.2124,24.2098],[76.2032,24.2206],[76.2021,24.2688],[76.1946,24.2732],[76.2047,24.3009],[76.1854,24.3294],[76.1742,24.3074],[76.1647,24.307],[76.1686,24.2967],[76.1625,24.2847],[76.1433,24.2831],[76.1366,24.2709],[76.1483,24.2316],[76.1174,24.1942],[76.1136,24.1638],[76.1244,24.1592],[76.1223,24.1378],[76.131,24.1168],[76.1205,24.1082],[76.1271,24.0881],[76.1005,24.087],[76.076,24.0709],[76.0728,24.0767],[76.0551,24.0653],[76.0421,24.066],[76.023,24.0487],[76.0213,24.0347],[76.0094,24.0244],[75.9987,24.0208],[75.9783,24.0265],[75.9634,24.0187],[75.9673,23.9913],[75.9849,23.9737],[75.9874,23.941],[75.9799,23.9359],[75.9813,23.929],[75.9553,23.9208],[75.9375,23.8967],[75.9238,23.8987],[75.8949,23.8894],[75.8862,23.879],[75.8767,23.8801],[75.8706,23.8904],[75.8532,23.8876],[75.8408,23.8746],[75.8329,23.88],[75.818,23.8681],[75.7938,23.8671],[75.7821,23.8488],[75.7656,23.8507],[75.7646,23.8753],[75.7527,23.8873],[75.74,23.8895],[75.7353,23.8985],[75.7157,23.8935],[75.706,23.8993],[75.7017,23.8729],[75.711,23.8625],[75.7352,23.8622],[75.7366,23.8565],[75.7192,23.8413],[75.7265,23.8206],[75.7216,23.8119],[75.6901,23.8134],[75.7018,23.7865],[75.6869,23.7554],[75.6755,23.782],[75.6597,23.7843],[75.6544,23.7984],[75.6273,23.7955],[75.6147,23.801],[75.5835,23.7948],[75.5891,23.8096],[75.5663,23.8096],[75.5592,23.8186],[75.5616,23.8323],[75.5748,23.8286],[75.5795,23.8349],[75.5767,23.8424],[75.5661,23.8441],[75.5643,23.8565],[75.5229,23.8842],[75.5051,23.8878],[75.4915,23.907],[75.4622,23.9145],[75.4601,23.9324],[75.4739,23.982],[75.5211,24.0246],[75.5394,24.009],[75.5674,24.0068],[75.5757,23.9942],[75.5796,23.9984],[75.5817,23.9913],[75.5954,23.9945],[75.5957,23.9901],[75.6399,23.998],[75.6708,24.0181],[75.6782,24.0073],[75.6877,24.0054],[75.687,23.9888],[75.6988,23.9881],[75.7018,23.9666],[75.7175,23.9669],[75.7413,23.977],[75.7423,23.9927],[75.7655,23.9928],[75.7685,24.0009],[75.7626,24.01],[75.7734,24.0077],[75.7831,24.0218],[75.7829,24.0434],[75.8368,24.057],[75.8349,24.0918],[75.8166,24.0855],[75.8056,24.0996],[75.7929,24.0919],[75.7826,24.1159],[75.7703,24.1155],[75.751,24.1435],[75.7639,24.1745],[75.774,24.1808],[75.7764,24.2084],[75.7926,24.2101],[75.8076,24.2179],[75.8094,24.2295],[75.8154,24.2256],[75.8302,24.2335],[75.8144,24.2444],[75.8192,24.257],[75.8115,24.2578],[75.8117,24.2751],[75.8184,24.2807],[75.8108,24.2959],[75.8019,24.3025],[75.7664,24.2981],[75.756,24.3212],[75.7398,24.3321],[75.74,24.377],[75.7379,24.3823],[75.7295,24.3777],[75.7278,24.3905],[75.7315,24.3987],[75.7428,24.3977],[75.7553,24.4065],[75.7559,24.4207],[75.7475,24.4243],[75.7668,24.4344],[75.7734,24.4498],[75.786,24.4533],[75.7894,24.4716],[75.8138,24.4619],[75.8098,24.434],[75.8388,24.4142],[75.8753,24.4265],[75.9004,24.4423],[75.9026,24.4539],[75.9092,24.4551],[75.9054,24.4726],[75.9116,24.4919],[75.9031,24.5045],[75.888,24.5077],[75.8907,24.5186],[75.9079,24.5127],[75.9206,24.5215],[75.9233,24.5352],[75.9039,24.5485],[75.9147,24.5723],[75.8786,24.5834],[75.8724,24.59],[75.8715,24.6065],[75.8492,24.6109],[75.8354,24.5949],[75.8367,24.6061],[75.8251,24.613],[75.8284,24.6203],[75.845,24.627],[75.8413,24.6381],[75.8491,24.6475],[75.8482,24.6632],[75.8252,24.6676],[75.8339,24.6891],[75.8363,24.7278],[75.8021,24.7565],[75.7568,24.7616],[75.6832,24.7242],[75.646,24.6852],[75.6108,24.681],[75.5831,24.7133],[75.5496,24.703],[75.5339,24.7123],[75.4899,24.6871],[75.4554,24.6807],[75.2846,24.7089],[75.2647,24.7176],[75.2502,24.7134],[75.2284,24.7176],[75.2194,24.7026],[75.1975,24.7433],[75.1844,24.7485],[75.1904,24.754],[75.1928,24.7738],[75.2017,24.7713],[75.2156,24.8025],[75.2442,24.8047],[75.2523,24.8131],[75.2491,24.8301],[75.2253,24.8342],[75.2242,24.844],[75.2784,24.8401],[75.2906,24.8334],[75.2978,24.8071],[75.311,24.801],[75.3287,24.819],[75.4049,24.8457],[75.418,24.8535],[75.4256,24.8688],[75.4259,24.8841],[75.4203,24.8863],[75.3736,24.8677],[75.3266,24.8749],[75.3092,24.856],[75.2946,24.8576],[75.2743,24.8748],[75.2634,24.8749],[75.267,24.8991],[75.2943,24.909],[75.2879,24.9236],[75.2773,24.925],[75.2795,24.9346],[75.2728,24.936],[75.2666,24.9508],[75.2578,24.9533],[75.261,24.9635],[75.2852,24.9657],[75.2818,24.9531],[75.2889,24.9515],[75.2901,24.9377],[75.305,24.9285],[75.3009,24.9236],[75.3116,24.9076],[75.3127,24.8851],[75.3184,24.8942],[75.337,24.9554],[75.3141,24.9791],[75.3119,24.9957],[75.3211,25.0106],[75.3514,25.0196],[75.3445,25.0296],[75.3499,25.0336],[75.3343,25.0411],[75.2834,25.038],[75.2676,25.0426],[75.2259,25.0336],[75.2057,25.039],[75.1982,25.0331],[75.1658,25.0476],[75.1654,25.0399],[75.1552,25.0372],[75.1523,25.0207],[75.1617,25.0182],[75.1665,25.0029],[75.1592,25.0016],[75.1519,24.9892],[75.1322,24.9836],[75.1295,24.9801],[75.1415,24.9784],[75.1296,24.9693],[75.1135,24.9668],[75.1168,24.8779],[75.0874,24.8709],[75.0884,24.8789],[75.0765,24.8807],[75.0657,24.8682],[75.0553,24.8719],[75.0599,24.8636],[75.0518,24.8532],[75.034,24.8447],[75.0087,24.8565],[74.9585,24.8581],[74.9482,24.8646],[74.9531,24.8806],[74.924,24.878],[74.9106,24.894],[74.9164,24.9071],[74.9028,24.93],[74.8812,24.9373],[74.8698,24.9249],[74.8592,24.9627],[74.8431,24.969],[74.8336,24.9597],[74.8341,24.9438],[74.8265,24.9339],[74.8258,24.9008],[74.8314,24.8863],[74.8407,24.8852],[74.8591,24.8385],[74.861,24.8046],[74.838,24.7974],[74.8493,24.776],[74.861,24.779],[74.8609,24.7986],[74.8798,24.7974],[74.8801,24.7902],[74.907,24.7816],[74.9145,24.7691],[74.9351,24.7784],[74.9815,24.7637],[75.0009,24.7747],[75.007,24.7716],[75.0163,24.732],[74.9923,24.7317],[74.9923,24.6934],[75.0016,24.6864],[74.9601,24.6788],[74.9614,24.6565],[74.9578,24.6616],[74.9509,24.6475],[74.9421,24.6475],[74.9432,24.6378],[74.9052,24.6411],[74.9017,24.6329],[74.8944,24.6443],[74.8888,24.6337],[74.8729,24.6466],[74.8752,24.6529],[74.8582,24.6755],[74.8601,24.6833],[74.8528,24.6852],[74.8516,24.6788],[74.8507,24.6849],[74.8545,24.6887],[74.8362,24.7065],[74.8176,24.7455],[74.809,24.7808],[74.7999,24.7792],[74.8041,24.7353],[74.7839,24.7278],[74.7794,24.7314],[74.7872,24.7038],[74.7717,24.6615],[74.7836,24.6575],[74.7903,24.6651],[74.8142,24.666],[74.8136,24.6496],[74.8062,24.6485],[74.8029,24.6341],[74.7914,24.6314],[74.7913,24.6206],[74.7795,24.6154],[74.7865,24.5859],[74.7527,24.5796],[74.7435,24.5715],[74.7537,24.5539],[74.7558,24.5346],[74.7442,24.5323],[74.7447,24.5135],[74.7246,24.5132],[74.7166,24.5068],[74.7087,24.4865],[74.7274,24.4888],[74.7444,24.4686],[74.7767,24.4604],[74.7869,24.4722],[74.8151,24.4687],[74.822,24.4532],[74.8137,24.4367],[74.8301,24.4351],[74.8344,24.4432],[74.8542,24.4446],[74.8551,24.4243],[74.8252,24.4],[74.8214,24.3795],[74.8072,24.3808],[74.8019,24.3588],[74.7809,24.3386],[74.7813,24.2892],[74.7471,24.2535],[74.7543,24.2422],[74.7748,24.2387],[74.8113,24.2443],[74.8503,24.2365],[74.8678,24.2431],[74.8968,24.2272],[74.898,24.2143],[74.9101,24.2102],[74.899,24.1907],[74.8795,24.1737],[74.896,24.1578],[74.9011,24.1258],[74.908,24.1211],[74.9033,24.1093],[74.918,24.0979],[74.9207,24.0777],[74.9404,24.0699],[74.9393,24.0539],[74.9602,24.046],[74.9603,24.0393],[74.9739,24.0399],[74.9824,24.0258],[74.9653,24.0067],[74.9589,23.972],[74.9311,23.9576],[74.928,23.9393],[74.916,23.931],[74.9207,23.9194],[74.911,23.9081],[74.9025,23.8732],[74.9036,23.8527],[74.9138,23.8425],[74.9037,23.7943],[74.9243,23.7966],[74.9404,23.7647],[74.9243,23.7564],[74.9363,23.7296],[74.9202,23.7194],[74.9215,23.6949],[74.8997,23.6823],[74.908,23.6713],[74.9218,23.6665],[74.9365,23.6286],[74.9149,23.6182],[74.9058,23.6251],[74.9027,23.6247],[74.8936,23.6093],[74.8821,23.6061],[74.8801,23.5953],[74.87,23.5919],[74.8733,23.5771],[74.8534,23.5707],[74.8473,23.5521],[74.8293,23.5507],[74.8223,23.541],[74.8107,23.5411],[74.8029,23.5325],[74.7941,23.551],[74.7729,23.5441],[74.7617,23.5213],[74.7334,23.5217],[74.736,23.5111],[74.7272,23.4954],[74.7184,23.5038],[74.7009,23.5043],[74.6802,23.495],[74.6787,23.4835],[74.6659,23.4829],[74.6519,23.4625],[74.6331,23.4699],[74.6323,23.4617],[74.604,23.4575],[74.6101,23.4519],[74.5992,23.4289],[74.5724,23.4207],[74.5688,23.3763],[74.5591,23.3713],[74.5576,23.3625],[74.5398,23.362],[74.5397,23.3348],[74.5141,23.3283],[74.5149,23.3158],[74.5299,23.3208],[74.5278,23.3109],[74.5394,23.2999],[74.5466,23.2771],[74.563,23.2787],[74.5744,23.2952],[74.5851,23.277],[74.6161,23.2796],[74.6249,23.2738],[74.6269,23.2588],[74.6388,23.2555],[74.6536,23.2557],[74.6802,23.2709],[74.7007,23.2658],[74.6983,23.2575],[74.713,23.2505],[74.7151,23.2368],[74.6914,23.2257],[74.6918,23.2192],[74.7264,23.2151],[74.7474,23.2266],[74.7415,23.2084],[74.7149,23.1908],[74.6714,23.2001],[74.6066,23.1427],[74.5394,23.1294],[74.5448,23.1091],[74.528,23.0976],[74.5106,23.0947],[74.5057,23.0852],[74.4641,23.0818],[74.4409,23.0908],[74.4322,23.105],[74.3861,23.1115],[74.3291,23.0613],[74.3145,23.0771],[74.2844,23.0933],[74.293,23.1173],[74.28,23.1319],[74.2727,23.1597],[74.2529,23.1721],[74.247,23.1844],[74.2337,23.1796],[74.2029,23.1903],[74.1886,23.1782],[74.1812,23.1516],[74.1554,23.1564],[74.1474,23.173],[74.1278,23.1761],[74.1228,23.1846],[74.1255,23.2043],[74.1363,23.211],[74.1407,23.223],[74.1388,23.2661],[74.1155,23.2744],[74.1068,23.2937],[74.0922,23.2981],[74.0382,23.2934],[74.0448,23.3088],[74.0331,23.306],[74.0248,23.3211],[74.0286,23.3317],[73.9819,23.3379],[73.9802,23.3629],[73.9623,23.3809],[73.938,23.3679],[73.9356,23.3397],[73.8919,23.3341],[73.8926,23.3483],[73.8743,23.3637],[73.873,23.3795],[73.8618,23.3836],[73.8636,23.3895],[73.8302,23.4262],[73.8287,23.4477],[73.8186,23.4385],[73.7863,23.4302],[73.7723,23.4378],[73.7677,23.4529],[73.7557,23.4543],[73.7208,23.4101],[73.7081,23.4223],[73.7116,23.4355],[73.6974,23.4567],[73.6739,23.4541],[73.6474,23.4365],[73.636,23.4491],[73.6272,23.4486],[73.6407,23.4964],[73.6496,23.4965],[73.6564,23.5075],[73.6505,23.5185],[73.6331,23.5287],[73.6366,23.5646],[73.6497,23.5681],[73.6441,23.5723],[73.6433,23.5944],[73.6556,23.6213],[73.6155,23.6521],[73.5726,23.6538],[73.5231,23.6069],[73.5035,23.6183],[73.4937,23.6323],[73.5088,23.6444],[73.4966,23.6492],[73.5039,23.6567],[73.5074,23.703],[73.4735,23.7052],[73.4714,23.7197],[73.4492,23.7348],[73.4477,23.7529],[73.4243,23.7616],[73.418,23.7768],[73.4002,23.7851],[73.3828,23.7682],[73.3708,23.7653],[73.3518,23.7914],[73.3679,23.8142],[73.3677,23.8395],[73.3538,23.8529],[73.3611,23.8727],[73.3874,23.9159],[73.4065,23.9165],[73.4208,23.9308],[73.4132,23.9392],[73.4149,23.9858],[73.3986,23.9901],[73.408,24.0081],[73.4009,24.0322],[73.4047,24.041],[73.3862,24.0647],[73.3609,24.0813],[73.362,24.1047],[73.3471,24.1068],[73.3383,24.0988],[73.3263,24.1096],[73.3214,24.0972],[73.3253,24.0774],[73.3167,24.0536],[73.2967,24.044],[73.2824,24.0193],[73.2653,24.0203],[73.2428,24.0023],[73.2294,24.0221],[73.1931,24.041],[73.2139,24.0777],[73.1589,24.0983],[73.1535,24.1128],[73.1252,24.1249],[73.1034,24.1438],[73.0991,24.1595],[73.0674,24.1947],[73.0793,24.2051],[73.0784,24.2194],[73.0971,24.2311],[73.0879,24.2338],[73.0953,24.2493],[73.1076,24.2643],[73.1254,24.2734],[73.1354,24.3084],[73.1692,24.3003],[73.1763,24.3379],[73.1816,24.3433],[73.1878,24.334],[73.1985,24.3319],[73.2062,24.3513],[73.2192,24.3639],[73.1985,24.3769],[73.1707,24.3558],[73.152,24.3544],[73.1116,24.3736],[73.1,24.3904],[73.0875,24.3866],[73.0765,24.3966],[73.1028,24.433],[73.0984,24.448],[73.1018,24.4708],[73.0911,24.4751],[73.0959,24.4901],[73.0872,24.498],[73.0346,24.4642],[73.0032,24.4667],[73.0066,24.4754],[73.001,24.4835],[72.9911,24.4779],[72.9678,24.4507],[72.9746,24.4492],[72.9731,24.4423],[72.981,24.4341],[72.9667,24.4109],[72.9493,24.3982],[72.9743,24.3828],[72.9751,24.3688],[72.9107,24.3372],[72.8911,24.357],[72.8497,24.372],[72.8148,24.3702],[72.8058,24.3629],[72.7714,24.3682],[72.7308,24.3643],[72.6891,24.4117],[72.6797,24.4429],[72.6875,24.4526],[72.6833,24.4639],[72.6563,24.4622],[72.5759,24.4789],[72.5389,24.5196],[72.5335,24.5038],[72.52,24.5004],[72.5048,24.4716],[72.5044,24.4584],[72.4932,24.4591],[72.5003,24.417],[72.4572,24.4148],[72.4514,24.4421],[72.4338,24.4601],[72.4302,24.4802],[72.4429,24.504],[72.4414,24.5151],[72.4163,24.5212],[72.3886,24.5077],[72.3797,24.5124],[72.3701,24.5437],[72.3584,24.551],[72.3537,24.5638],[72.3309,24.5693],[72.329,24.5524],[72.2948,24.5468],[72.2893,24.548],[72.2857,24.5652],[72.2648,24.5603],[72.2464,24.5856],[72.2643,24.6045],[72.276,24.6075],[72.29,24.6037],[72.2974,24.609],[72.3136,24.5939],[72.3361,24.5987],[72.3474,24.6285],[72.3354,24.6333],[72.3202,24.6178],[72.305,24.6175],[72.2971,24.6248],[72.2892,24.6195],[72.2736,24.6284],[72.2708,24.6376],[72.2547,24.6249],[72.2303,24.6406],[72.2167,24.6269],[72.1947,24.623],[72.1965,24.6147],[72.192,24.62],[72.1648,24.6213],[72.1502,24.6437],[72.1245,24.6386],[72.0898,24.6587],[72.0861,24.6776],[72.0927,24.6819],[72.0852,24.7064],[72.0613,24.7121],[72.0125,24.6906],[72.0014,24.6884],[72.0011,24.6949],[71.9938,24.6951],[71.9838,24.6859],[71.9882,24.6575],[71.9773,24.6569],[71.9398,24.6338],[71.9255,24.636],[71.9154,24.6495],[71.9116,24.6586],[71.9203,24.6642],[71.9186,24.6721],[71.9075,24.6776],[71.8882,24.6721],[71.8717,24.6818],[71.8577,24.6665],[71.8653,24.6307],[71.8521,24.6094],[71.8378,24.6213],[71.816,24.6203],[71.8059,24.6267],[71.8104,24.6561],[71.8029,24.6716],[71.7915,24.6773],[71.7727,24.6759],[71.7365,24.6604],[71.7078,24.6618],[71.6553,24.6392],[71.6439,24.6439],[71.6387,24.6595],[71.6078,24.6771],[71.5903,24.6674],[71.5734,24.684],[71.5418,24.6762],[71.5289,24.6852],[71.5135,24.6795],[71.5027,24.6829],[71.4778,24.6797],[71.4617,24.6664],[71.4477,24.6684],[71.4226,24.6478],[71.3984,24.6408],[71.3911,24.6313],[71.3828,24.6337],[71.3773,24.626],[71.3585,24.631],[71.3478,24.6611],[71.3137,24.6481],[71.3043,24.6285],[71.2878,24.6161],[71.112,24.6758],[71.0653,24.7175],[71.0265,24.8089],[70.9376,24.9386],[70.9112,25.0308],[70.8887,25.1482],[70.7516,25.2778],[70.7368,25.3326],[70.6648,25.3969],[70.672,25.4203],[70.6785,25.5252],[70.6671,25.5313],[70.6739,25.6758],[70.6601,25.7022],[70.6473,25.7126],[70.6088,25.715],[70.5302,25.6835],[70.387,25.6738],[70.2686,25.7136],[70.2472,25.7616],[70.2224,25.7931],[70.1745,25.8284],[70.0998,25.9383],[70.0834,26.0833],[70.1412,26.1559],[70.1682,26.2181],[70.175,26.2515],[70.1635,26.2949],[70.1854,26.3743],[70.1769,26.424],[70.1846,26.4817],[70.1742,26.5514],[70.1172,26.5869],[70.0562,26.6006],[69.8868,26.5789],[69.7919,26.5983],[69.7225,26.6533],[69.5103,26.7435],[69.4844,26.8048],[69.4979,26.8684],[69.5133,27.01],[69.5868,27.1833],[69.6427,27.2234],[69.7027,27.2843],[69.7601,27.321],[69.8625,27.4018],[69.9339,27.4978],[70.0259,27.5629],[70.1324,27.806],[70.227,27.9014],[70.2962,27.936],[70.3722,28.0118],[70.4395,28.0202],[70.5058,28.037],[70.5543,28.0263],[70.5895,28.0104],[70.5985,27.9932],[70.6774,27.9219],[70.6844,27.8282],[70.7398,27.7419],[70.7593,27.7213],[70.8718,27.7056],[70.9061,27.7096],[70.9632,27.7294],[71.2055,27.8354],[71.3831,27.8726],[71.6664,27.8778],[71.8983,27.9612],[71.9274,28.1217],[72.0043,28.2187],[72.1322,28.3131],[72.2061,28.3943],[72.2992,28.6698],[72.3907,28.7704],[72.4038,28.783],[72.4794,28.8121],[72.7331,28.9481],[72.9458,29.0279],[73.0044,29.153],[73.0844,29.2363],[73.2821,29.572],[73.3969,29.946],[73.597,30.019],[73.8066,30.068],[73.8278,30.0923],[73.9727,30.198]]]}},{"type":"Feature","properties":{"name":"Gujarat"},"geometry":{"type":"Polygon","coordinates":[[[72.2613,21.5],[72.2414,21.4479],[72.1481,21.3351],[72.1196,21.2856],[72.1163,21.2364],[72.1086,21.2263],[72.117,21.2116],[72.1133,21.1966],[72.065,21.1776],[72.046,21.1591],[72.0388,21.1618],[72.0193,21.1525],[72.0072,21.1324],[71.9988,21.1387],[71.9972,21.1461],[71.9922,21.1489],[71.9946,21.1503],[71.9941,21.1531],[71.9978,21.1541],[72.0,21.1578],[71.9938,21.1613],[71.9978,21.1595],[71.9991,21.1608],[71.9969,21.171],[71.9983,21.1607],[71.994,21.162],[71.9933,21.1612],[71.9978,21.155],[71.9881,21.1512],[71.9897,21.1605],[71.9888,21.162],[71.986,21.1535],[71.9974,21.1393],[71.9882,21.1367],[71.9921,21.1322],[71.9746,21.1295],[71.9768,21.1205],[71.9581,21.118],[71.9557,21.1227],[71.9271,21.1095],[71.9021,21.1088],[71.879,21.0887],[71.8131,21.0675],[71.7961,21.0483],[71.786,21.0551],[71.793,21.0478],[71.8028,21.0486],[71.8065,21.0384],[71.7805,21.0392],[71.7841,21.0298],[71.753,21.0222],[71.75,21.0],[71.6863,21.0],[71.6896,20.994],[71.6749,20.9844],[71.6774,20.9956],[71.6524,20.9962],[71.6368,20.9807],[71.65,20.9784],[71.6477,20.9746],[71.6172,20.967],[71.6188,20.9771],[71.6075,20.9779],[71.6107,20.9662],[71.5969,20.9664],[71.5656,20.9489],[71.5501,20.9522],[71.5331,20.9433],[71.5275,20.9509],[71.5167,20.9481],[71.5031,20.9267],[71.5067,20.9188],[71.4886,20.9135],[71.4816,20.8987],[71.4659,20.8957],[71.4496,20.875],[71.2071,20.8021],[71.2029,20.7892],[71.1542,20.7772],[71.1458,20.7575],[71.0908,20.7571],[71.0777,20.7477],[71.0806,20.7388],[71.0489,20.7308],[71.0242,20.7389],[70.9952,20.7388],[70.9882,20.7445],[70.9668,20.7338],[70.9444,20.7393],[70.9195,20.7364],[70.9188,20.7421],[70.8753,20.7229],[70.8741,20.7047],[70.8436,20.7062],[70.8344,20.6986],[70.8386,20.6898],[70.8275,20.6899],[70.7655,20.7214],[70.7443,20.7204],[70.7064,20.7366],[70.6664,20.7619],[70.6565,20.7591],[70.5862,20.7818],[70.553,20.8036],[70.5468,20.8064],[70.543,20.801],[70.4876,20.8338],[70.4468,20.8477],[70.3927,20.8944],[70.3728,20.8964],[70.3559,20.9069],[70.3469,20.9156],[70.3517,20.9244],[70.3443,20.9162],[70.2899,20.9501],[70.0924,21.1133],[69.9819,21.228],[70.0026,21.2443],[70.0027,21.2549],[70.0119,21.2608],[70.0203,21.2696],[70.0289,21.2738],[70.0288,21.2748],[70.0209,21.2709],[70.0024,21.2556],[70.0024,21.245],[69.9816,21.2286],[69.7757,21.46],[69.7844,21.4528],[69.8037,21.4518],[69.8051,21.4646],[69.7845,21.4572],[69.755,21.4846],[69.7732,21.4616],[69.7072,21.5342],[69.7222,21.5399],[69.7037,21.5421],[69.7039,21.5377],[69.6023,21.6376],[69.5912,21.6393],[69.5981,21.6491],[69.5847,21.6453],[69.5914,21.6414],[69.5891,21.6372],[69.5699,21.6489],[69.4466,21.7572],[69.4429,21.7617],[69.4502,21.7626],[69.4455,21.7673],[69.4424,21.7623],[69.4327,21.7673],[69.3715,21.8303],[69.3298,21.8554],[69.3174,21.8666],[69.3197,21.8712],[69.3126,21.8706],[69.2385,21.9358],[68.9962,22.195],[68.9658,22.2341],[68.9737,22.2365],[68.9582,22.2381],[68.9357,22.3118],[68.9423,22.3321],[68.9557,22.3376],[68.9574,22.3682],[68.9771,22.4035],[68.9833,22.3982],[69.0,22.4007],[68.9998,22.4064],[68.9785,22.4037],[68.9845,22.4134],[69.0072,22.4404],[69.0551,22.4664],[69.0681,22.4814],[69.0836,22.4746],[69.0741,22.4541],[69.0497,22.4377],[69.0457,22.4433],[69.0516,22.4458],[69.0395,22.4457],[69.0468,22.4232],[69.0356,22.3902],[69.049,22.3979],[69.0533,22.3886],[69.0627,22.3909],[69.0576,22.3872],[69.0608,22.3833],[69.065,22.3893],[69.0818,22.3882],[69.1034,22.3989],[69.0996,22.4082],[69.1105,22.4099],[69.128,22.3951],[69.1212,22.3756],[69.1383,22.4015],[69.1505,22.3992],[69.1511,22.4047],[69.1562,22.4104],[69.1606,22.4121],[69.1565,22.406],[69.1635,22.4042],[69.1824,22.4195],[69.1755,22.4228],[69.1947,22.4219],[69.1874,22.4133],[69.191,22.4139],[69.1966,22.4037],[69.1918,22.41],[69.1876,22.4026],[69.2009,22.4014],[69.1998,22.3906],[69.1679,22.3735],[69.1695,22.3687],[69.1809,22.3706],[69.1691,22.3541],[69.1774,22.3561],[69.1754,22.3479],[69.1633,22.3486],[69.1693,22.3335],[69.1568,22.316],[69.1607,22.2842],[69.1559,22.2628],[69.1485,22.2575],[69.1539,22.2487],[69.1338,22.2226],[69.1394,22.211],[69.1364,22.1955],[69.1564,22.1952],[69.1672,22.204],[69.1685,22.2148],[69.1785,22.2128],[69.1791,22.2281],[69.1901,22.2348],[69.1846,22.2402],[69.1903,22.2436],[69.1952,22.2253],[69.2115,22.2194],[69.2128,22.2103],[69.2376,22.2227],[69.2335,22.25],[69.2405,22.2584],[69.2545,22.2674],[69.2922,22.2753],[69.2929,22.2869],[69.322,22.292],[69.3242,22.3028],[69.3315,22.3013],[69.34,22.3127],[69.3327,22.3278],[69.3517,22.3268],[69.3637,22.3172],[69.3791,22.3212],[69.4229,22.3162],[69.4434,22.3306],[69.4652,22.3285],[69.4907,22.337],[69.4902,22.3527],[69.4995,22.3663],[69.5159,22.373],[69.5348,22.3709],[69.5404,22.3772],[69.5602,22.3671],[69.5613,22.3558],[69.5796,22.3673],[69.5976,22.3461],[69.6094,22.3525],[69.6173,22.3454],[69.6152,22.3646],[69.6211,22.3718],[69.6354,22.3582],[69.6554,22.3595],[69.661,22.3963],[69.7021,22.3987],[69.6956,22.4129],[69.7054,22.4337],[69.6946,22.4427],[69.6961,22.4525],[69.7129,22.4747],[69.7307,22.4845],[69.7366,22.4845],[69.7345,22.4702],[69.7437,22.4589],[69.7419,22.4486],[69.7348,22.4492],[69.7416,22.4464],[69.7328,22.4428],[69.743,22.4419],[69.7476,22.4331],[69.7396,22.4322],[69.7501,22.4292],[69.7537,22.4166],[69.751,22.4597],[69.7645,22.4755],[69.7803,22.4686],[69.7851,22.4587],[69.7814,22.4449],[69.7711,22.4504],[69.7721,22.4462],[69.7654,22.4467],[69.7792,22.4413],[69.7741,22.4338],[69.7885,22.4346],[69.7793,22.4164],[69.792,22.4309],[69.794,22.4237],[69.8055,22.4236],[69.8099,22.4314],[69.8208,22.4325],[69.8056,22.4482],[69.8035,22.4632],[69.8242,22.4731],[69.864,22.4635],[69.8678,22.4338],[69.8714,22.4367],[69.8706,22.4354],[69.8718,22.4333],[69.8703,22.4294],[69.8706,22.4279],[69.8719,22.4326],[69.8718,22.4366],[69.8643,22.4638],[69.8711,22.4712],[69.8823,22.4764],[69.8868,22.4702],[69.8991,22.4684],[69.904,22.458],[69.9106,22.4529],[69.8996,22.4691],[69.8832,22.4767],[69.8971,22.4792],[69.9135,22.4517],[69.9191,22.4564],[69.9132,22.4644],[69.9205,22.4609],[69.9263,22.4644],[69.9123,22.4675],[69.8896,22.4953],[69.9332,22.4869],[69.9054,22.4982],[69.9323,22.5147],[69.9348,22.5009],[69.9424,22.5123],[69.949,22.5043],[69.9451,22.5025],[69.9439,22.5],[69.9495,22.5039],[69.9487,22.5075],[69.9562,22.5],[69.9574,22.5046],[69.9711,22.5],[69.956,22.5068],[69.9641,22.5075],[69.9671,22.5099],[69.9763,22.5035],[69.9703,22.5112],[69.9601,22.5097],[69.9694,22.5196],[69.9731,22.5147],[69.9713,22.5211],[69.9537,22.5094],[69.9508,22.5169],[69.9558,22.5167],[69.9568,22.5172],[69.9481,22.5203],[69.9467,22.5282],[69.9531,22.5296],[69.9524,22.5249],[69.9593,22.523],[69.9529,22.5257],[69.9625,22.5265],[69.9553,22.5299],[69.9641,22.5301],[69.9604,22.535],[69.97,22.5393],[69.9749,22.5318],[69.9719,22.5401],[69.9845,22.5414],[69.9771,22.5271],[69.9824,22.5132],[69.9869,22.517],[69.9823,22.5239],[69.9905,22.5201],[69.9915,22.5241],[69.9838,22.5252],[69.9899,22.5267],[69.9874,22.5301],[69.9786,22.5254],[69.9863,22.5411],[69.984,22.5432],[69.9755,22.5428],[70.019,22.5465],[70.0394,22.5665],[70.057,22.5567],[70.1252,22.5529],[70.1342,22.5743],[70.1417,22.5773],[70.1515,22.5705],[70.1541,22.5814],[70.1639,22.5836],[70.1541,22.5847],[70.1572,22.5944],[70.1712,22.5992],[70.1813,22.5944],[70.1766,22.6046],[70.1903,22.6104],[70.1859,22.6178],[70.1949,22.6208],[70.1916,22.627],[70.2082,22.6392],[70.1931,22.6391],[70.1938,22.6433],[70.2094,22.6587],[70.2234,22.661],[70.218,22.6654],[70.2231,22.6732],[70.2124,22.6781],[70.2223,22.6859],[70.2162,22.69],[70.2249,22.71],[70.2175,22.7126],[70.2188,22.7181],[70.2356,22.7284],[70.2488,22.7471],[70.2634,22.7546],[70.266,22.75],[70.2659,22.7576],[70.2924,22.7661],[70.3013,22.7984],[70.3713,22.9033],[70.3971,22.9184],[70.3986,22.904],[70.3975,22.9186],[70.4089,22.9261],[70.4095,22.9186],[70.4155,22.9346],[70.4285,22.928],[70.4421,22.9609],[70.4323,22.9676],[70.4566,22.9662],[70.4732,22.9923],[70.5167,23.0217],[70.4862,23.0086],[70.4699,22.9901],[70.4601,22.9955],[70.5113,23.112],[70.5744,23.1654],[70.6539,23.1773],[70.6694,23.1988],[70.6571,23.1991],[70.6255,23.1751],[70.5952,23.1802],[70.5527,23.1712],[70.5515,23.1566],[70.5221,23.1349],[70.477,23.0728],[70.4503,23.0652],[70.4013,23.0298],[70.4029,23.0592],[70.3937,23.0565],[70.3931,23.0407],[70.3888,23.0336],[70.3812,23.0342],[70.3937,23.0304],[70.398,22.9776],[70.3801,22.9417],[70.3458,22.9335],[70.2418,22.9776],[70.2239,23.0434],[70.2266,23.0663],[70.2375,23.0788],[70.2957,23.1077],[70.297,23.1144],[70.2337,23.0837],[70.2162,23.0668],[70.2233,23.0336],[70.2209,23.0067],[70.2309,22.967],[70.2073,22.9803],[70.1983,22.9974],[70.182,22.9955],[70.1972,22.9934],[70.204,22.9808],[70.2225,22.9656],[70.2141,22.9563],[70.1844,22.9534],[70.1727,22.9417],[70.1596,22.94],[70.1205,22.964],[70.1485,23.0222],[70.1146,22.9756],[70.1122,22.964],[70.103,22.9688],[70.1278,22.9483],[70.109,22.9519],[70.1015,22.9421],[70.0945,22.9515],[70.0833,22.951],[70.0945,22.9502],[70.1032,22.9393],[70.1124,22.9483],[70.1391,22.9414],[70.1288,22.9232],[70.1035,22.909],[70.0575,22.9168],[70.0581,22.9019],[70.0404,22.895],[70.0222,22.9048],[69.9932,22.905],[69.9776,22.8927],[69.9047,22.8627],[69.8794,22.8679],[69.8397,22.8551],[69.7466,22.7925],[69.7194,22.7555],[69.7137,22.7536],[69.6919,22.7716],[69.7131,22.7495],[69.7041,22.7473],[69.7175,22.7392],[69.702,22.7302],[69.7012,22.7373],[69.6846,22.7405],[69.6729,22.7316],[69.6631,22.74],[69.6685,22.755],[69.6598,22.7495],[69.635,22.7626],[69.6429,22.7678],[69.6343,22.8117],[69.6307,22.8075],[69.6391,22.7683],[69.5915,22.7424],[69.5841,22.7479],[69.5926,22.7476],[69.5937,22.7582],[69.5754,22.7661],[69.564,22.7468],[69.5504,22.7547],[69.5599,22.7789],[69.543,22.7811],[69.5351,22.8067],[69.5349,22.7895],[69.5253,22.7838],[69.5003,22.7882],[69.5063,22.7944],[69.5053,22.8089],[69.5034,22.7959],[69.487,22.779],[69.4736,22.7731],[69.4523,22.7749],[69.3843,22.8175],[69.3494,22.8201],[69.3216,22.8321],[69.3015,22.8335],[69.3046,22.8377],[69.2974,22.831],[69.2679,22.8252],[69.2314,22.835],[69.2311,22.8407],[69.245,22.8402],[69.2313,22.8418],[69.2282,22.8488],[69.2222,22.8362],[69.2013,22.8374],[69.2032,22.8416],[69.1967,22.8377],[69.1942,22.8518],[69.1659,22.8602],[69.1749,22.8514],[69.1305,22.8743],[69.1213,22.8817],[69.1271,22.886],[69.1176,22.8912],[69.1214,22.8901],[69.125,22.8935],[69.1114,22.8916],[69.1087,22.9004],[69.1078,22.8905],[69.0773,22.9105],[69.0828,22.9106],[69.0792,22.9212],[69.0688,22.9185],[69.0686,22.9267],[69.063,22.9182],[69.0079,22.9476],[69.004,22.9519],[69.0167,22.946],[69.0238,22.9449],[69.021,22.95],[69.0067,22.9509],[69.0029,22.9583],[69.0003,22.9552],[69.0054,22.9477],[68.9316,22.9879],[68.9464,23.0137],[68.9558,23.0133],[68.9704,23.046],[68.9612,23.0572],[68.9633,23.0623],[68.9491,23.0737],[68.921,23.0877],[68.9149,23.0795],[68.8962,23.0803],[68.8748,23.0543],[68.8833,23.0501],[68.8841,23.039],[68.8624,23.0318],[68.8367,23.0463],[68.8359,23.0507],[68.847,23.0484],[68.8371,23.0521],[68.8418,23.0586],[68.8342,23.0566],[68.8347,23.0505],[68.8246,23.0624],[68.827,23.0575],[68.8212,23.0572],[68.8151,23.077],[68.8097,23.0743],[68.8117,23.0614],[68.8032,23.0648],[68.8118,23.0588],[68.7603,23.0793],[68.6314,23.1719],[68.6321,23.1776],[68.6532,23.1592],[68.6395,23.179],[68.6519,23.1835],[68.6511,23.1882],[68.6297,23.1825],[68.5817,23.226],[68.5773,23.2367],[68.5884,23.2441],[68.602,23.2358],[68.604,23.2437],[68.6243,23.255],[68.6167,23.2861],[68.6315,23.2993],[68.611,23.2898],[68.6147,23.2636],[68.6026,23.249],[68.6096,23.2656],[68.5912,23.2523],[68.5687,23.2601],[68.5512,23.258],[68.5291,23.2721],[68.5307,23.2875],[68.5572,23.3149],[68.5765,23.3015],[68.5653,23.3174],[68.5815,23.3089],[68.5799,23.3266],[68.6097,23.3211],[68.6191,23.3313],[68.6069,23.3243],[68.5871,23.3354],[68.5576,23.3365],[68.5618,23.3654],[68.5673,23.372],[68.5803,23.3709],[68.578,23.3743],[68.561,23.3728],[68.5515,23.3544],[68.5135,23.3645],[68.5179,23.379],[68.51,23.3687],[68.4993,23.3678],[68.4975,23.3802],[68.5032,23.3803],[68.5176,23.4078],[68.5476,23.4006],[68.5299,23.4107],[68.5339,23.4149],[68.5241,23.4166],[68.5212,23.4289],[68.5064,23.4131],[68.4918,23.4133],[68.4922,23.4766],[68.4817,23.4741],[68.4884,23.4534],[68.4853,23.3967],[68.4678,23.3938],[68.4476,23.4068],[68.4545,23.4474],[68.4381,23.4399],[68.4324,23.4249],[68.4105,23.4363],[68.425,23.4436],[68.4171,23.4629],[68.4442,23.4691],[68.4379,23.4731],[68.4402,23.478],[68.4281,23.4741],[68.4233,23.4793],[68.4441,23.5004],[68.4612,23.5008],[68.4807,23.5156],[68.4564,23.5097],[68.443,23.5288],[68.4476,23.5372],[68.4333,23.537],[68.4396,23.5112],[68.4206,23.4902],[68.4137,23.4883],[68.4106,23.498],[68.409,23.4849],[68.3996,23.4851],[68.3965,23.5031],[68.4042,23.5236],[68.4081,23.5852],[68.4003,23.6131],[68.4134,23.6344],[68.4284,23.6395],[68.4635,23.6183],[68.4771,23.627],[68.482,23.6176],[68.4878,23.6446],[68.4778,23.6433],[68.4709,23.6286],[68.4617,23.6291],[68.4449,23.6419],[68.4518,23.6588],[68.508,23.6722],[68.5253,23.6897],[68.5425,23.6964],[68.5548,23.7196],[68.6005,23.7419],[68.606,23.7501],[68.6193,23.7502],[68.626,23.7703],[68.6567,23.8128],[68.6734,23.8119],[68.6973,23.8223],[68.7081,23.8176],[68.7077,23.8241],[68.7593,23.8407],[68.768,23.8604],[68.7913,23.8734],[68.8019,23.8719],[68.8098,23.8803],[68.779,23.8822],[68.7704,23.8741],[68.7627,23.8822],[68.7518,23.8828],[68.7401,23.871],[68.7375,23.8578],[68.7243,23.8485],[68.7163,23.855],[68.7104,23.8451],[68.6926,23.8396],[68.6309,23.8368],[68.5974,23.8088],[68.5936,23.8123],[68.6004,23.8243],[68.5937,23.8289],[68.587,23.8092],[68.5927,23.8005],[68.5819,23.7714],[68.5172,23.7512],[68.5091,23.7414],[68.4705,23.7331],[68.4677,23.7376],[68.462,23.731],[68.4453,23.7362],[68.432,23.7283],[68.4182,23.7337],[68.4266,23.7621],[68.4129,23.7354],[68.4252,23.7283],[68.4255,23.7219],[68.3898,23.6889],[68.3729,23.6548],[68.3528,23.6407],[68.3434,23.6249],[68.3503,23.6182],[68.3347,23.602],[68.3393,23.5935],[68.3146,23.5797],[68.3032,23.5983],[68.3061,23.5788],[68.2954,23.585],[68.2941,23.597],[68.2831,23.5883],[68.2692,23.5968],[68.2639,23.5885],[68.2329,23.5917],[68.2299,23.5966],[68.1835,23.5947],[68.1238,23.6129],[68.1266,23.6199],[68.1536,23.6267],[68.1713,23.6436],[68.19,23.6404],[68.1757,23.6465],[68.1823,23.6642],[68.1981,23.675],[68.2102,23.6672],[68.2249,23.6439],[68.239,23.6413],[68.2425,23.6315],[68.2444,23.6447],[68.2616,23.6349],[68.2674,23.6152],[68.2626,23.595],[68.2704,23.6091],[68.2655,23.6349],[68.3122,23.6212],[68.3031,23.6318],[68.2808,23.6318],[68.2596,23.6463],[68.3073,23.65],[68.3216,23.6401],[68.33,23.6436],[68.3483,23.6356],[68.3461,23.6413],[68.3309,23.6472],[68.3213,23.6438],[68.312,23.6526],[68.2326,23.6463],[68.2211,23.6564],[68.2584,23.6677],[68.2595,23.674],[68.277,23.6831],[68.3061,23.6792],[68.3084,23.6847],[68.2821,23.6861],[68.2914,23.6976],[68.2832,23.695],[68.2875,23.7058],[68.3102,23.724],[68.3301,23.729],[68.3126,23.7279],[68.2894,23.7146],[68.2726,23.6896],[68.2539,23.7188],[68.2354,23.731],[68.2523,23.7181],[68.267,23.6923],[68.2333,23.6695],[68.2131,23.6778],[68.2137,23.6871],[68.2018,23.6902],[68.1856,23.716],[68.1846,23.7365],[68.2056,23.7839],[68.199,23.8475],[68.2092,23.8749],[68.2504,23.8958],[68.28,23.9307],[68.3307,23.9274],[68.3427,23.9692],[68.367,23.9915],[68.3773,23.9896],[68.3871,23.9683],[68.3938,23.9662],[68.7528,23.9718],[68.7693,24.2655],[68.7645,24.2959],[68.826,24.3172],[68.8434,24.2775],[68.8533,24.2221],[68.8568,24.2139],[68.8661,24.2122],[68.8799,24.2165],[68.9067,24.2798],[68.9452,24.3025],[68.9672,24.2722],[68.9848,24.2276],[69.0033,24.2231],[69.021,24.2284],[69.0949,24.2744],[69.1941,24.2364],[69.3128,24.2815],[69.3786,24.2693],[69.4447,24.2804],[69.4927,24.2677],[69.5943,24.2924],[69.7315,24.171],[70.0253,24.1711],[70.067,24.1994],[70.1099,24.295],[70.166,24.3034],[70.2143,24.3214],[70.2539,24.3254],[70.3268,24.3521],[70.3685,24.3509],[70.4116,24.3754],[70.5731,24.4223],[70.6024,24.4082],[70.5803,24.3632],[70.562,24.354],[70.5845,24.2904],[70.5849,24.278],[70.5712,24.2516],[70.668,24.2193],[70.7185,24.2156],[70.816,24.2238],[70.8516,24.2449],[70.8765,24.2457],[70.9066,24.2593],[70.9086,24.2633],[70.8751,24.2807],[70.8739,24.295],[70.9242,24.3264],[70.9471,24.3486],[70.9859,24.3652],[71.0034,24.3509],[71.0421,24.3509],[71.0842,24.3945],[71.1068,24.3964],[71.1219,24.4057],[71.1257,24.4201],[71.1031,24.4358],[71.0373,24.432],[70.9985,24.4444],[70.996,24.475],[71.0049,24.5232],[70.9874,24.5435],[70.9926,24.564],[70.9864,24.5955],[70.9991,24.6224],[71.0088,24.6354],[71.0746,24.662],[71.0962,24.6887],[71.112,24.6758],[71.2875,24.616],[71.3043,24.6285],[71.3137,24.6481],[71.3478,24.6611],[71.3585,24.631],[71.3773,24.626],[71.3828,24.6337],[71.3911,24.6313],[71.3984,24.6408],[71.4226,24.6478],[71.4477,24.6684],[71.4617,24.6664],[71.4778,24.6797],[71.5027,24.6829],[71.5135,24.6795],[71.5289,24.6852],[71.5418,24.6762],[71.5734,24.684],[71.5903,24.6674],[71.6078,24.6771],[71.6387,24.6595],[71.6439,24.6439],[71.6553,24.6392],[71.7078,24.6618],[71.7365,24.6604],[71.7727,24.6759],[71.7915,24.6773],[71.8029,24.6716],[71.8104,24.6561],[71.8059,24.6267],[71.816,24.6203],[71.8378,24.6213],[71.8521,24.6094],[71.8653,24.6307],[71.8577,24.6665],[71.8717,24.6818],[71.8882,24.6721],[71.9075,24.6776],[71.9186,24.6721],[71.9203,24.6642],[71.9116,24.6586],[71.9154,24.6495],[71.9255,24.636],[71.9398,24.6338],[71.9773,24.6569],[71.9882,24.6575],[71.9838,24.6859],[71.9938,24.6951],[72.0011,24.6949],[72.0014,24.6884],[72.0125,24.6906],[72.0613,24.7121],[72.0852,24.7064],[72.0927,24.6819],[72.0861,24.6776],[72.0898,24.6587],[72.1245,24.6386],[72.1502,24.6437],[72.1648,24.6213],[72.192,24.62],[72.1965,24.6147],[72.1947,24.623],[72.2167,24.6269],[72.2303,24.6406],[72.2547,24.6249],[72.2708,24.6376],[72.2736,24.6284],[72.2892,24.6195],[72.2971,24.6248],[72.305,24.6175],[72.3202,24.6178],[72.3354,24.6333],[72.3474,24.6285],[72.3361,24.5987],[72.3136,24.5939],[72.2974,24.609],[72.29,24.6037],[72.276,24.6075],[72.2643,24.6045],[72.2464,24.5856],[72.2648,24.5603],[72.2857,24.5652],[72.2893,24.548],[72.2948,24.5468],[72.329,24.5524],[72.3309,24.5693],[72.3537,24.5638],[72.3584,24.551],[72.3701,24.5437],[72.3797,24.5124],[72.3886,24.5077],[72.4163,24.5212],[72.4414,24.5151],[72.4429,24.504],[72.4302,24.4802],[72.4338,24.4601],[72.4514,24.4421],[72.4572,24.4148],[72.5003,24.417],[72.4932,24.4591],[72.5044,24.4584],[72.5048,24.4716],[72.52,24.5004],[72.5335,24.5038],[72.5389,24.5196],[72.5759,24.4789],[72.6563,24.4622],[72.6833,24.4639],[72.6875,24.4526],[72.6797,24.4429],[72.6891,24.4117],[72.7308,24.3643],[72.7714,24.3682],[72.8058,24.3629],[72.8148,24.3702],[72.8497,24.372],[72.8911,24.357],[72.9107,24.3372],[72.9751,24.3688],[72.9743,24.3828],[72.9493,24.3982],[72.9667,24.4109],[72.981,24.4341],[72.9731,24.4423],[72.9746,24.4492],[72.9678,24.4507],[72.9911,24.4779],[73.001,24.4835],[73.0066,24.4754],[73.0032,24.4667],[73.0346,24.4642],[73.0872,24.498],[73.0959,24.4901],[73.0911,24.4751],[73.1018,24.4708],[73.0984,24.448],[73.1028,24.433],[73.0765,24.3966],[73.0875,24.3866],[73.1,24.3904],[73.1116,24.3736],[73.152,24.3544],[73.1707,24.3558],[73.1985,24.3769],[73.2192,24.3639],[73.2062,24.3513],[73.1985,24.3319],[73.1878,24.334],[73.1816,24.3433],[73.1763,24.3379],[73.1692,24.3003],[73.1354,24.3084],[73.1254,24.2734],[73.1076,24.2643],[73.0953,24.2493],[73.0879,24.2338],[73.0971,24.2311],[73.0784,24.2194],[73.0793,24.2051],[73.0674,24.1947],[73.0991,24.1595],[73.1034,24.1438],[73.1252,24.1249],[73.1535,24.1128],[73.1589,24.0983],[73.2139,24.0777],[73.1931,24.041],[73.2294,24.0221],[73.2428,24.0023],[73.2653,24.0203],[73.2824,24.0193],[73.2967,24.044],[73.3167,24.0536],[73.3253,24.0774],[73.3214,24.0972],[73.3263,24.1096],[73.3383,24.0988],[73.3471,24.1068],[73.362,24.1047],[73.3609,24.0813],[73.3862,24.0647],[73.4047,24.041],[73.4009,24.0322],[73.408,24.0081],[73.3986,23.9901],[73.4149,23.9858],[73.4132,23.9392],[73.4208,23.9308],[73.4065,23.9165],[73.3874,23.9159],[73.3611,23.8727],[73.3538,23.8529],[73.3677,23.8395],[73.3679,23.8142],[73.3518,23.7914],[73.3708,23.7653],[73.3828,23.7682],[73.4002,23.7851],[73.418,23.7768],[73.4243,23.7616],[73.4477,23.7529],[73.4492,23.7348],[73.4714,23.7197],[73.4735,23.7052],[73.5074,23.703],[73.5039,23.6567],[73.4966,23.6492],[73.5088,23.6444],[73.4937,23.6323],[73.5035,23.6183],[73.5231,23.6069],[73.5726,23.6538],[73.6155,23.6521],[73.6556,23.6213],[73.6433,23.5944],[73.6441,23.5723],[73.6497,23.5681],[73.6366,23.5646],[73.6331,23.5287],[73.6505,23.5185],[73.6564,23.5075],[73.6496,23.4965],[73.6407,23.4964],[73.6272,23.4486],[73.636,23.4491],[73.6474,23.4365],[73.6739,23.4541],[73.6974,23.4567],[73.7116,23.4355],[73.7081,23.4223],[73.7208,23.4101],[73.7557,23.4543],[73.7677,23.4529],[73.7723,23.4378],[73.7863,23.4302],[73.8186,23.4385],[73.8287,23.4477],[73.8302,23.4262],[73.8636,23.3895],[73.8618,23.3836],[73.873,23.3795],[73.8743,23.3637],[73.8926,23.3483],[73.8919,23.3341],[73.9356,23.3397],[73.938,23.3679],[73.9623,23.3809],[73.9802,23.3629],[73.9819,23.3379],[74.0286,23.3317],[74.0248,23.3211],[74.0331,23.306],[74.0448,23.3088],[74.0382,23.2934],[74.0718,23.2989],[74.1068,23.2937],[74.1155,23.2744],[74.1388,23.2661],[74.1407,23.223],[74.1363,23.211],[74.1255,23.2043],[74.1228,23.1846],[74.1278,23.1761],[74.1474,23.173],[74.1554,23.1564],[74.1812,23.1516],[74.1886,23.1782],[74.2029,23.1903],[74.2337,23.1796],[74.247,23.1844],[74.2529,23.1721],[74.2727,23.1597],[74.28,23.1319],[74.293,23.1173],[74.2837,23.0945],[74.3184,23.0732],[74.3244,23.0615],[74.3189,23.0588],[74.3221,23.0411],[74.3445,23.0288],[74.3642,22.9815],[74.3655,22.976],[74.3539,22.9758],[74.3393,22.9647],[74.3395,22.9529],[74.3932,22.8968],[74.4136,22.9063],[74.4105,22.9121],[74.4183,22.9174],[74.4332,22.9182],[74.4337,22.9126],[74.4469,22.9213],[74.4605,22.908],[74.4761,22.8525],[74.4647,22.8164],[74.4337,22.808],[74.4352,22.7823],[74.4018,22.7316],[74.3949,22.6858],[74.3821,22.6677],[74.3841,22.6463],[74.379,22.6346],[74.3293,22.6421],[74.3154,22.634],[74.2774,22.646],[74.2658,22.6386],[74.2636,22.6441],[74.2532,22.6343],[74.2533,22.6215],[74.2313,22.6118],[74.2101,22.5646],[74.1833,22.5668],[74.1894,22.5536],[74.1708,22.5474],[74.1504,22.529],[74.1507,22.5213],[74.1331,22.5203],[74.1118,22.5397],[74.1014,22.5343],[74.0746,22.5514],[74.0542,22.5493],[74.0384,22.5348],[74.0388,22.5157],[74.0297,22.5077],[74.0334,22.4902],[74.0409,22.4866],[74.0546,22.5093],[74.0828,22.5066],[74.0878,22.4826],[74.0864,22.4772],[74.0824,22.4846],[74.0766,22.4837],[74.0756,22.4642],[74.0853,22.4702],[74.1043,22.4647],[74.0986,22.4422],[74.1194,22.4189],[74.1254,22.4173],[74.1341,22.446],[74.1431,22.447],[74.1494,22.4557],[74.1553,22.4541],[74.1525,22.4431],[74.1604,22.4312],[74.184,22.4416],[74.1797,22.4626],[74.1906,22.4759],[74.2029,22.4678],[74.2016,22.4345],[74.2134,22.4315],[74.2152,22.4414],[74.244,22.4339],[74.2377,22.4221],[74.2476,22.4148],[74.2557,22.429],[74.2704,22.4131],[74.2675,22.4056],[74.291,22.3939],[74.2705,22.3926],[74.2567,22.3996],[74.254,22.3854],[74.2428,22.3824],[74.2433,22.376],[74.2237,22.38],[74.2241,22.3565],[74.2037,22.3665],[74.2026,22.3486],[74.1979,22.3426],[74.1921,22.3466],[74.1901,22.3203],[74.128,22.3331],[74.1255,22.3563],[74.114,22.3573],[74.1054,22.3718],[74.0959,22.371],[74.0921,22.3608],[74.0711,22.3614],[74.0649,22.3545],[74.072,22.3369],[74.0631,22.3271],[74.0624,22.3049],[74.0539,22.3039],[74.0524,22.2941],[74.0588,22.2746],[74.0745,22.2656],[74.075,22.2476],[74.0872,22.2429],[74.0693,22.2327],[74.0722,22.2192],[74.1062,22.2203],[74.1225,22.2124],[74.1174,22.2065],[74.1214,22.1676],[74.134,22.1606],[74.1228,22.1357],[74.1289,22.1209],[74.1245,22.0979],[74.1285,22.0947],[74.1526,22.106],[74.1536,22.1005],[74.1692,22.1006],[74.1786,22.0856],[74.1645,22.083],[74.16,22.059],[74.1314,22.0481],[74.1401,22.0406],[74.0921,22.0151],[74.098,21.9983],[74.1184,21.9989],[74.1506,21.9866],[74.1499,21.9752],[74.1398,21.9676],[74.1475,21.9608],[74.1419,21.9557],[74.147,21.9485],[74.1282,21.9498],[74.0517,21.9269],[73.9188,21.86],[73.8897,21.8556],[73.8711,21.8412],[73.8166,21.8409],[73.7956,21.8246],[73.8079,21.8099],[73.8269,21.8102],[73.8323,21.8016],[73.8273,21.7928],[73.8377,21.7894],[73.8288,21.7861],[73.8342,21.775],[73.824,21.7611],[73.8664,21.719],[73.881,21.7147],[73.8916,21.6918],[73.8943,21.676],[73.8879,21.6532],[73.8596,21.6421],[73.8519,21.6462],[73.8386,21.6331],[73.8304,21.6424],[73.8143,21.6442],[73.7801,21.6282],[73.7814,21.6186],[73.7976,21.6047],[73.8139,21.6008],[73.8347,21.5203],[73.8519,21.4979],[73.8693,21.501],[73.8726,21.5064],[73.8644,21.5123],[73.8767,21.5118],[73.8779,21.5043],[73.8925,21.5092],[73.9053,21.5158],[73.9052,21.5246],[73.9156,21.5192],[73.9259,21.5253],[73.9319,21.5121],[73.9455,21.5166],[73.9518,21.5127],[73.9569,21.5409],[73.9661,21.5216],[73.9823,21.5219],[73.974,21.5427],[73.9981,21.5388],[74.0052,21.5535],[74.0299,21.5455],[74.0378,21.5508],[74.0431,21.5423],[74.054,21.5478],[74.0545,21.5587],[74.0599,21.5503],[74.0722,21.5479],[74.0818,21.5486],[74.0792,21.5541],[74.0968,21.5508],[74.103,21.5562],[74.1098,21.5559],[74.113,21.5484],[74.1189,21.5563],[74.1366,21.5464],[74.1391,21.5554],[74.154,21.5568],[74.1577,21.5688],[74.1758,21.5688],[74.1826,21.5423],[74.1969,21.5321],[74.2289,21.5542],[74.2363,21.5484],[74.2359,21.5394],[74.2633,21.5399],[74.2684,21.5526],[74.2778,21.5534],[74.2761,21.562],[74.2949,21.5691],[74.3028,21.5667],[74.303,21.5521],[74.3219,21.5485],[74.3303,21.5528],[74.3317,21.544],[74.3263,21.5424],[74.3305,21.5353],[74.3207,21.5291],[74.3206,21.4985],[74.3039,21.4994],[74.304,21.488],[74.2557,21.4767],[74.2534,21.4676],[74.2356,21.4676],[74.2344,21.4823],[74.2142,21.4817],[74.2091,21.4621],[74.1877,21.4582],[74.1822,21.4692],[74.1609,21.4688],[74.1358,21.4561],[74.1337,21.4659],[74.1252,21.4667],[74.1169,21.462],[74.1163,21.4523],[74.1007,21.4477],[74.0946,21.4557],[74.0723,21.457],[74.0728,21.4688],[74.063,21.4746],[74.0612,21.4619],[74.0455,21.4461],[74.0495,21.4402],[74.0446,21.4192],[74.0026,21.4214],[73.9822,21.4079],[73.9767,21.4118],[73.9702,21.3977],[73.9593,21.3954],[73.9387,21.4049],[73.9438,21.3999],[73.9489,21.3511],[73.9419,21.2992],[73.8794,21.2658],[73.8497,21.2747],[73.8226,21.2707],[73.8282,21.2399],[73.8116,21.2311],[73.8105,21.2075],[73.8152,21.1972],[73.8258,21.2],[73.8257,21.187],[73.8196,21.1866],[73.8156,21.174],[73.7847,21.184],[73.7811,21.171],[73.7721,21.1646],[73.7401,21.1711],[73.7283,21.1618],[73.7369,21.1531],[73.733,21.1422],[73.7187,21.1396],[73.7011,21.1462],[73.7015,21.1536],[73.6675,21.1546],[73.6647,21.1472],[73.6344,21.1408],[73.6272,21.1432],[73.629,21.1548],[73.6075,21.1589],[73.6065,21.1788],[73.5996,21.1817],[73.5771,21.1707],[73.583,21.1609],[73.5766,21.1566],[73.5782,21.1504],[73.5985,21.1565],[73.6049,21.1439],[73.6174,21.1426],[73.6116,21.138],[73.6182,21.1184],[73.6461,21.1211],[73.6516,21.1075],[73.6769,21.1084],[73.6887,21.1007],[73.7029,21.1183],[73.7052,21.1083],[73.7294,21.0998],[73.7435,21.1151],[73.7297,21.0823],[73.7801,21.0644],[73.8075,21.0847],[73.8107,21.0594],[73.7953,21.0444],[73.7999,21.0386],[73.8688,20.9852],[73.9011,20.9822],[73.9078,20.9597],[73.8921,20.9556],[73.888,20.9335],[73.9173,20.9077],[73.9255,20.8884],[73.9235,20.8513],[73.9291,20.8423],[73.9413,20.8402],[73.9441,20.8238],[73.932,20.8089],[73.9362,20.8009],[73.9319,20.7606],[73.9413,20.7583],[73.9422,20.7424],[73.9171,20.725],[73.8958,20.732],[73.8742,20.7296],[73.8552,20.6923],[73.8354,20.7022],[73.812,20.6923],[73.8173,20.6719],[73.8306,20.6751],[73.839,20.6589],[73.8327,20.6488],[73.8383,20.6206],[73.8071,20.6084],[73.7984,20.5987],[73.7913,20.6053],[73.7764,20.6009],[73.7605,20.5734],[73.7446,20.5648],[73.7323,20.5744],[73.6954,20.5785],[73.6695,20.5633],[73.6523,20.5646],[73.6275,20.584],[73.6223,20.6142],[73.5995,20.6369],[73.5693,20.6516],[73.5509,20.6485],[73.5329,20.6731],[73.5206,20.6788],[73.5179,20.6676],[73.5043,20.6709],[73.4956,20.6536],[73.4892,20.6557],[73.4786,20.6767],[73.4863,20.6752],[73.4903,20.6864],[73.4747,20.7204],[73.4495,20.7176],[73.4408,20.6997],[73.4483,20.6923],[73.4442,20.6812],[73.4321,20.6774],[73.4336,20.6681],[73.3957,20.6527],[73.392,20.6461],[73.4069,20.6355],[73.4072,20.624],[73.4202,20.6273],[73.4309,20.5942],[73.4491,20.5942],[73.4732,20.5847],[73.4791,20.5606],[73.4753,20.5436],[73.4938,20.5383],[73.4696,20.5199],[73.4677,20.4965],[73.431,20.4544],[73.4196,20.413],[73.414,20.4162],[73.3959,20.3963],[73.3798,20.3935],[73.3828,20.3724],[73.4042,20.3859],[73.4127,20.3609],[73.4092,20.3492],[73.4185,20.3305],[73.4138,20.3257],[73.4277,20.2801],[73.4142,20.2741],[73.4121,20.2655],[73.4128,20.2445],[73.4176,20.2429],[73.4107,20.2386],[73.4214,20.2065],[73.4165,20.1983],[73.3945,20.1989],[73.3894,20.1928],[73.384,20.2116],[73.3663,20.204],[73.3654,20.1955],[73.3532,20.2015],[73.3613,20.2073],[73.3568,20.213],[73.3466,20.2097],[73.3434,20.1996],[73.2994,20.2095],[73.2832,20.1982],[73.2781,20.1487],[73.2539,20.1378],[73.2491,20.1228],[73.2432,20.128],[73.2249,20.1236],[73.2248,20.14],[73.2124,20.1214],[73.2043,20.1192],[73.1872,20.1295],[73.1856,20.1558],[73.1899,20.1643],[73.2061,20.1626],[73.2146,20.1698],[73.2179,20.1859],[73.1919,20.1974],[73.1781,20.1926],[73.1685,20.2082],[73.1574,20.1984],[73.1332,20.2058],[73.1334,20.1886],[73.1421,20.1774],[73.1362,20.17],[73.1286,20.1734],[73.1194,20.1682],[73.1153,20.1519],[73.0905,20.1604],[73.0872,20.1703],[73.0795,20.1732],[73.0738,20.1556],[73.0604,20.1619],[73.0597,20.1939],[73.049,20.2009],[73.0636,20.2276],[73.0706,20.232],[73.0875,20.2252],[73.0979,20.2276],[73.098,20.2394],[73.1139,20.256],[73.1268,20.2595],[73.1316,20.2737],[73.1424,20.2739],[73.1456,20.2866],[73.1517,20.2906],[73.1581,20.2803],[73.1671,20.2886],[73.1661,20.3095],[73.1588,20.3085],[73.1513,20.3173],[73.1293,20.3175],[73.1248,20.304],[73.1014,20.3029],[73.1117,20.337],[73.0964,20.3605],[73.0899,20.3584],[73.0908,20.3449],[73.0775,20.323],[73.0672,20.3295],[73.0425,20.3251],[73.0346,20.2914],[73.0161,20.2936],[73.0172,20.309],[73.0077,20.3125],[73.0101,20.2912],[72.9812,20.2899],[72.9818,20.2766],[72.9732,20.2704],[72.9627,20.2713],[72.9548,20.2844],[72.9369,20.2948],[72.9169,20.2813],[72.9118,20.269],[72.9304,20.245],[72.9542,20.2383],[72.9658,20.2257],[72.9647,20.2138],[72.9631,20.2102],[72.9627,20.2097],[72.9616,20.2088],[72.8993,20.2277],[72.8895,20.2201],[72.8704,20.2282],[72.8587,20.2246],[72.8611,20.2075],[72.839,20.209],[72.8308,20.1966],[72.8369,20.1883],[72.816,20.1843],[72.8163,20.1565],[72.8223,20.1548],[72.8244,20.1419],[72.8058,20.1543],[72.7886,20.1492],[72.7852,20.145],[72.794,20.1232],[72.7747,20.132],[72.7396,20.1326],[72.7505,20.2037],[72.7424,20.2412],[72.7537,20.2604],[72.7574,20.292],[72.7744,20.3018],[72.7788,20.335],[72.7913,20.3492],[72.8141,20.3528],[72.836,20.3733],[72.8639,20.3752],[72.8767,20.3698],[72.8966,20.3799],[72.8869,20.3854],[72.8828,20.3978],[72.9026,20.4058],[72.9041,20.415],[72.8932,20.4217],[72.8705,20.4138],[72.8573,20.4198],[72.8748,20.4456],[72.8877,20.4382],[72.8953,20.4443],[72.8866,20.4623],[72.8581,20.4656],[72.8726,20.4932],[72.8859,20.4977],[72.886,20.5424],[72.8979,20.5864],[72.8843,20.6403],[72.851,20.7101],[72.8529,20.7568],[72.8376,20.7653],[72.8202,20.7938],[72.8392,20.8005],[72.8392,20.8052],[72.8274,20.8129],[72.7802,20.9211],[72.7845,20.9252],[72.7921,20.9182],[72.82,20.9275],[72.8127,20.9371],[72.8204,20.9523],[72.774,20.9368],[72.7546,20.9387],[72.7437,20.9589],[72.7222,21.0377],[72.7262,21.061],[72.7361,21.0509],[72.7489,21.0572],[72.7414,21.0784],[72.7108,21.0794],[72.7025,21.0962],[72.6955,21.0952],[72.6956,21.0848],[72.6848,21.083],[72.6863,21.0939],[72.6699,21.1059],[72.6698,21.115],[72.6448,21.0861],[72.6354,21.0846],[72.6213,21.0944],[72.6183,21.1138],[72.6286,21.1441],[72.6381,21.2111],[72.6521,21.2147],[72.6574,21.2246],[72.6452,21.2252],[72.6223,21.2426],[72.6093,21.2689],[72.6105,21.2807],[72.6003,21.2899],[72.5979,21.3121],[72.6584,21.3995],[72.6765,21.4434],[72.6558,21.4356],[72.648,21.4589],[72.6196,21.4795],[72.5989,21.508],[72.5886,21.5493],[72.6299,21.6165],[72.8212,21.663],[72.8599,21.6656],[72.8367,21.6759],[72.7772,21.6604],[72.7462,21.6759],[72.7204,21.6708],[72.6015,21.6863],[72.5524,21.6578],[72.5318,21.6785],[72.5137,21.7147],[72.5499,21.7896],[72.586,21.8413],[72.6739,21.9446],[72.71,21.9369],[72.7436,21.9576],[72.6584,21.9524],[72.6067,21.9343],[72.5395,21.8749],[72.5266,21.8568],[72.5137,21.88],[72.5059,21.9317],[72.5111,21.9782],[72.5473,22.1152],[72.5731,22.1798],[72.6015,22.2056],[72.6325,22.2133],[72.6687,22.2056],[72.6894,22.1901],[72.7281,22.1798],[72.7591,22.1798],[72.7927,22.2159],[72.8367,22.2314],[72.8599,22.2237],[72.8883,22.2289],[72.9038,22.2418],[72.8573,22.2392],[72.8315,22.2702],[72.7824,22.2573],[72.7514,22.2366],[72.6765,22.2754],[72.5938,22.2883],[72.4723,22.2754],[72.4387,22.3038],[72.4103,22.3115],[72.4052,22.3658],[72.3922,22.3503],[72.3509,22.3348],[72.3457,22.2934],[72.369,22.2263],[72.2372,22.0532],[72.2062,21.9731],[72.2217,21.9317],[72.2527,21.8904],[72.2579,21.8335],[72.2372,21.7819],[72.245,21.7457],[72.307,21.6346],[72.276,21.601],[72.2553,21.5338],[72.2613,21.5]],[[72.9616,20.3322],[72.9526,20.3146],[72.9715,20.2972],[72.9828,20.3231],[72.9785,20.332],[72.9616,20.3322]],[[68.7338,23.8315],[68.7346,23.8315],[68.733,23.8316],[68.7338,23.8315]],[[68.5484,23.6914],[68.5486,23.6913],[68.5483,23.6916],[68.5484,23.6914]],[[71.2871,24.6107],[71.2872,24.6118],[71.2873,24.6123],[71.2871,24.6107]]]}},{"type":"Feature","properties":{"name":"Uttarakhand"},"geometry":{"type":"Polygon","coordinates":[[[79.0679,31.4615],[79.09,31.445],[79.1436,31.4255],[79.1824,31.3852],[79.1922,31.3628],[79.2116,31.3464],[79.2465,31.33],[79.2392,31.3142],[79.2719,31.2832],[79.2524,31.266],[79.2519,31.243],[79.2802,31.235],[79.2926,31.2212],[79.3032,31.1904],[79.301,31.1678],[79.3175,31.1367],[79.3988,31.1078],[79.4077,31.077],[79.4246,31.0711],[79.4248,31.0305],[79.4916,31.0335],[79.519,31.0267],[79.5565,30.9607],[79.5986,30.9382],[79.6544,30.9622],[79.6708,30.9793],[79.7033,30.9727],[79.7296,30.9803],[79.7573,30.998],[79.8085,30.9763],[79.8643,30.9698],[79.8844,30.943],[79.8903,30.9186],[79.9104,30.9151],[79.9291,30.8824],[79.9622,30.89],[79.9925,30.8769],[80.042,30.8358],[80.056,30.8415],[80.0575,30.8294],[80.0767,30.8155],[80.089,30.7941],[80.1109,30.7793],[80.1224,30.7774],[80.1435,30.7898],[80.1574,30.7887],[80.1581,30.8059],[80.1778,30.8041],[80.2032,30.7765],[80.2001,30.7647],[80.2149,30.7491],[80.2397,30.7621],[80.2505,30.7371],[80.2476,30.7178],[80.2369,30.7075],[80.2364,30.6904],[80.1997,30.683],[80.1972,30.662],[80.2212,30.6418],[80.2218,30.6333],[80.2117,30.6224],[80.2171,30.6084],[80.2288,30.6035],[80.2268,30.5789],[80.2578,30.5588],[80.2831,30.5722],[80.3189,30.5594],[80.3856,30.515],[80.4156,30.5253],[80.4195,30.5152],[80.4477,30.4977],[80.4983,30.4842],[80.5171,30.4732],[80.5391,30.4492],[80.5476,30.4486],[80.5514,30.4609],[80.5698,30.4666],[80.5802,30.4809],[80.598,30.4788],[80.652,30.4443],[80.6781,30.4374],[80.7135,30.4082],[80.752,30.3935],[80.7836,30.3578],[80.7873,30.3426],[80.8216,30.3156],[80.8627,30.2995],[81.0055,30.2631],[81.0332,30.2464],[81.0259,30.227],[81.0449,30.2114],[81.0441,30.2058],[81.0311,30.1964],[80.96,30.179],[80.9444,30.1787],[80.9183,30.1898],[80.9197,30.2142],[80.9027,30.2154],[80.882,30.1837],[80.8678,30.1739],[80.8741,30.1256],[80.8447,30.1162],[80.846,30.1044],[80.8398,30.0987],[80.8207,30.0997],[80.8056,30.09],[80.7795,30.0568],[80.761,30.0495],[80.7577,30.0242],[80.7468,30.0058],[80.7374,29.9994],[80.719,30.0006],[80.6745,29.9572],[80.6488,29.9557],[80.6296,29.9654],[80.6018,29.9581],[80.5741,29.924],[80.5724,29.8949],[80.5568,29.8704],[80.5613,29.8664],[80.5531,29.8513],[80.5387,29.8475],[80.5219,29.8274],[80.5067,29.823],[80.4939,29.7958],[80.4643,29.8024],[80.4435,29.7993],[80.435,29.806],[80.4287,29.7978],[80.4069,29.7947],[80.3974,29.7589],[80.3858,29.7591],[80.3853,29.7505],[80.3659,29.7484],[80.3656,29.7264],[80.3759,29.72],[80.3721,29.7155],[80.3842,29.6751],[80.3904,29.6645],[80.4158,29.6526],[80.4143,29.6435],[80.4203,29.6383],[80.4209,29.6299],[80.411,29.6254],[80.406,29.6133],[80.4079,29.596],[80.3881,29.5715],[80.3791,29.5716],[80.3785,29.5611],[80.3631,29.5639],[80.3636,29.5564],[80.3425,29.5528],[80.3415,29.5405],[80.3579,29.5328],[80.3497,29.5192],[80.3142,29.4994],[80.3131,29.4848],[80.2987,29.4906],[80.2869,29.477],[80.3018,29.4528],[80.2808,29.4516],[80.2757,29.4585],[80.2691,29.4555],[80.2744,29.4501],[80.2573,29.4517],[80.2422,29.4429],[80.2476,29.4356],[80.2422,29.4114],[80.2751,29.393],[80.2792,29.3788],[80.2716,29.3738],[80.2714,29.3647],[80.28,29.3591],[80.2801,29.347],[80.2958,29.3245],[80.3169,29.3152],[80.3184,29.3023],[80.3042,29.2847],[80.3002,29.2416],[80.2906,29.2317],[80.2974,29.2049],[80.286,29.1958],[80.2757,29.2067],[80.2604,29.2069],[80.2574,29.218],[80.2488,29.2212],[80.2405,29.2025],[80.2587,29.187],[80.2582,29.1648],[80.2721,29.1413],[80.2553,29.1373],[80.233,29.1185],[80.2097,29.122],[80.1832,29.1372],[80.1429,29.0995],[80.1294,29.0627],[80.1372,29.0605],[80.1245,29.0131],[80.1354,29.0074],[80.1267,29.0061],[80.1179,28.9815],[80.1005,28.9869],[80.0585,28.9166],[80.0654,28.8368],[80.0518,28.8204],[80.068,28.8012],[80.0587,28.7884],[80.0617,28.7832],[80.0252,28.7465],[79.9542,28.7229],[79.9386,28.7504],[79.9432,28.7599],[79.9241,28.7732],[79.9398,28.7878],[79.9265,28.79],[79.9178,28.7824],[79.9014,28.782],[79.8731,28.7973],[79.8696,28.8084],[79.8785,28.8149],[79.9155,28.8043],[79.9108,28.8099],[79.9145,28.8185],[79.8941,28.8204],[79.8881,28.8367],[79.8785,28.8304],[79.8726,28.8316],[79.8717,28.8402],[79.8632,28.8403],[79.8614,28.8306],[79.8463,28.8232],[79.8529,28.8138],[79.8466,28.8105],[79.8529,28.8062],[79.8494,28.7997],[79.8454,28.8049],[79.8269,28.795],[79.8146,28.8026],[79.8102,28.7983],[79.8069,28.805],[79.8143,28.8149],[79.8236,28.8066],[79.8372,28.8324],[79.8313,28.8308],[79.8238,28.8391],[79.8368,28.84],[79.8301,28.8543],[79.8406,28.8477],[79.8496,28.8593],[79.8447,28.8751],[79.8331,28.8708],[79.8293,28.8845],[79.818,28.8878],[79.7951,28.8853],[79.7835,28.8713],[79.7491,28.8718],[79.7457,28.86],[79.7365,28.8563],[79.7264,28.861],[79.7199,28.8457],[79.7096,28.8511],[79.7067,28.841],[79.69,28.8454],[79.6819,28.8568],[79.6561,28.8698],[79.6309,28.8612],[79.6261,28.8667],[79.6133,28.8529],[79.6039,28.8569],[79.5844,28.8463],[79.5735,28.8547],[79.5843,28.8792],[79.5565,28.8993],[79.5331,28.8697],[79.5218,28.8648],[79.4968,28.8729],[79.4787,28.8712],[79.4772,28.8646],[79.4516,28.8717],[79.4417,28.8617],[79.4256,28.8665],[79.431,28.8868],[79.4222,28.9014],[79.428,28.9198],[79.4158,28.9279],[79.419,28.9401],[79.408,28.952],[79.3907,28.9474],[79.3853,28.9518],[79.3724,28.9875],[79.3621,28.9815],[79.3647,28.9681],[79.3119,28.9771],[79.3073,28.9665],[79.2591,28.9924],[79.2478,29.0034],[79.251,29.0103],[79.2117,29.0276],[79.2037,29.0208],[79.1908,29.0232],[79.1938,29.0156],[79.1711,29.0119],[79.1758,29.0158],[79.1653,29.0178],[79.1624,29.0293],[79.1751,29.0463],[79.1619,29.049],[79.1425,29.067],[79.1535,29.1152],[79.1265,29.1329],[79.1195,29.1258],[79.1129,29.1276],[79.0749,29.1517],[79.0537,29.1549],[79.0394,29.1686],[79.0292,29.1651],[79.0394,29.1585],[79.0374,29.1449],[79.0238,29.1556],[79.0178,29.1539],[79.0169,29.1308],[79.0406,29.1277],[79.0267,29.1125],[79.0142,29.1167],[79.0082,29.112],[79.0042,29.1259],[78.9913,29.1307],[78.9823,29.1431],[78.9729,29.127],[78.9642,29.1305],[78.9564,29.1199],[78.9347,29.1297],[78.927,29.1182],[78.9063,29.1251],[78.9188,29.1356],[78.9111,29.1445],[78.9154,29.1528],[78.9064,29.1518],[78.9091,29.1636],[78.9017,29.1696],[78.9088,29.1786],[78.8946,29.1858],[78.8997,29.1859],[78.8964,29.1936],[78.8868,29.1951],[78.8906,29.2012],[78.8752,29.2052],[78.8833,29.2115],[78.8718,29.2226],[78.8745,29.2302],[78.8586,29.233],[78.8583,29.2419],[78.8496,29.2328],[78.8382,29.2426],[78.8201,29.2321],[78.8076,29.2366],[78.7738,29.262],[78.765,29.2793],[78.7345,29.2996],[78.7227,29.2994],[78.7186,29.3067],[78.7345,29.303],[78.7337,29.3219],[78.7407,29.3158],[78.7503,29.3174],[78.7538,29.3313],[78.7666,29.3374],[78.7775,29.3258],[78.7935,29.3282],[78.7896,29.3153],[78.7959,29.3118],[78.7982,29.3191],[78.8047,29.3193],[78.7999,29.3346],[78.8105,29.3402],[78.8247,29.3672],[78.8303,29.3681],[78.8275,29.3543],[78.8499,29.3449],[78.856,29.3498],[78.8519,29.3604],[78.8787,29.366],[78.8777,29.375],[78.8873,29.3731],[78.9118,29.3938],[78.9257,29.426],[78.9423,29.4386],[78.9187,29.4343],[78.7997,29.4646],[78.745,29.5008],[78.7063,29.5027],[78.6505,29.546],[78.6177,29.5581],[78.5804,29.5864],[78.5327,29.6388],[78.5215,29.6579],[78.5165,29.7194],[78.501,29.733],[78.4556,29.7452],[78.4285,29.7645],[78.3928,29.7674],[78.3357,29.7967],[78.2598,29.7384],[78.2039,29.7373],[78.196,29.6927],[78.1805,29.6969],[78.1716,29.6916],[78.1305,29.6526],[78.0815,29.6352],[78.0867,29.6251],[78.0575,29.6307],[78.0488,29.6147],[78.0331,29.6117],[78.0183,29.5982],[78.0152,29.5873],[78.0216,29.5809],[78.0008,29.5863],[77.9952,29.5958],[77.9864,29.5844],[77.9675,29.5801],[77.9333,29.6006],[77.9484,29.617],[77.9777,29.6135],[77.9838,29.6437],[77.9664,29.6502],[77.97,29.6665],[77.9494,29.6798],[77.9509,29.6874],[77.9399,29.6961],[77.953,29.7074],[77.9264,29.7143],[77.9125,29.696],[77.8826,29.7025],[77.8747,29.6873],[77.8628,29.6895],[77.8557,29.6801],[77.83,29.6683],[77.799,29.6862],[77.8105,29.7024],[77.7697,29.7176],[77.7827,29.7363],[77.7695,29.7454],[77.7804,29.7651],[77.7731,29.7687],[77.7779,29.775],[77.7724,29.78],[77.7747,29.7911],[77.7516,29.8107],[77.759,29.8186],[77.7402,29.8348],[77.7419,29.8519],[77.7234,29.8551],[77.7143,29.8695],[77.7208,29.8762],[77.716,29.8859],[77.7227,29.8845],[77.7319,29.8928],[77.7293,29.9006],[77.7478,29.9112],[77.7429,29.925],[77.7305,29.9317],[77.7484,29.9517],[77.7333,29.956],[77.7437,29.9834],[77.7604,29.9952],[77.7554,29.9991],[77.7642,30.0045],[77.762,30.0094],[77.782,30.0187],[77.7855,30.0279],[77.77,30.0426],[77.7711,30.0481],[77.7984,30.0836],[77.8012,30.0955],[77.828,30.086],[77.8368,30.1036],[77.8604,30.1132],[77.8812,30.1508],[77.912,30.1826],[77.9189,30.2113],[77.9321,30.2144],[77.9469,30.2341],[77.9617,30.2424],[77.9515,30.2453],[77.9415,30.2398],[77.937,30.2492],[77.894,30.2654],[77.8796,30.262],[77.8465,30.2717],[77.8472,30.2766],[77.839,30.2746],[77.7612,30.3183],[77.7218,30.3303],[77.6904,30.376],[77.6781,30.3757],[77.6765,30.3878],[77.6597,30.3906],[77.6566,30.401],[77.6473,30.4048],[77.6292,30.398],[77.6229,30.4052],[77.6017,30.3997],[77.5904,30.4063],[77.576,30.3974],[77.5724,30.408],[77.5961,30.4273],[77.6227,30.4347],[77.6433,30.4319],[77.6524,30.4481],[77.6902,30.4481],[77.721,30.4731],[77.7394,30.4761],[77.7831,30.5006],[77.815,30.5052],[77.8202,30.525],[77.8273,30.5292],[77.8178,30.5611],[77.7941,30.5532],[77.7836,30.5599],[77.774,30.5579],[77.7566,30.5857],[77.7431,30.5932],[77.7461,30.6039],[77.7717,30.597],[77.7711,30.6164],[77.7963,30.6137],[77.7861,30.6245],[77.7906,30.6341],[77.7812,30.6467],[77.7925,30.6587],[77.7474,30.6799],[77.7469,30.6945],[77.7558,30.707],[77.7366,30.7242],[77.7332,30.7354],[77.7024,30.746],[77.709,30.7525],[77.7038,30.7652],[77.7214,30.7758],[77.7484,30.8217],[77.7613,30.8261],[77.744,30.8466],[77.7572,30.86],[77.7582,30.8769],[77.7734,30.8776],[77.7792,30.8604],[77.8057,30.8533],[77.7989,30.8681],[77.8014,30.8934],[77.8153,30.9044],[77.8133,30.9219],[77.7628,30.9182],[77.7639,30.9305],[77.7527,30.9339],[77.7488,30.9522],[77.7541,30.9645],[77.771,30.9744],[77.7901,30.9705],[77.8244,30.9506],[77.8383,30.9542],[77.8144,30.9618],[77.8242,30.9885],[77.8318,30.994],[77.822,31.0043],[77.825,31.0099],[77.8099,31.011],[77.8075,31.0163],[77.8114,31.0317],[77.8298,31.0288],[77.8114,31.0592],[77.8244,31.0555],[77.8381,31.0727],[77.8512,31.0734],[77.8637,31.094],[77.8638,31.1086],[77.8891,31.1196],[77.889,31.133],[77.9004,31.1423],[77.9013,31.1519],[77.9248,31.1505],[77.9673,31.1734],[77.9847,31.157],[78.0008,31.162],[78.0303,31.151],[78.0297,31.1642],[78.0426,31.1786],[78.066,31.1872],[78.1036,31.1854],[78.1334,31.2084],[78.1477,31.2106],[78.1602,31.2255],[78.187,31.2271],[78.1995,31.2173],[78.2124,31.2196],[78.2203,31.234],[78.247,31.2305],[78.2495,31.2401],[78.2605,31.2398],[78.2829,31.2663],[78.3063,31.26],[78.3112,31.2832],[78.3319,31.2777],[78.3703,31.2864],[78.3835,31.2825],[78.3863,31.2715],[78.3962,31.2754],[78.4072,31.2563],[78.4028,31.2479],[78.407,31.2422],[78.4259,31.2443],[78.4343,31.2546],[78.4557,31.2411],[78.4798,31.2138],[78.4838,31.199],[78.5516,31.2],[78.5782,31.2253],[78.6093,31.2293],[78.626,31.2179],[78.647,31.2148],[78.658,31.1851],[78.6719,31.1969],[78.6868,31.1978],[78.7034,31.1891],[78.7652,31.1858],[78.8099,31.1983],[78.8174,31.1897],[78.8107,31.1719],[78.8249,31.1636],[78.8312,31.1407],[78.848,31.1252],[78.8652,31.1201],[78.8854,31.0988],[78.9086,31.0989],[78.9206,31.1108],[78.9322,31.1007],[78.9507,31.098],[78.973,31.1081],[79.0089,31.11],[78.9996,31.1347],[78.9876,31.1433],[78.9859,31.1739],[78.9575,31.1867],[78.9438,31.2065],[78.9477,31.2168],[78.929,31.217],[78.9161,31.2487],[78.8861,31.2686],[78.8812,31.2843],[78.8994,31.2612],[78.927,31.2554],[78.9394,31.3265],[78.9511,31.3372],[79.0108,31.3571],[79.0176,31.3856],[79.0515,31.4198],[79.0543,31.4515],[79.0679,31.4615]]]}},{"type":"Feature","properties":{"name":"Uttar Pradesh"},"geometry":{"type":"Polygon","coordinates":[[[77.5919,30.4063],[77.6017,30.3997],[77.6229,30.4052],[77.6292,30.398],[77.6473,30.4048],[77.6572,30.4007],[77.6597,30.3906],[77.6765,30.3878],[77.6781,30.3757],[77.6904,30.376],[77.7218,30.3303],[77.7612,30.3183],[77.839,30.2746],[77.8472,30.2766],[77.8465,30.2717],[77.8796,30.262],[77.894,30.2654],[77.937,30.2492],[77.9415,30.2398],[77.9515,30.2453],[77.9617,30.2424],[77.9469,30.2341],[77.9321,30.2144],[77.9189,30.2113],[77.912,30.1826],[77.8812,30.1508],[77.8604,30.1132],[77.8368,30.1036],[77.828,30.086],[77.8012,30.0955],[77.7984,30.0836],[77.7711,30.0481],[77.77,30.0426],[77.7855,30.0279],[77.782,30.0187],[77.762,30.0094],[77.7642,30.0045],[77.7554,29.9991],[77.7604,29.9952],[77.7437,29.9834],[77.7333,29.956],[77.7484,29.9517],[77.7305,29.9317],[77.7429,29.925],[77.7478,29.9112],[77.7293,29.9006],[77.7319,29.8928],[77.7227,29.8845],[77.716,29.8859],[77.7208,29.8762],[77.7143,29.8695],[77.7234,29.8551],[77.7419,29.8519],[77.7402,29.8348],[77.759,29.8186],[77.7516,29.8107],[77.7747,29.7911],[77.7724,29.78],[77.7779,29.775],[77.7731,29.7687],[77.7804,29.7651],[77.7695,29.7454],[77.7827,29.7363],[77.7697,29.7176],[77.8105,29.7024],[77.799,29.6862],[77.83,29.6683],[77.8557,29.6801],[77.8628,29.6895],[77.8747,29.6873],[77.8826,29.7025],[77.9125,29.696],[77.9264,29.7143],[77.947,29.7125],[77.951,29.7016],[77.9399,29.6961],[77.9509,29.6874],[77.9494,29.6798],[77.97,29.6665],[77.9664,29.6502],[77.9838,29.6437],[77.9777,29.6135],[77.9484,29.617],[77.9333,29.6006],[77.9671,29.5802],[77.9864,29.5844],[77.9952,29.5958],[78.0008,29.5863],[78.0216,29.5809],[78.0152,29.5873],[78.0183,29.5982],[78.0331,29.6117],[78.0488,29.6147],[78.0575,29.6307],[78.0867,29.6251],[78.0815,29.6352],[78.1305,29.6526],[78.1716,29.6916],[78.1805,29.6969],[78.196,29.6927],[78.2039,29.7373],[78.2598,29.7384],[78.3357,29.7967],[78.3928,29.7674],[78.4285,29.7645],[78.4556,29.7452],[78.501,29.733],[78.5165,29.7194],[78.5215,29.6579],[78.5327,29.6388],[78.5804,29.5864],[78.6177,29.5581],[78.6505,29.546],[78.7063,29.5027],[78.745,29.5008],[78.7997,29.4646],[78.9187,29.4343],[78.9423,29.4386],[78.9257,29.426],[78.9118,29.3938],[78.8873,29.3731],[78.8777,29.375],[78.8787,29.366],[78.8519,29.3604],[78.856,29.3498],[78.8499,29.3449],[78.8275,29.3543],[78.8303,29.3681],[78.8247,29.3672],[78.8105,29.3402],[78.7999,29.3346],[78.8047,29.3193],[78.7982,29.3191],[78.7959,29.3118],[78.7896,29.3153],[78.7935,29.3282],[78.7775,29.3258],[78.7666,29.3374],[78.7538,29.3313],[78.7503,29.3174],[78.7407,29.3158],[78.7337,29.3219],[78.7345,29.303],[78.7186,29.3067],[78.7227,29.2994],[78.7345,29.2996],[78.765,29.2793],[78.7738,29.262],[78.8076,29.2366],[78.8201,29.2321],[78.8382,29.2426],[78.8496,29.2328],[78.8583,29.2419],[78.8586,29.233],[78.8745,29.2302],[78.8718,29.2226],[78.8833,29.2115],[78.8752,29.2052],[78.8906,29.2012],[78.8868,29.1951],[78.8964,29.1936],[78.8997,29.1859],[78.8946,29.1858],[78.9088,29.1786],[78.9017,29.1696],[78.9091,29.1636],[78.9064,29.1518],[78.9154,29.1528],[78.9111,29.1445],[78.9188,29.1356],[78.9063,29.1251],[78.927,29.1182],[78.9347,29.1297],[78.9564,29.1199],[78.9642,29.1305],[78.9729,29.127],[78.9823,29.1431],[78.9913,29.1307],[79.0042,29.1259],[79.0082,29.112],[79.0142,29.1167],[79.0267,29.1125],[79.0406,29.1277],[79.0169,29.1308],[79.0178,29.1539],[79.0238,29.1556],[79.0374,29.1449],[79.0394,29.1585],[79.0291,29.1642],[79.0358,29.1694],[79.0537,29.1549],[79.0749,29.1517],[79.1119,29.128],[79.1195,29.1258],[79.1269,29.1327],[79.1535,29.1152],[79.1425,29.067],[79.1619,29.049],[79.1751,29.0463],[79.1624,29.0293],[79.1653,29.0178],[79.1758,29.0158],[79.1711,29.0119],[79.1938,29.0156],[79.1908,29.0232],[79.2037,29.0208],[79.2117,29.0276],[79.251,29.0103],[79.2478,29.0034],[79.2591,28.9924],[79.3073,28.9665],[79.3119,28.9771],[79.3647,28.9681],[79.3621,28.9815],[79.3724,28.9875],[79.3853,28.9518],[79.3907,28.9474],[79.408,28.952],[79.419,28.9401],[79.4158,28.9279],[79.428,28.9198],[79.4222,28.9014],[79.431,28.8868],[79.4256,28.8665],[79.4417,28.8617],[79.4516,28.8717],[79.4772,28.8646],[79.4787,28.8712],[79.4968,28.8729],[79.5218,28.8648],[79.5331,28.8697],[79.5565,28.8993],[79.5843,28.8792],[79.5735,28.8547],[79.5844,28.8463],[79.6039,28.8569],[79.6133,28.8529],[79.6261,28.8667],[79.6309,28.8612],[79.6561,28.8698],[79.6819,28.8568],[79.69,28.8454],[79.7067,28.841],[79.7096,28.8511],[79.7199,28.8457],[79.7264,28.861],[79.7365,28.8563],[79.7457,28.86],[79.7491,28.8718],[79.7835,28.8713],[79.7951,28.8853],[79.818,28.8878],[79.8293,28.8845],[79.8331,28.8708],[79.8447,28.8751],[79.8496,28.8593],[79.8406,28.8477],[79.8308,28.8553],[79.8368,28.84],[79.8238,28.8391],[79.8313,28.8308],[79.8372,28.8324],[79.8243,28.8073],[79.819,28.8055],[79.8165,28.817],[79.8088,28.8001],[79.8139,28.7969],[79.8146,28.8026],[79.8269,28.795],[79.8454,28.8049],[79.8494,28.7997],[79.8529,28.8062],[79.8466,28.8105],[79.8529,28.8138],[79.8463,28.8232],[79.8614,28.8306],[79.8632,28.8403],[79.8717,28.8402],[79.8726,28.8316],[79.8785,28.8304],[79.8882,28.8366],[79.8941,28.8204],[79.9145,28.8185],[79.9108,28.8099],[79.9155,28.8043],[79.8785,28.8149],[79.8696,28.8084],[79.8731,28.7973],[79.9014,28.782],[79.9178,28.7824],[79.9265,28.79],[79.9398,28.7878],[79.9241,28.7732],[79.9432,28.7599],[79.9386,28.7504],[79.9542,28.7229],[80.0301,28.7487],[80.0617,28.7832],[80.0587,28.7884],[80.0681,28.8029],[80.0518,28.8204],[80.0647,28.8364],[80.0748,28.8245],[80.1181,28.829],[80.1707,28.7828],[80.216,28.7556],[80.2348,28.7594],[80.2566,28.7543],[80.2656,28.7436],[80.2565,28.7292],[80.2792,28.7097],[80.2935,28.7117],[80.3171,28.7001],[80.3257,28.6665],[80.3603,28.6458],[80.361,28.6353],[80.3764,28.6289],[80.4208,28.6399],[80.4519,28.6289],[80.4637,28.6161],[80.472,28.591],[80.4687,28.5835],[80.4814,28.5853],[80.5058,28.5685],[80.5176,28.552],[80.5306,28.5726],[80.5215,28.5767],[80.5059,28.6708],[80.5395,28.6908],[80.5905,28.68],[80.5802,28.6615],[80.5974,28.656],[80.5894,28.648],[80.6062,28.6524],[80.6116,28.6395],[80.6333,28.6375],[80.6414,28.6433],[80.6513,28.6341],[80.6676,28.6422],[80.6708,28.6279],[80.6797,28.6211],[80.6775,28.6044],[80.6958,28.6035],[80.6904,28.5876],[80.7145,28.5684],[80.7244,28.5753],[80.7385,28.5664],[80.7383,28.5748],[80.7686,28.5659],[80.7697,28.5499],[80.7896,28.5434],[80.7846,28.5294],[80.7891,28.5245],[80.8154,28.5207],[80.8445,28.4958],[80.8556,28.4976],[80.8659,28.4896],[80.8615,28.5044],[80.8754,28.5107],[80.8961,28.507],[80.9087,28.4981],[80.9015,28.4863],[80.9056,28.4664],[80.9154,28.4576],[80.9141,28.4684],[80.9172,28.46],[80.9305,28.4578],[80.9426,28.4689],[80.932,28.4589],[80.9514,28.4558],[80.9517,28.4476],[80.9642,28.4496],[80.967,28.4572],[80.9802,28.4552],[80.9646,28.4448],[80.965,28.4379],[80.9788,28.4342],[80.9776,28.4424],[80.9889,28.4415],[80.9989,28.4531],[81.0168,28.4513],[81.0126,28.4378],[81.0193,28.4315],[81.0294,28.4388],[81.0342,28.4282],[81.0175,28.4155],[81.0338,28.3989],[81.0357,28.4136],[81.0797,28.3851],[81.2106,28.3608],[81.2345,28.3247],[81.2326,28.2891],[81.3209,28.1976],[81.3213,28.1689],[81.302,28.1648],[81.3121,28.1559],[81.3204,28.1603],[81.3281,28.1481],[81.3183,28.1452],[81.318,28.1337],[81.3711,28.1435],[81.3776,28.1566],[81.367,28.1631],[81.3735,28.1773],[81.4177,28.1737],[81.4467,28.161],[81.4499,28.1409],[81.484,28.1186],[81.4783,28.0827],[81.5474,28.0493],[81.624,28.0016],[81.6438,27.9936],[81.6984,27.9882],[81.8049,27.9033],[81.8341,27.8972],[81.885,27.857],[81.9001,27.8536],[81.9258,27.8598],[81.9252,27.8753],[81.9683,27.9291],[82.07,27.9236],[82.1214,27.8658],[82.1485,27.8584],[82.154,27.8668],[82.2083,27.8436],[82.2304,27.8211],[82.3035,27.7728],[82.3677,27.7429],[82.4017,27.7037],[82.4487,27.6793],[82.4733,27.6767],[82.5166,27.6906],[82.5413,27.6857],[82.5941,27.6974],[82.6052,27.7061],[82.6189,27.7023],[82.6273,27.7114],[82.6552,27.7135],[82.6643,27.7226],[82.6658,27.7159],[82.6809,27.7139],[82.6991,27.722],[82.7051,27.7166],[82.7077,27.7229],[82.7061,27.7017],[82.7183,27.6874],[82.7115,27.6653],[82.7256,27.6586],[82.7289,27.6458],[82.7366,27.6435],[82.7367,27.626],[82.7311,27.6239],[82.7365,27.6224],[82.7351,27.6099],[82.7558,27.5878],[82.7474,27.5725],[82.7508,27.5649],[82.7435,27.5603],[82.7469,27.5556],[82.7378,27.5466],[82.7496,27.5226],[82.7368,27.5179],[82.7355,27.5024],[82.8014,27.4964],[82.8325,27.5019],[82.9293,27.5012],[82.9541,27.4677],[83.0346,27.4487],[83.1879,27.4543],[83.2188,27.4162],[83.2722,27.3833],[83.2654,27.3654],[83.2724,27.3526],[83.2916,27.3349],[83.3176,27.3302],[83.3178,27.3374],[83.3372,27.3326],[83.3592,27.3433],[83.3579,27.3507],[83.3738,27.3572],[83.3746,27.37],[83.3877,27.3756],[83.3845,27.3902],[83.4023,27.4009],[83.4093,27.4128],[83.3839,27.4363],[83.3835,27.4422],[83.3976,27.4482],[83.4017,27.4575],[83.4024,27.4662],[83.3883,27.4708],[83.3922,27.4759],[83.3882,27.4798],[83.6143,27.4694],[83.8318,27.3704],[83.8638,27.3468],[83.8623,27.3353],[83.8368,27.3222],[83.8456,27.3152],[83.8531,27.3171],[83.8592,27.3083],[83.8715,27.3072],[83.9025,27.3262],[83.9258,27.3215],[83.9344,27.2996],[83.9059,27.2749],[83.9053,27.2574],[83.9122,27.2457],[83.9538,27.2361],[83.9702,27.224],[83.9675,27.2095],[83.987,27.1975],[83.9942,27.1751],[83.9788,27.1648],[83.9591,27.1369],[83.9629,27.1277],[83.9477,27.1125],[83.9465,27.0908],[83.9645,27.0841],[84.0165,27.1054],[84.0304,27.0976],[84.0167,27.0718],[84.0001,27.0686],[84.0314,27.0456],[84.0496,27.0432],[84.0374,27.0091],[84.0567,26.9897],[84.0458,26.9823],[84.0538,26.9753],[84.0549,26.9601],[84.0322,26.9412],[84.0466,26.9392],[84.0433,26.9318],[84.0534,26.9297],[84.06,26.9202],[84.0524,26.9064],[84.0603,26.8881],[84.0815,26.8774],[84.0944,26.8816],[84.0982,26.8759],[84.1105,26.8986],[84.118,26.8877],[84.1291,26.8932],[84.1313,26.8844],[84.1465,26.8854],[84.1407,26.8527],[84.1662,26.8338],[84.1818,26.8335],[84.1902,26.8585],[84.2196,26.8716],[84.2541,26.8565],[84.261,26.8303],[84.2503,26.8193],[84.257,26.8182],[84.2599,26.8044],[84.2485,26.7709],[84.2326,26.7537],[84.2407,26.7387],[84.2561,26.7267],[84.2861,26.7501],[84.3061,26.7495],[84.3261,26.7141],[84.3304,26.6839],[84.4106,26.6701],[84.41,26.6469],[84.42,26.6268],[84.3863,26.6216],[84.3795,26.6145],[84.3544,26.6198],[84.3256,26.6114],[84.3074,26.6163],[84.3004,26.6038],[84.286,26.6057],[84.2815,26.5995],[84.2012,26.6247],[84.1603,26.6245],[84.1587,26.6362],[84.112,26.6306],[84.0866,26.6391],[84.0891,26.603],[84.0607,26.5682],[84.0565,26.5445],[84.0478,26.5362],[84.0245,26.5321],[84.0086,26.5217],[83.9925,26.533],[83.9766,26.5334],[83.9712,26.5075],[83.951,26.509],[83.9529,26.5177],[83.9402,26.5252],[83.9167,26.5166],[83.9081,26.5191],[83.907,26.5091],[83.9153,26.5028],[83.9081,26.4471],[83.9915,26.4322],[83.998,26.4464],[84.0174,26.4476],[84.034,26.4117],[84.0637,26.4008],[84.0683,26.3884],[84.0793,26.3826],[84.1213,26.3851],[84.177,26.3706],[84.1728,26.3335],[84.1862,26.3129],[84.1748,26.2924],[84.177,26.265],[84.1617,26.2569],[84.1663,26.241],[84.1512,26.2578],[84.1207,26.2586],[84.1174,26.24],[84.0912,26.2337],[84.0865,26.2186],[84.0191,26.2388],[84.0123,26.232],[84.0163,26.222],[84.0311,26.2175],[84.029,26.1992],[84.009,26.1897],[84.0095,26.1754],[84.0338,26.1603],[84.0276,26.1423],[84.0498,26.1306],[84.049,26.1087],[84.056,26.1],[84.0888,26.1003],[84.1039,26.0927],[84.1377,26.052],[84.1726,26.0246],[84.1701,25.9877],[84.1761,25.9965],[84.1963,25.9879],[84.2071,25.9998],[84.2393,25.985],[84.245,25.9758],[84.2823,25.9588],[84.297,25.9452],[84.3119,25.9438],[84.354,25.9588],[84.3874,25.9373],[84.4119,25.9307],[84.4276,25.8912],[84.4602,25.8895],[84.4725,25.8817],[84.4895,25.8883],[84.5109,25.8714],[84.534,25.8762],[84.5439,25.8589],[84.5337,25.8641],[84.5232,25.8601],[84.5307,25.8534],[84.5305,25.8316],[84.5485,25.8285],[84.5508,25.8406],[84.6249,25.7919],[84.6236,25.7709],[84.6135,25.7759],[84.603,25.7619],[84.6295,25.7432],[84.6347,25.7279],[84.6005,25.7384],[84.5603,25.7369],[84.5646,25.7172],[84.5575,25.6795],[84.5355,25.6905],[84.5398,25.7268],[84.5346,25.7242],[84.5292,25.6827],[84.5202,25.675],[84.5076,25.6817],[84.4992,25.6748],[84.4918,25.6761],[84.4934,25.6906],[84.4706,25.6869],[84.4621,25.7089],[84.4528,25.7091],[84.4535,25.7139],[84.4442,25.7081],[84.4297,25.711],[84.4269,25.6931],[84.4067,25.6978],[84.4,25.7288],[84.3843,25.732],[84.3911,25.7449],[84.385,25.7468],[84.3778,25.7385],[84.3737,25.7436],[84.3751,25.7346],[84.3646,25.7418],[84.3367,25.7435],[84.3286,25.7311],[84.324,25.6703],[84.3167,25.6663],[84.3165,25.6716],[84.2872,25.6766],[84.2998,25.6645],[84.2765,25.6593],[84.2233,25.6624],[84.2058,25.6697],[84.1989,25.7022],[84.1547,25.7293],[84.1488,25.727],[84.1557,25.7239],[84.1431,25.7163],[84.1299,25.7178],[84.1353,25.724],[84.1416,25.722],[84.1399,25.7317],[84.1289,25.7237],[84.1045,25.721],[84.0892,25.7134],[84.075,25.6953],[84.0852,25.652],[84.0813,25.6364],[84.0174,25.6147],[83.9575,25.5701],[83.9246,25.5543],[83.9021,25.524],[83.8763,25.518],[83.8779,25.4992],[83.8568,25.4685],[83.8328,25.4576],[83.8249,25.4658],[83.8166,25.4627],[83.8129,25.4482],[83.842,25.4469],[83.8464,25.4343],[83.8016,25.4298],[83.8144,25.4212],[83.8079,25.4091],[83.7897,25.3967],[83.7728,25.3981],[83.769,25.3863],[83.755,25.3922],[83.7663,25.4009],[83.7451,25.4004],[83.7406,25.4106],[83.7324,25.3981],[83.7175,25.3975],[83.7102,25.386],[83.7017,25.3961],[83.6945,25.3889],[83.6966,25.3824],[83.6821,25.3786],[83.6938,25.3696],[83.6767,25.3643],[83.664,25.3728],[83.6644,25.3619],[83.656,25.3683],[83.658,25.3596],[83.6492,25.354],[83.6488,25.3392],[83.6338,25.3432],[83.6285,25.3285],[83.5963,25.3276],[83.5858,25.3153],[83.5763,25.315],[83.5738,25.3061],[83.5721,25.3146],[83.54,25.3158],[83.5373,25.3097],[83.5473,25.314],[83.5541,25.3085],[83.5384,25.3043],[83.5341,25.2973],[83.5235,25.3025],[83.527,25.293],[83.5153,25.2847],[83.509,25.2884],[83.5055,25.281],[83.5023,25.2874],[83.4914,25.2799],[83.4904,25.2895],[83.468,25.2523],[83.4622,25.2506],[83.4501,25.261],[83.4431,25.2545],[83.439,25.2578],[83.4363,25.2442],[83.4273,25.2536],[83.4268,25.2464],[83.4184,25.2506],[83.41,25.2466],[83.4137,25.2355],[83.4063,25.2377],[83.4093,25.2293],[83.4028,25.2244],[83.4039,25.2131],[83.4021,25.2091],[83.3977,25.2163],[83.3932,25.2043],[83.3863,25.2121],[83.382,25.2017],[83.3664,25.1953],[83.3573,25.1997],[83.3498,25.1849],[83.3564,25.1776],[83.3514,25.157],[83.3635,25.1535],[83.362,25.1327],[83.3674,25.1252],[83.3633,25.1112],[83.3501,25.1133],[83.3473,25.0868],[83.336,25.0614],[83.3428,25.0599],[83.3434,25.0509],[83.3358,25.0511],[83.3244,25.0373],[83.3203,25.0172],[83.3506,25.0087],[83.3433,24.9633],[83.3617,24.9536],[83.364,24.9136],[83.3547,24.9054],[83.3664,24.892],[83.3581,24.8889],[83.3696,24.8801],[83.3576,24.8705],[83.377,24.86],[83.3807,24.8477],[83.3969,24.8324],[83.402,24.8135],[83.394,24.8051],[83.3997,24.7966],[83.3913,24.7891],[83.3936,24.7822],[83.4281,24.7682],[83.4583,24.7315],[83.4894,24.7364],[83.4851,24.7016],[83.4987,24.7033],[83.4989,24.6948],[83.5204,24.6775],[83.504,24.6663],[83.5005,24.6512],[83.5202,24.641],[83.5298,24.643],[83.5247,24.6278],[83.5437,24.6283],[83.548,24.6228],[83.5419,24.6127],[83.5304,24.6124],[83.5236,24.6031],[83.5301,24.5673],[83.5223,24.5476],[83.4972,24.5391],[83.5033,24.5254],[83.4032,24.5039],[83.397,24.4969],[83.3982,24.4854],[83.3856,24.4512],[83.3942,24.4346],[83.4049,24.436],[83.4051,24.4048],[83.4345,24.4007],[83.4336,24.3933],[83.4573,24.3645],[83.4452,24.3588],[83.4327,24.3382],[83.4115,24.3398],[83.3804,24.3138],[83.3863,24.2988],[83.4072,24.2888],[83.4091,24.2663],[83.3977,24.2438],[83.3788,24.2303],[83.3847,24.2205],[83.3787,24.2107],[83.383,24.1979],[83.362,24.1564],[83.3541,24.1249],[83.3343,24.1041],[83.3215,24.106],[83.3077,24.082],[83.2995,24.0789],[83.2821,24.0497],[83.2791,24.0182],[83.2637,24.0092],[83.2519,24.0149],[83.2426,24.0116],[83.2425,23.9971],[83.2236,23.9866],[83.2269,23.9779],[83.2186,23.9689],[83.2232,23.9581],[83.216,23.9379],[83.2039,23.9286],[83.208,23.9214],[83.1985,23.914],[83.1898,23.9173],[83.1595,23.9074],[83.1415,23.8849],[83.0914,23.8715],[83.0353,23.8796],[82.9479,23.8714],[82.9367,23.877],[82.9273,23.8923],[82.8847,23.9088],[82.8653,23.9264],[82.8611,23.9389],[82.837,23.9568],[82.8268,23.9623],[82.8126,23.9599],[82.8022,23.9793],[82.8086,23.9861],[82.8039,24.0035],[82.7513,24.0119],[82.7473,24.0269],[82.7663,24.0464],[82.7741,24.0759],[82.7644,24.0699],[82.76,24.0771],[82.7481,24.0705],[82.7331,24.0785],[82.7139,24.0745],[82.7071,24.0969],[82.6656,24.1242],[82.6671,24.1369],[82.6742,24.1407],[82.6705,24.147],[82.678,24.1529],[82.6917,24.15],[82.7003,24.1391],[82.7281,24.1356],[82.7294,24.1481],[82.7444,24.1656],[82.7347,24.2173],[82.7589,24.2367],[82.7556,24.2608],[82.771,24.2951],[82.7728,24.3076],[82.7655,24.316],[82.7712,24.3284],[82.7666,24.3304],[82.7687,24.3422],[82.7733,24.3438],[82.7644,24.3549],[82.7697,24.3699],[82.7644,24.3761],[82.7559,24.3698],[82.7254,24.3681],[82.7135,24.3803],[82.7218,24.4136],[82.7398,24.4301],[82.7325,24.4313],[82.7365,24.4617],[82.73,24.4724],[82.7401,24.482],[82.7437,24.4963],[82.7207,24.5138],[82.7206,24.5287],[82.7311,24.5348],[82.7193,24.5524],[82.743,24.547],[82.7482,24.5613],[82.7681,24.5623],[82.801,24.5802],[82.8026,24.5982],[82.7654,24.5959],[82.7795,24.614],[82.7719,24.6216],[82.7738,24.6417],[82.7532,24.6368],[82.7323,24.6444],[82.728,24.6353],[82.7182,24.6348],[82.7179,24.6425],[82.7068,24.636],[82.6983,24.6469],[82.7016,24.675],[82.6711,24.6969],[82.5391,24.6477],[82.5293,24.6533],[82.5235,24.6762],[82.4937,24.671],[82.4796,24.6784],[82.4498,24.6746],[82.4533,24.6885],[82.4295,24.7026],[82.4064,24.6812],[82.4185,24.6519],[82.4091,24.6252],[82.4223,24.5994],[82.4161,24.5911],[82.3638,24.5976],[82.3388,24.6203],[82.3197,24.6061],[82.2985,24.6049],[82.3035,24.6537],[82.2961,24.6613],[82.303,24.6669],[82.2877,24.6662],[82.2856,24.6754],[82.2687,24.6834],[82.2628,24.6788],[82.2729,24.6746],[82.261,24.6615],[82.2551,24.6606],[82.2565,24.6685],[82.2492,24.6713],[82.2401,24.6696],[82.239,24.661],[82.2364,24.677],[82.2298,24.6816],[82.2501,24.6971],[82.2448,24.7304],[82.2554,24.7477],[82.2508,24.7698],[82.2461,24.7697],[82.2503,24.7614],[82.2456,24.7441],[82.2342,24.7606],[82.2248,24.7578],[82.2292,24.7451],[82.216,24.7545],[82.207,24.7473],[82.2176,24.7374],[82.2212,24.7219],[82.2138,24.7342],[82.1968,24.7379],[82.1775,24.7323],[82.1975,24.7467],[82.2032,24.7581],[82.1955,24.7641],[82.2,24.7687],[82.1965,24.7781],[82.2093,24.7717],[82.2179,24.7767],[82.2093,24.7784],[82.2162,24.7941],[82.1843,24.7956],[82.2036,24.8192],[82.1667,24.8009],[82.1789,24.795],[82.1678,24.7912],[82.1671,24.7854],[82.1387,24.7994],[82.1339,24.788],[82.1156,24.7844],[82.1122,24.8005],[82.0977,24.8161],[82.0454,24.8286],[82.017,24.846],[81.9716,24.8389],[81.9653,24.827],[81.9604,24.8367],[81.9442,24.8413],[81.938,24.8497],[81.9338,24.8707],[81.9079,24.8813],[81.9029,24.8917],[81.9197,24.9281],[81.9104,24.9374],[81.9041,24.9722],[81.9079,24.9801],[81.9015,24.9865],[81.9071,25.0062],[81.8957,25.0098],[81.9022,25.0004],[81.8914,24.9889],[81.8909,24.9957],[81.8537,25.0026],[81.8489,25.012],[81.8352,25.0173],[81.8323,25.0122],[81.8234,25.0175],[81.8107,25.0129],[81.8041,25.0019],[81.7927,25.0044],[81.7803,25.0196],[81.7588,25.0269],[81.755,25.0348],[81.7458,25.0335],[81.7315,25.0486],[81.7237,25.05],[81.7215,25.0382],[81.7134,25.0361],[81.6898,25.0389],[81.6936,25.0488],[81.6824,25.0612],[81.6672,25.0614],[81.6666,25.0751],[81.6524,25.0707],[81.6413,25.0567],[81.6335,25.0593],[81.6275,25.0524],[81.6117,25.0563],[81.6104,25.0612],[81.6173,25.0611],[81.6002,25.0742],[81.6409,25.0989],[81.6287,25.107],[81.633,25.1171],[81.6244,25.1199],[81.624,25.112],[81.6083,25.0959],[81.6101,25.1124],[81.5971,25.1189],[81.6024,25.1271],[81.5977,25.1312],[81.6145,25.1444],[81.6234,25.141],[81.6262,25.1607],[81.6156,25.1691],[81.6049,25.163],[81.5885,25.1658],[81.5955,25.1818],[81.5787,25.1908],[81.556,25.1836],[81.5404,25.1859],[81.5399,25.1807],[81.5145,25.1837],[81.5147,25.1736],[81.5366,25.1605],[81.5231,25.1482],[81.5311,25.1449],[81.5273,25.1381],[81.4996,25.1487],[81.4966,25.1292],[81.48,25.1322],[81.4903,25.1097],[81.5182,25.101],[81.5003,25.0964],[81.5016,25.0781],[81.4935,25.0802],[81.4912,25.0722],[81.4697,25.0794],[81.4649,25.0901],[81.4073,25.1051],[81.4476,25.1071],[81.4383,25.1305],[81.4061,25.1313],[81.4143,25.121],[81.3996,25.1194],[81.3928,25.1311],[81.371,25.1348],[81.3755,25.1417],[81.3606,25.1605],[81.3346,25.1692],[81.3196,25.1568],[81.3187,25.144],[81.3312,25.1147],[81.3214,25.1128],[81.3118,25.1376],[81.3135,25.1637],[81.2776,25.166],[81.2817,25.152],[81.2662,25.1396],[81.265,25.1173],[81.2521,25.1021],[81.267,25.0845],[81.2595,25.0757],[81.2689,25.0675],[81.264,25.0531],[81.2264,25.0016],[81.2131,25.0],[81.209,24.9926],[81.2209,24.9776],[81.2072,24.9645],[81.2145,24.9579],[81.2112,24.9461],[81.2197,24.9286],[81.2102,24.9226],[81.193,24.9253],[81.2072,24.9304],[81.1852,24.952],[81.1681,24.9552],[81.1602,24.9135],[81.1455,24.9103],[81.1396,24.8875],[81.0963,24.9212],[81.0871,24.9332],[81.0901,24.9455],[81.0848,24.9497],[81.0335,24.9526],[81.0259,24.9487],[81.0256,24.94],[81.0159,24.9513],[81.0289,24.9332],[81.0231,24.9276],[81.0132,24.9279],[81.0045,24.9371],[80.9867,24.9233],[80.9859,24.9325],[80.9741,24.9342],[80.9572,24.9178],[80.9589,24.9388],[80.9477,24.941],[80.9543,24.9535],[80.9467,24.9663],[80.8992,24.9486],[80.9068,24.9352],[80.8926,24.9453],[80.8607,24.9286],[80.8376,24.9283],[80.8358,24.9195],[80.8122,24.9225],[80.8202,24.933],[80.8083,24.9385],[80.8101,24.9527],[80.7923,24.9649],[80.824,24.9678],[80.8331,24.982],[80.8522,24.9887],[80.8552,25.004],[80.8318,25.0329],[80.8402,25.0334],[80.8464,25.0444],[80.8781,25.0655],[80.8765,25.0734],[80.8676,25.0753],[80.8796,25.0992],[80.8685,25.1157],[80.8789,25.1256],[80.8796,25.1383],[80.8948,25.134],[80.9129,25.1591],[80.9036,25.1596],[80.8823,25.1831],[80.8847,25.1879],[80.8694,25.1745],[80.8642,25.1824],[80.8442,25.1869],[80.8382,25.1805],[80.8491,25.1626],[80.8401,25.1562],[80.8365,25.1338],[80.8429,25.1124],[80.8299,25.1],[80.8267,25.1214],[80.812,25.1241],[80.8153,25.1317],[80.8083,25.1369],[80.7864,25.1294],[80.7782,25.1422],[80.7718,25.1324],[80.7539,25.1328],[80.742,25.1235],[80.7304,25.1466],[80.7184,25.1305],[80.7044,25.1284],[80.7077,25.1176],[80.7274,25.1185],[80.7255,25.0914],[80.7521,25.0925],[80.7572,25.082],[80.7834,25.0759],[80.7875,25.0617],[80.7762,25.0548],[80.7369,25.0529],[80.7291,25.0672],[80.7171,25.0691],[80.7195,25.0645],[80.7123,25.0587],[80.6796,25.0485],[80.6804,25.058],[80.6741,25.0605],[80.6838,25.0672],[80.6846,25.077],[80.673,25.0826],[80.6617,25.0676],[80.6591,25.0835],[80.641,25.0873],[80.6418,25.0921],[80.6404,25.0925],[80.6393,25.0872],[80.6289,25.0904],[80.6273,25.0833],[80.6075,25.0982],[80.6188,25.1002],[80.6271,25.1171],[80.6383,25.1167],[80.6289,25.1335],[80.6113,25.1279],[80.6127,25.1432],[80.6066,25.1503],[80.5968,25.1436],[80.595,25.1272],[80.6072,25.1179],[80.5976,25.114],[80.5924,25.1032],[80.5978,25.0889],[80.5924,25.0902],[80.5981,25.0793],[80.5982,25.0873],[80.6067,25.0867],[80.6132,25.0657],[80.5954,25.0794],[80.5684,25.0869],[80.5647,25.0704],[80.5454,25.0644],[80.5403,25.0719],[80.5215,25.0762],[80.5182,25.0947],[80.4828,25.1002],[80.4808,25.0929],[80.5068,25.084],[80.5034,25.073],[80.4964,25.0729],[80.5091,25.0587],[80.501,25.0515],[80.5006,25.0416],[80.5142,25.0434],[80.5461,25.0324],[80.5414,25.0167],[80.5495,25.0025],[80.4993,25.0062],[80.4926,24.9894],[80.4804,24.986],[80.4789,24.974],[80.4562,24.9816],[80.4624,25.0025],[80.4371,24.9945],[80.4368,25.0015],[80.4549,25.0057],[80.4525,25.0151],[80.4331,25.0237],[80.4545,25.0422],[80.4744,25.0305],[80.4956,25.0291],[80.5019,25.0372],[80.4889,25.0435],[80.4752,25.0379],[80.4636,25.068],[80.4515,25.0622],[80.4464,25.0711],[80.4527,25.0747],[80.4497,25.0785],[80.4331,25.0658],[80.4161,25.0732],[80.4169,25.063],[80.4087,25.0552],[80.4007,25.0696],[80.388,25.0509],[80.3736,25.0559],[80.3705,25.0427],[80.3854,25.0418],[80.3899,25.0356],[80.3779,25.027],[80.3965,25.0119],[80.3873,25.0043],[80.3785,25.0043],[80.3775,25.0195],[80.363,25.0236],[80.3574,25.0116],[80.352,25.0175],[80.3417,25.0134],[80.331,24.9922],[80.2998,25.0156],[80.2737,25.026],[80.2879,25.0381],[80.2849,25.054],[80.2906,25.0595],[80.3114,25.0442],[80.3316,25.0479],[80.3368,25.0591],[80.3437,25.0534],[80.3555,25.0557],[80.356,25.0616],[80.3458,25.0649],[80.3485,25.0866],[80.3705,25.0997],[80.3761,25.1164],[80.3548,25.1264],[80.3546,25.1384],[80.3766,25.1458],[80.3902,25.1584],[80.4199,25.1632],[80.4317,25.1776],[80.4078,25.218],[80.4034,25.244],[80.3963,25.2464],[80.3836,25.2373],[80.3568,25.2618],[80.3515,25.2772],[80.3255,25.2782],[80.3108,25.2864],[80.3227,25.3321],[80.3096,25.3544],[80.3203,25.366],[80.3154,25.3889],[80.2885,25.417],[80.2639,25.424],[80.2535,25.4008],[80.2362,25.4079],[80.2209,25.3967],[80.2062,25.4045],[80.2024,25.414],[80.1949,25.378],[80.169,25.3769],[80.1673,25.3639],[80.1488,25.357],[80.1311,25.3342],[80.089,25.3558],[80.0727,25.3368],[80.0335,25.342],[80.0185,25.3214],[80.0243,25.3118],[80.0223,25.2976],[79.9987,25.2856],[80.0048,25.2672],[79.9867,25.2674],[79.9808,25.2618],[79.9483,25.2686],[79.9366,25.2475],[79.9276,25.2496],[79.9175,25.2268],[79.9165,25.2446],[79.9075,25.2509],[79.9021,25.2408],[79.8779,25.251],[79.8645,25.2363],[79.8514,25.2356],[79.8527,25.2251],[79.8686,25.2165],[79.856,25.194],[79.8651,25.188],[79.8632,25.1771],[79.8701,25.1723],[79.8665,25.1498],[79.8815,25.142],[79.8661,25.1411],[79.8516,25.1285],[79.848,25.1105],[79.8615,25.0962],[79.8287,25.0993],[79.824,25.1082],[79.8083,25.11],[79.7485,25.1397],[79.7172,25.1288],[79.6833,25.1351],[79.6731,25.1205],[79.6495,25.1297],[79.6415,25.1269],[79.6227,25.1405],[79.6214,25.1351],[79.6001,25.1278],[79.6065,25.1524],[79.596,25.1433],[79.5815,25.1511],[79.5754,25.17],[79.5692,25.1718],[79.5516,25.1609],[79.5332,25.1337],[79.518,25.1268],[79.525,25.0974],[79.5054,25.0954],[79.4915,25.0796],[79.4651,25.088],[79.4772,25.1275],[79.4402,25.1014],[79.4263,25.119],[79.4053,25.1062],[79.3933,25.1172],[79.3962,25.1284],[79.3877,25.1303],[79.3908,25.1412],[79.384,25.1428],[79.3903,25.1701],[79.4118,25.1826],[79.4122,25.2003],[79.4404,25.1989],[79.449,25.2149],[79.4328,25.2206],[79.447,25.2445],[79.4571,25.2486],[79.4625,25.2647],[79.4931,25.2621],[79.4945,25.2669],[79.4819,25.2686],[79.4793,25.2784],[79.4672,25.2833],[79.4586,25.2798],[79.4629,25.2716],[79.4367,25.2547],[79.4087,25.2561],[79.4076,25.2739],[79.3686,25.2924],[79.3673,25.2811],[79.3739,25.2725],[79.3699,25.26],[79.3629,25.2617],[79.3553,25.2659],[79.3583,25.2842],[79.3361,25.2881],[79.3466,25.3051],[79.3397,25.3112],[79.3413,25.3189],[79.3522,25.3298],[79.2998,25.3377],[79.2957,25.3236],[79.279,25.324],[79.2705,25.3097],[79.2645,25.2689],[79.2735,25.2606],[79.2826,25.2621],[79.2938,25.2836],[79.3165,25.256],[79.3285,25.2569],[79.3352,25.2697],[79.3509,25.2639],[79.3439,25.2273],[79.333,25.228],[79.3521,25.2122],[79.3385,25.198],[79.3283,25.2098],[79.3287,25.2213],[79.3105,25.223],[79.2995,25.2397],[79.2794,25.2447],[79.2862,25.2264],[79.2847,25.1911],[79.2922,25.1842],[79.3015,25.2014],[79.3085,25.1982],[79.3102,25.1821],[79.3044,25.1781],[79.3232,25.1498],[79.3153,25.1471],[79.3136,25.1361],[79.307,25.1293],[79.2868,25.1314],[79.283,25.1173],[79.2781,25.1175],[79.26,25.1252],[79.2689,25.1384],[79.2605,25.1532],[79.2459,25.1335],[79.2481,25.116],[79.2404,25.1131],[79.2274,25.1218],[79.2171,25.1107],[79.2038,25.1256],[79.2043,25.1399],[79.1922,25.1462],[79.1762,25.1401],[79.1746,25.1282],[79.1873,25.1264],[79.186,25.1149],[79.1779,25.1156],[79.1732,25.1081],[79.1439,25.1151],[79.1402,25.1089],[79.131,25.1094],[79.1235,25.1154],[79.1321,25.1274],[79.116,25.1399],[79.1259,25.1613],[79.0958,25.175],[79.0906,25.1911],[79.0714,25.1705],[79.0678,25.1496],[79.0508,25.1343],[79.0294,25.1406],[79.0368,25.1616],[79.0318,25.1643],[79.04,25.1712],[79.0309,25.1849],[79.0523,25.2077],[79.0485,25.1937],[79.052,25.1877],[79.0596,25.1907],[79.0636,25.222],[79.0335,25.2341],[79.0399,25.2429],[79.0222,25.2413],[79.0179,25.2495],[79.0256,25.2612],[79.0132,25.274],[78.9944,25.2732],[78.9748,25.2405],[78.9846,25.2396],[78.9829,25.2343],[79.0012,25.2337],[79.0059,25.195],[78.9928,25.1969],[78.9703,25.2164],[78.9631,25.2111],[78.9538,25.219],[78.9516,25.2128],[78.9343,25.2119],[78.9252,25.2045],[78.903,25.1704],[78.8804,25.1576],[78.8706,25.187],[78.8906,25.2144],[78.8695,25.2311],[78.8809,25.254],[78.8998,25.2431],[78.917,25.2736],[78.9451,25.2594],[78.9546,25.2614],[78.9487,25.2742],[78.9555,25.2828],[78.9799,25.279],[78.9574,25.3022],[78.9606,25.3451],[78.9477,25.3421],[78.9463,25.3339],[78.9279,25.3241],[78.9322,25.3359],[78.9225,25.3429],[78.9118,25.3326],[78.882,25.3436],[78.8813,25.3249],[78.8676,25.3256],[78.8627,25.3145],[78.8744,25.3087],[78.8718,25.2995],[78.8799,25.2858],[78.875,25.2784],[78.8666,25.2804],[78.8497,25.2288],[78.8428,25.2277],[78.8327,25.2525],[78.8095,25.2705],[78.8181,25.2831],[78.8184,25.299],[78.8286,25.3027],[78.8172,25.3067],[78.7988,25.2892],[78.7878,25.296],[78.7982,25.3139],[78.8193,25.3069],[78.8426,25.3366],[78.8472,25.3368],[78.8462,25.327],[78.8499,25.3349],[78.841,25.345],[78.8457,25.3556],[78.8802,25.3859],[78.9138,25.3843],[78.9178,25.3962],[78.9531,25.4001],[78.9575,25.3937],[78.9383,25.3748],[78.9159,25.3814],[78.8964,25.3741],[78.9013,25.3616],[78.9232,25.3588],[78.9387,25.347],[78.9592,25.3715],[78.9752,25.3661],[78.9893,25.374],[78.9875,25.3813],[78.9699,25.3901],[78.9738,25.3979],[78.9684,25.4046],[78.9763,25.42],[78.9672,25.4344],[78.9509,25.4406],[78.9383,25.4222],[78.9089,25.4424],[78.924,25.4595],[78.9361,25.4616],[78.9439,25.4829],[78.9267,25.4901],[78.9422,25.4921],[78.92,25.5153],[78.9271,25.5248],[78.9364,25.5198],[78.9528,25.5375],[78.9475,25.5409],[78.9518,25.5488],[78.9394,25.5572],[78.9279,25.5498],[78.9234,25.5359],[78.9112,25.5552],[78.8826,25.554],[78.8743,25.541],[78.8864,25.5324],[78.8844,25.5156],[78.8415,25.5125],[78.835,25.5058],[78.8328,25.4995],[78.8423,25.499],[78.8401,25.4933],[78.8556,25.4884],[78.8662,25.4657],[78.8607,25.445],[78.8564,25.4468],[78.8441,25.4278],[78.828,25.4282],[78.8207,25.4387],[78.8549,25.4476],[78.8352,25.4548],[78.8409,25.4615],[78.8206,25.4678],[78.8092,25.4535],[78.8183,25.4717],[78.7916,25.4834],[78.7679,25.4694],[78.7476,25.4843],[78.7449,25.4994],[78.738,25.4948],[78.7321,25.4576],[78.7378,25.4494],[78.7523,25.4468],[78.7624,25.4269],[78.7707,25.4228],[78.7851,25.4358],[78.803,25.4371],[78.8214,25.4225],[78.7991,25.4229],[78.7958,25.4164],[78.7825,25.4157],[78.7749,25.4199],[78.7483,25.4098],[78.7484,25.3916],[78.768,25.4],[78.7569,25.3854],[78.7737,25.3761],[78.7659,25.3692],[78.7746,25.353],[78.7548,25.3515],[78.7528,25.3459],[78.7316,25.3487],[78.7267,25.3434],[78.7095,25.3513],[78.7147,25.373],[78.7052,25.3733],[78.6998,25.3819],[78.6947,25.3738],[78.6601,25.384],[78.6648,25.3933],[78.6585,25.4088],[78.6657,25.4154],[78.6745,25.3998],[78.7115,25.4281],[78.6891,25.4457],[78.6821,25.4335],[78.6582,25.441],[78.6411,25.4333],[78.6452,25.415],[78.6352,25.4007],[78.6253,25.4017],[78.6231,25.4134],[78.6106,25.416],[78.5914,25.3859],[78.5665,25.3908],[78.5619,25.3784],[78.5778,25.3817],[78.5872,25.3726],[78.585,25.3468],[78.5622,25.3409],[78.5524,25.356],[78.5364,25.3595],[78.5296,25.3534],[78.542,25.345],[78.5399,25.3279],[78.5531,25.3197],[78.5349,25.3109],[78.533,25.3009],[78.5104,25.2954],[78.5033,25.3015],[78.5043,25.3204],[78.4983,25.3201],[78.4729,25.2855],[78.4538,25.3013],[78.4403,25.2955],[78.435,25.2842],[78.4505,25.2621],[78.5034,25.2896],[78.5125,25.2767],[78.5317,25.284],[78.5346,25.2681],[78.5569,25.266],[78.578,25.2533],[78.5681,25.2408],[78.5558,25.2092],[78.5702,25.2239],[78.5705,25.2052],[78.6031,25.1469],[78.6022,25.0949],[78.6281,25.0862],[78.6526,25.0506],[78.644,24.9843],[78.6317,24.9577],[78.6522,24.948],[78.6519,24.9384],[78.6634,24.9384],[78.6672,24.9138],[78.6766,24.8986],[78.6967,24.8932],[78.7109,24.8797],[78.7222,24.8817],[78.7468,24.8652],[78.7539,24.8688],[78.77,24.859],[78.7759,24.8307],[78.7898,24.811],[78.787,24.8013],[78.7704,24.7884],[78.77,24.7581],[78.7766,24.7518],[78.7733,24.7312],[78.781,24.7061],[78.7712,24.6914],[78.7636,24.6903],[78.7611,24.6702],[78.7468,24.6627],[78.7439,24.6541],[78.752,24.6424],[78.752,24.6002],[78.7838,24.5886],[78.799,24.5944],[78.8032,24.6035],[78.8346,24.6046],[78.8433,24.6233],[78.8525,24.6247],[78.8598,24.6176],[78.868,24.64],[78.8832,24.6413],[78.8962,24.6257],[78.9006,24.6072],[78.9126,24.6002],[78.9201,24.5748],[78.9532,24.5469],[78.9437,24.5345],[78.9514,24.5187],[78.9472,24.5024],[78.9715,24.4942],[78.9635,24.4835],[78.9377,24.4788],[78.9272,24.4821],[78.9371,24.491],[78.9206,24.4997],[78.9122,24.4734],[78.9142,24.4596],[78.9399,24.4534],[78.9474,24.4366],[78.9858,24.4417],[78.9936,24.4227],[78.9698,24.3691],[78.9715,24.3476],[78.9412,24.3153],[78.9096,24.298],[78.9187,24.283],[78.9167,24.269],[78.8846,24.2505],[78.888,24.227],[78.8823,24.2175],[78.8604,24.2092],[78.8471,24.2139],[78.8265,24.1954],[78.8151,24.207],[78.8123,24.1807],[78.7928,24.1768],[78.7829,24.1892],[78.7811,24.206],[78.7674,24.2202],[78.7682,24.2519],[78.7619,24.2595],[78.7597,24.2442],[78.7486,24.233],[78.7404,24.235],[78.7413,24.2473],[78.7343,24.2525],[78.7256,24.2364],[78.7087,24.2343],[78.7031,24.2269],[78.6686,24.24],[78.6602,24.2674],[78.6385,24.2852],[78.6257,24.2806],[78.62,24.2929],[78.6285,24.3038],[78.6036,24.3145],[78.596,24.3353],[78.5843,24.3463],[78.5861,24.3537],[78.5732,24.351],[78.5299,24.3681],[78.5298,24.3789],[78.5186,24.3878],[78.5007,24.3893],[78.4744,24.3563],[78.478,24.339],[78.4439,24.3193],[78.4376,24.3086],[78.44,24.2959],[78.4307,24.2838],[78.4184,24.2849],[78.4116,24.2716],[78.4,24.272],[78.3895,24.2627],[78.3781,24.2841],[78.3479,24.2995],[78.3455,24.3145],[78.3292,24.3294],[78.3697,24.3749],[78.3658,24.386],[78.3489,24.3874],[78.3407,24.4021],[78.3219,24.4088],[78.2697,24.4469],[78.2642,24.4557],[78.275,24.4739],[78.2459,24.4861],[78.246,24.5095],[78.2254,24.5214],[78.2294,24.5375],[78.2645,24.5522],[78.278,24.6148],[78.2653,24.6314],[78.2627,24.646],[78.2767,24.663],[78.2575,24.7042],[78.2261,24.7469],[78.2357,24.7717],[78.2167,24.8086],[78.1976,24.8398],[78.1733,24.8467],[78.169,24.8626],[78.1735,24.879],[78.2106,24.8948],[78.2238,24.9153],[78.2946,24.9631],[78.3186,24.9908],[78.334,24.9949],[78.3474,25.0215],[78.3355,25.0666],[78.3386,25.0866],[78.3834,25.1017],[78.4068,25.1289],[78.4468,25.1218],[78.4479,25.1281],[78.4274,25.1459],[78.4273,25.154],[78.4479,25.1527],[78.4583,25.1637],[78.4516,25.1689],[78.4234,25.1693],[78.4166,25.1835],[78.3953,25.1879],[78.3913,25.2012],[78.4109,25.2127],[78.3821,25.2226],[78.3785,25.2387],[78.3598,25.2422],[78.3725,25.2599],[78.3501,25.2773],[78.3546,25.2923],[78.334,25.2924],[78.3117,25.3033],[78.3438,25.3285],[78.3375,25.3303],[78.3276,25.3526],[78.3008,25.3599],[78.3053,25.3768],[78.3168,25.3787],[78.3405,25.3995],[78.3389,25.431],[78.3545,25.452],[78.3777,25.4368],[78.395,25.4442],[78.4003,25.4636],[78.4165,25.4765],[78.4313,25.4736],[78.4287,25.4879],[78.4168,25.5018],[78.4188,25.509],[78.4288,25.5116],[78.4191,25.5181],[78.4194,25.5328],[78.4436,25.5632],[78.4494,25.5633],[78.451,25.5518],[78.4647,25.5455],[78.4669,25.5593],[78.4933,25.5787],[78.5241,25.5669],[78.5327,25.5717],[78.5447,25.5616],[78.5606,25.5591],[78.5692,25.5646],[78.5877,25.5566],[78.5979,25.5705],[78.6117,25.5699],[78.6108,25.578],[78.6181,25.5837],[78.6308,25.5789],[78.6242,25.5674],[78.6583,25.5599],[78.6789,25.5853],[78.6951,25.5878],[78.7173,25.6053],[78.7318,25.6063],[78.7422,25.597],[78.7662,25.6102],[78.7939,25.6124],[78.8118,25.6208],[78.8199,25.6486],[78.8167,25.6763],[78.7956,25.6967],[78.7999,25.7051],[78.7633,25.7199],[78.7529,25.7509],[78.7588,25.7545],[78.7704,25.7489],[78.7741,25.7595],[78.7829,25.7582],[78.8083,25.8009],[78.8287,25.7956],[78.8328,25.8096],[78.828,25.8144],[78.8197,25.816],[78.8141,25.8071],[78.8055,25.8136],[78.8182,25.8291],[78.8437,25.8234],[78.8506,25.8112],[78.8524,25.8565],[78.8646,25.8716],[78.8765,25.8759],[78.8873,25.8686],[78.8901,25.8745],[78.887,25.8832],[78.895,25.8951],[78.8846,25.9139],[78.8986,25.9179],[78.9083,25.9345],[78.9267,25.9468],[78.939,25.9427],[78.9305,25.9589],[78.9376,25.9645],[78.9332,25.9793],[78.9435,25.9789],[78.9532,25.9891],[78.9483,25.9932],[78.9568,25.9965],[78.9445,26.0063],[78.9535,26.0152],[78.9483,26.0278],[78.974,26.0448],[78.9734,26.0507],[78.9802,26.0481],[78.9862,26.0537],[78.9907,26.0688],[79.0028,26.0666],[79.0121,26.0832],[79.0087,26.0932],[78.9936,26.0937],[78.9756,26.1052],[78.9769,26.116],[78.9489,26.1287],[78.9629,26.1365],[78.967,26.1501],[79.0049,26.1481],[79.0045,26.1692],[78.983,26.1843],[78.9937,26.1969],[79.0265,26.1913],[79.0201,26.1982],[79.0278,26.2033],[79.0258,26.2201],[78.9894,26.235],[79.0194,26.2476],[79.0307,26.2393],[79.0349,26.2253],[79.0634,26.2259],[79.0624,26.2365],[79.0697,26.2457],[79.0543,26.2503],[79.0456,26.2603],[79.0557,26.2589],[79.0647,26.2771],[79.077,26.2807],[79.0907,26.2701],[79.0965,26.2785],[79.0899,26.2878],[79.1019,26.3068],[79.1186,26.3004],[79.1249,26.3116],[79.1155,26.3205],[79.1252,26.3271],[79.1274,26.3219],[79.135,26.3248],[79.1326,26.3353],[79.1388,26.3375],[79.1163,26.3498],[79.0891,26.3547],[79.0842,26.3624],[79.0964,26.3724],[79.089,26.3965],[79.0952,26.4126],[79.1047,26.4064],[79.126,26.4113],[79.1243,26.4226],[79.1352,26.4401],[79.0997,26.4526],[79.0952,26.4424],[79.0872,26.4463],[79.0699,26.4419],[79.062,26.4538],[79.0526,26.4537],[79.0717,26.4789],[79.0681,26.4966],[79.0563,26.4951],[79.0449,26.5103],[79.0486,26.518],[79.0397,26.5151],[79.0398,26.5299],[79.0266,26.5357],[79.0283,26.5467],[79.0189,26.541],[79.0077,26.5439],[79.0144,26.5507],[79.0072,26.5655],[79.0002,26.5784],[78.9899,26.579],[78.9891,26.5956],[79.0165,26.6007],[79.0084,26.6238],[78.9936,26.641],[79.0088,26.6649],[79.0048,26.6733],[78.9799,26.6758],[78.9455,26.6548],[78.9426,26.6641],[78.9575,26.6828],[78.9556,26.6918],[78.9097,26.707],[78.8932,26.6975],[78.8717,26.6981],[78.8159,26.7624],[78.7719,26.7701],[78.7517,26.7869],[78.73,26.7751],[78.7256,26.7959],[78.6835,26.7883],[78.6729,26.7645],[78.63,26.7732],[78.6083,26.7497],[78.5762,26.7488],[78.5646,26.7616],[78.5445,26.7639],[78.521,26.7806],[78.4607,26.7876],[78.4335,26.8257],[78.3952,26.8171],[78.3743,26.8609],[78.3629,26.8688],[78.2835,26.8545],[78.2733,26.842],[78.273,26.8163],[78.261,26.8136],[78.2191,26.8335],[78.2202,26.8438],[78.2127,26.8461],[78.1968,26.8795],[78.2026,26.8817],[78.2086,26.8689],[78.2326,26.8743],[78.2371,26.889],[78.2591,26.8968],[78.2718,26.9176],[78.255,26.9353],[78.2546,26.9258],[78.2386,26.9267],[78.2374,26.936],[78.2242,26.9465],[78.2101,26.9312],[78.172,26.9482],[78.1565,26.9432],[78.1445,26.9499],[78.1186,26.947],[78.1118,26.9398],[78.1228,26.9345],[78.1218,26.9226],[78.1052,26.9268],[78.1016,26.917],[78.1124,26.9036],[78.1112,26.8959],[78.1002,26.9049],[78.0944,26.9033],[78.096,26.8938],[78.067,26.9114],[78.0641,26.9065],[78.0488,26.9101],[78.0502,26.8758],[78.056,26.8684],[78.0447,26.87],[78.0265,26.8495],[78.021,26.8575],[78.0355,26.8708],[78.0242,26.8726],[78.0302,26.886],[78.0146,26.9029],[78.0022,26.9029],[77.9872,26.8894],[77.9723,26.8961],[77.9713,26.9059],[77.9484,26.8936],[77.9397,26.9068],[77.9156,26.9074],[77.9156,26.9142],[77.9064,26.9178],[77.9089,26.8906],[77.9043,26.8833],[77.8965,26.884],[77.8776,26.9024],[77.8502,26.9128],[77.8102,26.9242],[77.793,26.9171],[77.7805,26.9299],[77.7598,26.9325],[77.7532,26.9169],[77.7324,26.9202],[77.7249,26.9104],[77.7176,26.8973],[77.727,26.8902],[77.7226,26.8743],[77.7065,26.8769],[77.6976,26.8674],[77.6866,26.8753],[77.6764,26.8685],[77.6747,26.8576],[77.6204,26.8428],[77.6182,26.832],[77.6103,26.8286],[77.6084,26.8391],[77.5745,26.8209],[77.5257,26.8189],[77.517,26.8258],[77.5207,26.8415],[77.5012,26.8445],[77.5007,26.817],[77.4875,26.7882],[77.4889,26.779],[77.5028,26.7693],[77.4852,26.748],[77.4546,26.7419],[77.4704,26.7647],[77.4669,26.7737],[77.4544,26.778],[77.4418,26.7686],[77.4313,26.7711],[77.4459,26.8147],[77.4221,26.841],[77.4308,26.8488],[77.4273,26.8641],[77.4381,26.8631],[77.4484,26.8753],[77.459,26.8729],[77.4603,26.8859],[77.4902,26.9005],[77.5832,26.9242],[77.5922,26.9403],[77.6021,26.9333],[77.6609,26.9712],[77.6722,26.96],[77.6762,26.9732],[77.6995,26.9751],[77.7224,26.9879],[77.7435,26.9832],[77.7457,26.9951],[77.7586,26.997],[77.7503,27.0019],[77.7614,27.0],[77.763,27.0069],[77.7569,27.0101],[77.7595,27.018],[77.7495,27.0212],[77.751,27.029],[77.7377,27.0298],[77.7301,26.9939],[77.7119,26.9971],[77.7053,27.0038],[77.7057,27.0145],[77.6896,27.0267],[77.6931,27.0409],[77.6798,27.0471],[77.6656,27.0173],[77.6422,27.0257],[77.63,27.0102],[77.6235,27.022],[77.6018,27.0225],[77.5968,27.0327],[77.5792,27.0382],[77.5632,27.0294],[77.5753,27.0564],[77.5772,27.0683],[77.5717,27.0719],[77.5536,27.076],[77.5416,27.0626],[77.5193,27.0666],[77.5264,27.0846],[77.5054,27.0923],[77.5177,27.1025],[77.5376,27.0983],[77.5503,27.1113],[77.5978,27.118],[77.6045,27.1243],[77.599,27.1435],[77.6137,27.1506],[77.61,27.1629],[77.62,27.1736],[77.6379,27.1639],[77.6584,27.1701],[77.6811,27.1944],[77.6656,27.209],[77.6467,27.2102],[77.6528,27.2349],[77.6429,27.2349],[77.6455,27.2433],[77.6332,27.2581],[77.6164,27.2578],[77.6132,27.2658],[77.6218,27.2751],[77.6147,27.2789],[77.6168,27.2865],[77.5987,27.2972],[77.6219,27.3131],[77.6227,27.3362],[77.6164,27.3404],[77.6125,27.3319],[77.6013,27.3343],[77.5788,27.3227],[77.577,27.328],[77.5479,27.3369],[77.5456,27.3496],[77.5295,27.3517],[77.5072,27.3771],[77.4846,27.3835],[77.4727,27.3771],[77.4702,27.3835],[77.4395,27.3907],[77.4381,27.409],[77.4211,27.422],[77.4267,27.4451],[77.4362,27.4465],[77.4378,27.4563],[77.4015,27.4765],[77.401,27.4973],[77.3874,27.5129],[77.3573,27.5166],[77.34,27.5266],[77.34,27.5389],[77.3492,27.5432],[77.3381,27.5498],[77.3373,27.5698],[77.3582,27.589],[77.3441,27.5971],[77.3345,27.5913],[77.3171,27.6068],[77.3526,27.6513],[77.341,27.6768],[77.3411,27.7034],[77.3038,27.7111],[77.303,27.7259],[77.3194,27.7335],[77.308,27.7528],[77.3104,27.7881],[77.2829,27.7998],[77.2986,27.8152],[77.2965,27.8253],[77.3312,27.8311],[77.3352,27.8475],[77.3483,27.8556],[77.3609,27.8508],[77.377,27.8589],[77.4219,27.8544],[77.4093,27.8742],[77.4201,27.8905],[77.4283,27.891],[77.4505,27.8711],[77.4722,27.8836],[77.4807,27.9079],[77.4753,27.9293],[77.4847,27.935],[77.4928,27.9384],[77.5018,27.9254],[77.5166,27.9333],[77.5294,27.9255],[77.5366,27.9342],[77.5441,27.9624],[77.5189,27.9624],[77.5169,27.9712],[77.5378,27.9792],[77.5424,27.9893],[77.5084,28.0228],[77.5127,28.0319],[77.4836,28.0405],[77.5012,28.0586],[77.4743,28.0875],[77.4826,28.1072],[77.4994,28.0946],[77.4984,28.1089],[77.5124,28.1249],[77.4914,28.1366],[77.5043,28.1456],[77.5021,28.1612],[77.5112,28.1669],[77.5223,28.1612],[77.537,28.1657],[77.5496,28.1798],[77.5452,28.1909],[77.5306,28.1859],[77.5175,28.1932],[77.5012,28.1817],[77.4973,28.2061],[77.5059,28.2096],[77.5233,28.196],[77.5304,28.1987],[77.5353,28.2103],[77.5213,28.2245],[77.5504,28.2424],[77.5446,28.2489],[77.5188,28.2425],[77.4927,28.252],[77.4908,28.2714],[77.5034,28.2801],[77.4985,28.2856],[77.5071,28.3057],[77.4849,28.3257],[77.4717,28.3281],[77.4712,28.3349],[77.4963,28.3492],[77.5048,28.37],[77.4734,28.397],[77.4838,28.4081],[77.4776,28.4191],[77.4636,28.4152],[77.4625,28.4244],[77.4355,28.431],[77.4392,28.4351],[77.4334,28.4549],[77.4001,28.4557],[77.4081,28.4672],[77.3805,28.4703],[77.3701,28.4857],[77.3717,28.4985],[77.3516,28.5001],[77.3474,28.5206],[77.334,28.5255],[77.3,28.5598],[77.2984,28.5802],[77.3134,28.5966],[77.3368,28.6019],[77.3424,28.6089],[77.3426,28.622],[77.3163,28.6413],[77.3236,28.6768],[77.3329,28.682],[77.3233,28.6986],[77.3311,28.7131],[77.3062,28.7133],[77.2915,28.7062],[77.2862,28.7146],[77.2908,28.7224],[77.2764,28.7355],[77.2608,28.7342],[77.2552,28.7398],[77.2564,28.7562],[77.2345,28.7609],[77.2359,28.7708],[77.2219,28.7774],[77.2341,28.7838],[77.2133,28.7856],[77.1993,28.7977],[77.2013,28.813],[77.219,28.8083],[77.2244,28.8254],[77.2165,28.853],[77.1907,28.8665],[77.189,28.8802],[77.206,28.8884],[77.2267,28.8801],[77.2344,28.9116],[77.2223,28.9282],[77.1967,28.9377],[77.1928,28.9589],[77.2023,28.9873],[77.191,29.006],[77.1891,29.0277],[77.167,29.0339],[77.1721,29.0465],[77.1638,29.0795],[77.1468,29.0806],[77.1341,29.0952],[77.1491,29.1177],[77.1474,29.1336],[77.1359,29.142],[77.1471,29.1806],[77.1402,29.1922],[77.1422,29.2041],[77.1314,29.2175],[77.15,29.2328],[77.1495,29.25],[77.1389,29.2679],[77.1583,29.3029],[77.1612,29.3324],[77.1517,29.3412],[77.1295,29.3426],[77.1233,29.3704],[77.1574,29.3874],[77.1474,29.3879],[77.1333,29.4009],[77.1331,29.4188],[77.1484,29.4341],[77.1445,29.4454],[77.1232,29.4554],[77.1227,29.4689],[77.1333,29.4831],[77.0964,29.5195],[77.1084,29.5479],[77.1268,29.5595],[77.084,29.5891],[77.1095,29.5975],[77.113,29.6107],[77.1016,29.6199],[77.1062,29.6324],[77.1315,29.6419],[77.141,29.655],[77.1381,29.6667],[77.1466,29.6723],[77.1424,29.6805],[77.1566,29.6926],[77.1495,29.7095],[77.1342,29.7185],[77.1391,29.7382],[77.1198,29.7601],[77.1253,29.7695],[77.1466,29.7719],[77.1514,29.7882],[77.1643,29.7918],[77.1794,29.8131],[77.1783,29.8458],[77.1869,29.8579],[77.1973,29.8588],[77.202,29.8689],[77.2001,29.8895],[77.1863,29.8982],[77.188,29.9114],[77.2175,29.9235],[77.2447,29.9609],[77.2469,29.9767],[77.276,29.9961],[77.2823,30.0295],[77.2778,30.0419],[77.303,30.0554],[77.3343,30.0538],[77.3452,30.0694],[77.3788,30.0914],[77.4051,30.0891],[77.4226,30.1035],[77.4025,30.1117],[77.4131,30.1138],[77.4235,30.1309],[77.4184,30.135],[77.428,30.1628],[77.4558,30.1628],[77.4688,30.1802],[77.4772,30.1824],[77.5046,30.2252],[77.5306,30.2526],[77.5383,30.2786],[77.5841,30.3083],[77.5865,30.3156],[77.5783,30.3299],[77.6043,30.3678],[77.5906,30.3735],[77.576,30.3974],[77.5919,30.4063]]]}},{"type":"Feature","properties":{"name":"Sikkim"},"geometry":{"type":"Polygon","coordinates":[[[88.6164,28.1276],[88.6319,28.1224],[88.6702,28.0743],[88.6784,28.0724],[88.6862,28.08],[88.7572,28.0785],[88.7776,28.0571],[88.7946,28.0516],[88.8131,28.0267],[88.8388,28.0149],[88.8425,27.9524],[88.8363,27.9292],[88.8602,27.9285],[88.867,27.9196],[88.8714,27.9006],[88.8819,27.889],[88.877,27.8774],[88.8871,27.8565],[88.8801,27.8299],[88.8564,27.8159],[88.8603,27.8019],[88.8538,27.7557],[88.8682,27.7422],[88.8551,27.715],[88.8386,27.7047],[88.8474,27.697],[88.8415,27.6812],[88.8519,27.6717],[88.8301,27.6449],[88.8138,27.6401],[88.8057,27.6234],[88.8116,27.6185],[88.8104,27.5993],[88.7905,27.5846],[88.7931,27.5751],[88.7661,27.5664],[88.7789,27.5317],[88.7941,27.5275],[88.7834,27.4998],[88.787,27.4884],[88.7768,27.4675],[88.7823,27.4499],[88.7946,27.4457],[88.795,27.4283],[88.809,27.4237],[88.8056,27.4065],[88.8213,27.3991],[88.8234,27.3901],[88.8376,27.3781],[88.8605,27.3871],[88.8633,27.3693],[88.8811,27.3596],[88.8841,27.3418],[88.8957,27.3317],[88.9192,27.3268],[88.9086,27.3034],[88.9136,27.2901],[88.9077,27.277],[88.8791,27.2611],[88.8321,27.2623],[88.8031,27.2478],[88.8033,27.22],[88.7868,27.182],[88.7646,27.177],[88.7572,27.1654],[88.7601,27.1522],[88.7389,27.1362],[88.7179,27.1399],[88.7149,27.157],[88.6858,27.176],[88.6724,27.1748],[88.6552,27.1595],[88.6351,27.1635],[88.6225,27.1792],[88.5958,27.1892],[88.5413,27.1817],[88.5298,27.1703],[88.5251,27.175],[88.5334,27.1632],[88.5267,27.1564],[88.53,27.148],[88.517,27.1457],[88.4969,27.1294],[88.4963,27.1222],[88.4753,27.1207],[88.4587,27.0896],[88.4307,27.0794],[88.3819,27.0944],[88.3567,27.0953],[88.3419,27.1097],[88.3244,27.1054],[88.3166,27.1256],[88.302,27.1289],[88.2788,27.1304],[88.2322,27.1184],[88.2156,27.1315],[88.1817,27.1324],[88.1537,27.1097],[88.0962,27.1334],[88.0744,27.1855],[88.0789,27.2012],[88.065,27.2132],[88.0401,27.2205],[88.0128,27.2171],[88.031,27.2499],[88.0321,27.2864],[88.0445,27.293],[88.0416,27.304],[88.0524,27.3242],[88.0671,27.3357],[88.0417,27.3727],[88.0469,27.4059],[88.0752,27.4332],[88.0679,27.4384],[88.0726,27.4458],[88.0645,27.4536],[88.067,27.4579],[88.0443,27.4782],[88.0442,27.4959],[88.062,27.5122],[88.0585,27.5204],[88.0663,27.5273],[88.0588,27.5349],[88.0812,27.5651],[88.0755,27.5717],[88.0818,27.584],[88.114,27.6103],[88.1204,27.6452],[88.1447,27.6649],[88.1543,27.6919],[88.1478,27.7029],[88.1564,27.7362],[88.1786,27.7462],[88.1823,27.7757],[88.1973,27.7914],[88.1736,27.8202],[88.2023,27.8372],[88.1966,27.8537],[88.1792,27.8564],[88.1333,27.8821],[88.1382,27.8896],[88.1203,27.9158],[88.1386,27.9379],[88.1326,27.9492],[88.146,27.9644],[88.1846,27.943],[88.2069,27.9411],[88.2098,27.9623],[88.2251,27.9606],[88.2372,27.9707],[88.2501,27.9411],[88.2652,27.9567],[88.2764,27.9556],[88.2876,27.9675],[88.3068,27.9665],[88.3153,27.9776],[88.3305,27.9728],[88.3318,27.9816],[88.3474,27.9888],[88.3744,27.9894],[88.3796,27.982],[88.3969,27.9777],[88.4078,27.9821],[88.4144,27.9997],[88.4682,28.0165],[88.4799,28.0435],[88.4891,28.0452],[88.4947,28.0544],[88.508,28.0422],[88.5194,28.044],[88.5218,28.0363],[88.5479,28.0358],[88.5548,28.0736],[88.5512,28.0824],[88.566,28.0914],[88.5836,28.0841],[88.6005,28.0899],[88.6064,28.0996],[88.6184,28.0997],[88.6165,28.118],[88.6074,28.1242],[88.6088,28.1294],[88.6164,28.1276]]]}},{"type":"Feature","properties":{"name":"Assam"},"geometry":{"type":"Polygon","coordinates":[[[93.2496,24.9731],[93.2609,24.9715],[93.263,24.9613],[93.2454,24.9508],[93.2513,24.9406],[93.2368,24.9372],[93.2371,24.9325],[93.2451,24.9354],[93.2385,24.9257],[93.246,24.9252],[93.2488,24.9148],[93.2352,24.9114],[93.2408,24.9034],[93.226,24.8919],[93.2328,24.8847],[93.2215,24.8815],[93.2264,24.8728],[93.2204,24.8735],[93.2041,24.8511],[93.1996,24.8551],[93.1948,24.8538],[93.2015,24.8421],[93.192,24.8418],[93.2006,24.8388],[93.1916,24.8344],[93.1959,24.8309],[93.1901,24.8186],[93.197,24.8116],[93.1915,24.8044],[93.1799,24.8031],[93.1757,24.7937],[93.1695,24.8014],[93.1495,24.7874],[93.1512,24.7947],[93.1418,24.7973],[93.1347,24.8081],[93.1386,24.81],[93.1189,24.8077],[93.1214,24.8192],[93.1094,24.8115],[93.1114,24.8006],[93.1005,24.7794],[93.1036,24.7672],[93.0983,24.7544],[93.0999,24.7432],[93.1027,24.7468],[93.1078,24.7414],[93.0959,24.7242],[93.0907,24.7251],[93.0932,24.7189],[93.0866,24.7095],[93.0774,24.713],[93.0735,24.7078],[93.0913,24.688],[93.0901,24.6772],[93.1019,24.6807],[93.1042,24.6742],[93.0954,24.6528],[93.0832,24.6498],[93.0873,24.6297],[93.0757,24.6245],[93.0842,24.6136],[93.0712,24.6006],[93.0803,24.5901],[93.0936,24.5917],[93.1044,24.5824],[93.0932,24.5815],[93.0844,24.5711],[93.0582,24.5738],[93.0708,24.558],[93.0646,24.5468],[93.057,24.5544],[93.05,24.5442],[93.0501,24.5194],[93.0387,24.5129],[93.0428,24.5048],[93.0326,24.4953],[93.0464,24.4736],[93.0456,24.4633],[93.0357,24.4598],[93.0329,24.4288],[93.0427,24.4205],[93.0416,24.413],[93.0234,24.4067],[93.012,24.4167],[92.9943,24.3989],[92.9737,24.4083],[92.9593,24.3919],[92.9512,24.403],[92.9312,24.393],[92.9093,24.4129],[92.9029,24.3911],[92.8837,24.4024],[92.8733,24.3949],[92.8609,24.3985],[92.8434,24.3779],[92.8296,24.3736],[92.8231,24.3865],[92.8299,24.4003],[92.7994,24.4191],[92.8013,24.4297],[92.763,24.5211],[92.7129,24.4112],[92.7036,24.3754],[92.6928,24.3685],[92.6848,24.3465],[92.6614,24.3482],[92.6458,24.3278],[92.6387,24.3284],[92.6357,24.3367],[92.6248,24.3341],[92.6123,24.2535],[92.606,24.2485],[92.5721,24.2519],[92.5509,24.2472],[92.5471,24.2202],[92.5311,24.1851],[92.5342,24.1801],[92.524,24.1714],[92.5155,24.1789],[92.51,24.1725],[92.5144,24.1695],[92.5069,24.1699],[92.5114,24.1654],[92.5033,24.1678],[92.5015,24.1604],[92.4839,24.1632],[92.479,24.1423],[92.465,24.1361],[92.4491,24.144],[92.4428,24.1545],[92.4364,24.153],[92.4357,24.1793],[92.4192,24.1919],[92.4225,24.2549],[92.2129,24.2499],[92.2741,24.3883],[92.2545,24.4205],[92.2594,24.4392],[92.2389,24.4475],[92.2302,24.4615],[92.2366,24.4846],[92.2304,24.5017],[92.2129,24.504],[92.2311,24.5312],[92.2354,24.5976],[92.244,24.6165],[92.2544,24.678],[92.296,24.7365],[92.2792,24.7453],[92.2901,24.7597],[92.2818,24.7753],[92.2889,24.7845],[92.2731,24.8002],[92.2731,24.8274],[92.2491,24.8297],[92.255,24.8384],[92.2415,24.842],[92.2349,24.8614],[92.2382,24.8682],[92.2463,24.8675],[92.2481,24.8855],[92.2329,24.9001],[92.2484,24.9089],[92.2821,24.9059],[92.2994,24.9157],[92.3069,24.902],[92.3161,24.8952],[92.3267,24.8964],[92.3392,24.8783],[92.348,24.8916],[92.3634,24.8719],[92.3747,24.874],[92.3849,24.8523],[92.4001,24.8487],[92.4064,24.8589],[92.4254,24.8528],[92.4374,24.8556],[92.4448,24.872],[92.4761,24.867],[92.4793,24.8725],[92.4879,24.8713],[92.4968,24.902],[92.4946,24.9159],[92.484,24.9285],[92.4876,24.9468],[92.4493,24.9388],[92.4497,24.95],[92.4682,24.963],[92.4576,24.9706],[92.4476,24.965],[92.4203,24.9659],[92.4221,24.9885],[92.4163,24.9899],[92.4253,25.0295],[92.4382,25.0346],[92.4383,25.0439],[92.4643,25.0374],[92.457,25.0541],[92.472,25.0673],[92.4806,25.1083],[92.5394,25.0991],[92.5231,25.126],[92.5224,25.1392],[92.5554,25.127],[92.5881,25.1288],[92.6214,25.115],[92.6283,25.1381],[92.6558,25.155],[92.6635,25.1767],[92.668,25.1741],[92.6772,25.1825],[92.6939,25.1792],[92.7429,25.2067],[92.7762,25.1996],[92.8029,25.2162],[92.782,25.2302],[92.7717,25.23],[92.7619,25.2465],[92.7777,25.2582],[92.7686,25.2681],[92.7875,25.2741],[92.7925,25.2826],[92.7813,25.3056],[92.7869,25.3144],[92.7818,25.3332],[92.7699,25.3382],[92.7611,25.3335],[92.7499,25.3441],[92.7464,25.3583],[92.7324,25.3689],[92.738,25.3793],[92.7237,25.3788],[92.7179,25.3726],[92.6735,25.414],[92.6616,25.4064],[92.6519,25.4192],[92.6536,25.4335],[92.6396,25.4176],[92.6256,25.4349],[92.6276,25.422],[92.6186,25.423],[92.6066,25.4132],[92.5986,25.4681],[92.5841,25.4656],[92.5804,25.4721],[92.5647,25.4655],[92.5737,25.4905],[92.6428,25.5348],[92.6454,25.5557],[92.6568,25.5608],[92.6615,25.5722],[92.653,25.5909],[92.6417,25.5885],[92.622,25.5652],[92.6019,25.5619],[92.5948,25.5516],[92.5725,25.5574],[92.5567,25.571],[92.5542,25.6148],[92.5056,25.6163],[92.4703,25.6752],[92.4406,25.6916],[92.4379,25.7058],[92.4477,25.709],[92.4443,25.7197],[92.4312,25.7322],[92.4116,25.73],[92.4143,25.7415],[92.4066,25.7446],[92.3818,25.742],[92.384,25.7545],[92.3689,25.7473],[92.3643,25.7374],[92.3532,25.7398],[92.3335,25.7241],[92.3169,25.7224],[92.3113,25.7279],[92.2644,25.7091],[92.2473,25.7131],[92.2345,25.7076],[92.2317,25.7159],[92.225,25.7161],[92.2081,25.6956],[92.1702,25.6671],[92.1561,25.6722],[92.1605,25.6841],[92.1548,25.7062],[92.1442,25.7168],[92.1627,25.7409],[92.1478,25.773],[92.1527,25.778],[92.1464,25.7841],[92.1511,25.8166],[92.1613,25.8206],[92.162,25.8355],[92.1775,25.8515],[92.1772,25.8727],[92.215,25.8953],[92.2256,25.9092],[92.2023,25.9063],[92.194,25.9117],[92.1945,25.9185],[92.1755,25.9074],[92.1547,25.911],[92.1609,25.9282],[92.1524,25.9443],[92.1641,25.9578],[92.1642,25.9703],[92.1787,25.9774],[92.1809,25.985],[92.1985,25.9882],[92.2039,26.0012],[92.2092,25.9979],[92.2119,26.0046],[92.2339,26.0091],[92.2635,26.0331],[92.2611,26.0416],[92.27,26.0475],[92.2639,26.0574],[92.2749,26.0657],[92.2689,26.0682],[92.2416,26.0618],[92.2205,26.0703],[92.1872,26.0666],[92.1761,26.0702],[92.1788,26.0782],[92.1694,26.0776],[92.1342,26.0524],[92.1326,26.0442],[92.0973,26.0492],[92.0514,26.0328],[92.0306,26.0396],[91.9891,26.0385],[91.9836,26.0258],[91.9311,26.0124],[91.9283,26.0024],[91.919,25.9978],[91.9098,26.0088],[91.9147,26.0205],[91.883,26.0261],[91.8748,26.043],[91.8673,26.042],[91.8792,26.098],[91.8254,26.1194],[91.809,26.0978],[91.8004,26.1],[91.7914,26.0852],[91.7773,26.0893],[91.7627,26.0724],[91.7311,26.0589],[91.7369,26.0562],[91.7253,26.0462],[91.723,26.0351],[91.7201,25.9536],[91.6706,25.9042],[91.6515,25.9063],[91.6095,25.9374],[91.6119,25.945],[91.6298,25.9433],[91.6344,25.9605],[91.6407,25.9638],[91.6261,25.9867],[91.6349,26.0121],[91.6311,26.022],[91.6195,26.026],[91.5975,26.0181],[91.5798,26.0332],[91.5707,26.0257],[91.5722,26.0154],[91.5512,25.9766],[91.5384,25.9714],[91.5356,25.9623],[91.5181,25.9597],[91.5198,25.9399],[91.5029,25.9265],[91.5033,25.9137],[91.5366,25.9358],[91.537,25.9312],[91.5049,25.9078],[91.4987,25.896],[91.5039,25.8912],[91.484,25.893],[91.4748,25.874],[91.4816,25.8678],[91.5131,25.8657],[91.5266,25.8911],[91.5352,25.8839],[91.5304,25.8713],[91.5224,25.8729],[91.5137,25.864],[91.4837,25.8642],[91.4779,25.8573],[91.4631,25.857],[91.4451,25.8397],[91.4225,25.8545],[91.3729,25.8467],[91.3658,25.84],[91.3354,25.8405],[91.2745,25.7504],[91.2225,25.7226],[91.2101,25.7255],[91.1905,25.7478],[91.1893,25.764],[91.1783,25.7774],[91.1904,25.8114],[91.1863,25.8184],[91.2036,25.8432],[91.1958,25.8614],[91.1802,25.844],[91.1476,25.8505],[91.1204,25.8329],[91.0771,25.8289],[91.0621,25.8208],[91.0489,25.8293],[91.0719,25.8388],[91.0785,25.8527],[91.0672,25.8466],[91.0482,25.8492],[91.0225,25.8238],[91.006,25.8204],[91.0014,25.8251],[91.0153,25.8484],[91.014,25.8569],[91.0279,25.8693],[91.0305,25.8858],[90.9761,25.8897],[90.9689,25.8852],[90.9666,25.9141],[90.957,25.935],[90.9461,25.941],[90.9474,25.9481],[90.9339,25.9398],[90.9173,25.9444],[90.9168,25.9141],[90.9053,25.9289],[90.8944,25.9312],[90.8975,25.9375],[90.89,25.9381],[90.8845,25.9503],[90.8811,25.9428],[90.8767,25.9494],[90.8717,25.9476],[90.8748,25.9426],[90.8444,25.946],[90.8355,25.9366],[90.8362,25.9484],[90.8244,25.9454],[90.8091,25.9524],[90.7845,25.9251],[90.7812,25.9113],[90.7664,25.9076],[90.7567,25.911],[90.7605,25.9219],[90.7453,25.9118],[90.739,25.9162],[90.7542,25.9294],[90.7528,25.9343],[90.7467,25.9281],[90.7404,25.9394],[90.7481,25.9567],[90.7245,25.9468],[90.7176,25.9549],[90.6883,25.9489],[90.6727,25.9346],[90.6316,25.9198],[90.6262,25.9134],[90.6308,25.9063],[90.6219,25.8978],[90.6136,25.8993],[90.6063,25.9166],[90.6241,25.9392],[90.5879,25.9581],[90.5798,25.9513],[90.5767,25.9367],[90.5438,25.9236],[90.5491,25.9154],[90.515,25.8961],[90.5086,25.9015],[90.5342,25.939],[90.535,25.9496],[90.5025,25.9915],[90.4761,26.0096],[90.4252,25.9888],[90.3997,26.0125],[90.3722,26.0113],[90.3497,26.0041],[90.3248,25.9734],[90.2115,25.9526],[90.2099,25.9597],[90.2029,25.9609],[90.1869,25.9441],[90.1769,25.959],[90.1585,25.9572],[90.1511,25.9667],[90.1405,25.9573],[90.1163,25.9569],[90.1067,25.9423],[90.0921,25.9381],[90.0941,25.9278],[90.0854,25.9255],[90.0862,25.9195],[90.0606,25.9135],[90.0554,25.9006],[90.0414,25.8941],[90.0425,25.8877],[90.0337,25.8945],[90.0194,25.8921],[90.0056,25.8785],[90.0229,25.87],[90.0223,25.8601],[90.0092,25.8458],[90.0007,25.8462],[90.0036,25.8392],[89.9815,25.8355],[89.9711,25.8264],[89.964,25.8331],[89.9676,25.8225],[89.962,25.8202],[89.9542,25.8213],[89.9577,25.8291],[89.9483,25.8255],[89.9584,25.8013],[89.9544,25.788],[89.9594,25.7799],[89.9548,25.7672],[89.9352,25.7545],[89.9376,25.7454],[89.9261,25.7384],[89.8947,25.745],[89.8991,25.7264],[89.9236,25.6945],[89.9444,25.6793],[89.9505,25.6556],[89.9792,25.6388],[89.9832,25.6268],[89.9988,25.6224],[90.0041,25.6267],[90.0042,25.6202],[90.0203,25.6075],[90.003,25.5854],[89.9835,25.5912],[89.9722,25.5735],[89.8987,25.5605],[89.8784,25.5503],[89.8788,25.5377],[89.8679,25.5242],[89.8733,25.5169],[89.8835,25.5191],[89.8859,25.5079],[89.8729,25.5074],[89.8767,25.4955],[89.8717,25.4773],[89.8521,25.4667],[89.8493,25.4928],[89.8539,25.5042],[89.8696,25.5109],[89.8601,25.5168],[89.8513,25.5386],[89.866,25.5462],[89.8818,25.6259],[89.8711,25.6626],[89.8635,25.6655],[89.8467,25.6956],[89.8505,25.713],[89.8351,25.7158],[89.8284,25.7283],[89.827,25.7404],[89.8413,25.759],[89.8403,25.7667],[89.8265,25.8102],[89.8165,25.8143],[89.8353,25.8407],[89.8326,25.8706],[89.8782,25.9242],[89.8871,25.9452],[89.8427,25.94],[89.8254,25.9455],[89.8306,25.9552],[89.8493,25.9491],[89.8386,25.9679],[89.8668,25.972],[89.8733,25.9759],[89.871,25.9807],[89.8504,25.99],[89.8358,26.0126],[89.8309,26.0018],[89.8359,25.9824],[89.8203,25.9876],[89.8149,25.9979],[89.8204,25.9976],[89.822,26.0099],[89.8154,26.0202],[89.8193,26.0258],[89.8074,26.044],[89.7977,26.0245],[89.7916,26.0182],[89.788,26.0192],[89.8018,26.0403],[89.7936,26.0423],[89.7906,26.0343],[89.7876,26.0404],[89.7737,26.0376],[89.7887,26.0487],[89.7853,26.0569],[89.7988,26.0596],[89.7966,26.0763],[89.7901,26.0754],[89.7949,26.0875],[89.7813,26.0834],[89.7832,26.106],[89.7562,26.1094],[89.7666,26.1305],[89.754,26.1394],[89.7477,26.1574],[89.7205,26.1563],[89.7193,26.1656],[89.7286,26.1669],[89.7288,26.1733],[89.7367,26.172],[89.7331,26.1767],[89.7099,26.1718],[89.6987,26.1907],[89.7132,26.1871],[89.7205,26.1951],[89.7118,26.2022],[89.7341,26.2099],[89.7257,26.2175],[89.7094,26.2114],[89.7005,26.2179],[89.7107,26.2175],[89.7143,26.2296],[89.7322,26.2366],[89.7181,26.2448],[89.717,26.2568],[89.7023,26.2593],[89.7071,26.2705],[89.7146,26.2697],[89.7126,26.2617],[89.7198,26.2573],[89.7344,26.2596],[89.7384,26.2697],[89.7177,26.2955],[89.7205,26.3078],[89.7255,26.3072],[89.7218,26.2998],[89.7268,26.2943],[89.7447,26.2968],[89.7572,26.2887],[89.7506,26.3213],[89.7633,26.3165],[89.7827,26.3326],[89.7811,26.3527],[89.8205,26.3729],[89.8112,26.3603],[89.8204,26.3526],[89.8201,26.364],[89.8274,26.371],[89.8249,26.3815],[89.8564,26.3842],[89.8552,26.3965],[89.8463,26.4047],[89.838,26.3913],[89.8281,26.3945],[89.8346,26.4138],[89.8564,26.4129],[89.8479,26.4228],[89.8691,26.4536],[89.8681,26.4678],[89.861,26.4691],[89.8498,26.4908],[89.851,26.5207],[89.8595,26.5326],[89.8625,26.5537],[89.8576,26.5759],[89.8743,26.5839],[89.8656,26.5919],[89.8696,26.6139],[89.8549,26.615],[89.8498,26.623],[89.8665,26.6455],[89.8594,26.6553],[89.8634,26.6812],[89.8519,26.6971],[89.8655,26.7055],[89.8645,26.73],[89.8589,26.7349],[89.8973,26.7243],[89.9671,26.7235],[90.0082,26.7322],[90.0496,26.7304],[90.1399,26.7536],[90.1945,26.7733],[90.1877,26.8068],[90.2008,26.8353],[90.2305,26.8589],[90.3003,26.8482],[90.3478,26.8753],[90.3566,26.9007],[90.4166,26.9045],[90.5466,26.8166],[90.6344,26.7938],[90.6466,26.7766],[90.676,26.7841],[90.6933,26.7706],[90.7173,26.7683],[90.7424,26.7748],[90.9565,26.7878],[90.9569,26.7816],[90.9919,26.7906],[91.0541,26.781],[91.0976,26.822],[91.1459,26.8109],[91.2369,26.812],[91.2771,26.8003],[91.2966,26.787],[91.3372,26.7809],[91.376,26.7952],[91.4076,26.8396],[91.4456,26.8122],[91.4951,26.7912],[91.5924,26.8052],[91.6255,26.8209],[91.6898,26.8065],[91.7206,26.8117],[91.8241,26.864],[91.8591,26.9133],[91.8917,26.9191],[91.9642,26.8825],[91.9835,26.8582],[92.0567,26.8474],[92.1027,26.8672],[92.1019,26.8811],[92.1145,26.8937],[92.12,26.889],[92.1948,26.89],[92.2552,26.9096],[92.2761,26.902],[92.303,26.9071],[92.3027,26.9226],[92.3632,26.9345],[92.3671,26.9287],[92.3983,26.9247],[92.412,26.9428],[92.4258,26.941],[92.4475,26.9588],[92.4969,26.9634],[92.5833,26.9595],[92.6448,26.9867],[92.6725,27.0316],[92.7229,27.0182],[92.7632,27.0273],[92.7935,27.0228],[92.8389,27.0048],[92.8866,26.9997],[92.9184,26.9823],[92.9171,26.9629],[93.0219,26.9134],[93.0627,26.9223],[93.0882,26.9144],[93.1074,26.9258],[93.3227,26.96],[93.4488,26.9508],[93.4706,26.9366],[93.5449,26.9512],[93.5867,26.9505],[93.6708,26.9715],[93.7234,27.0208],[93.7674,27.0394],[93.7709,27.062],[93.7783,27.0489],[93.7812,27.0655],[93.7838,27.0515],[93.7938,27.0545],[93.7944,27.0619],[93.8002,27.0579],[93.793,27.0683],[93.7938,27.0723],[93.8034,27.0581],[93.8114,27.0589],[93.8107,27.0675],[93.815,27.0615],[93.8292,27.0668],[93.8378,27.0854],[93.8267,27.097],[93.8251,27.1164],[93.8094,27.1233],[93.8121,27.1311],[93.7969,27.1289],[93.7945,27.1345],[93.8054,27.1371],[93.806,27.1488],[93.8642,27.1962],[93.8995,27.2391],[93.9913,27.3283],[94.0598,27.3615],[94.0896,27.407],[94.1594,27.4616],[94.1567,27.4749],[94.2683,27.5208],[94.2575,27.537],[94.2587,27.5555],[94.2467,27.5695],[94.225,27.5741],[94.2266,27.5977],[94.2095,27.6051],[94.2228,27.6114],[94.2376,27.6327],[94.2617,27.6359],[94.2671,27.6274],[94.2543,27.6142],[94.2725,27.6029],[94.2774,27.5894],[94.2883,27.5893],[94.2983,27.6019],[94.3093,27.5908],[94.364,27.5744],[94.4317,27.6003],[94.4333,27.5884],[94.4617,27.5552],[94.4778,27.5761],[94.499,27.5722],[94.5446,27.601],[94.5741,27.6038],[94.5875,27.6185],[94.6066,27.6186],[94.6235,27.6278],[94.6332,27.6242],[94.6627,27.6453],[94.6827,27.6459],[94.6879,27.6651],[94.709,27.6566],[94.7251,27.669],[94.7414,27.6599],[94.7543,27.6605],[94.7692,27.6795],[94.789,27.6852],[94.7937,27.6952],[94.8208,27.6921],[94.841,27.7006],[94.8478,27.7056],[94.8523,27.7276],[95.249,27.8501],[95.3088,27.868],[95.3796,27.8392],[95.5146,27.8764],[95.534,27.8981],[95.5443,27.8998],[95.5447,27.9108],[95.5635,27.9193],[95.5686,27.9359],[95.5861,27.9367],[95.6053,27.9546],[95.8239,27.9715],[95.9717,27.9624],[95.9483,27.9371],[95.9548,27.9312],[95.9486,27.9244],[95.9527,27.9201],[95.9382,27.9125],[95.9355,27.9075],[95.941,27.9056],[95.9298,27.9027],[95.9377,27.8982],[95.9263,27.8989],[95.9192,27.895],[95.9237,27.8881],[95.9155,27.8894],[95.9251,27.8817],[95.9156,27.8838],[95.9107,27.8702],[95.9017,27.8685],[95.9049,27.8621],[95.8903,27.86],[95.8704,27.8327],[95.8378,27.8241],[95.8381,27.8102],[95.8166,27.8027],[95.8003,27.7737],[95.776,27.7536],[95.7794,27.7337],[95.7523,27.7209],[95.7654,27.7147],[95.7679,27.687],[95.7829,27.6872],[95.7905,27.6801],[95.7751,27.6743],[95.7704,27.6577],[95.7958,27.6417],[95.7883,27.6348],[95.7895,27.6263],[95.7785,27.624],[95.78,27.6166],[95.7903,27.6117],[95.7906,27.5996],[95.8158,27.5987],[95.8143,27.5742],[95.8234,27.5745],[95.8334,27.56],[95.8413,27.562],[95.8607,27.5431],[95.8766,27.5443],[95.8758,27.5124],[95.8869,27.4971],[95.8743,27.4932],[95.8707,27.4667],[95.8533,27.4569],[95.8568,27.4449],[95.8468,27.4386],[95.8445,27.4216],[95.8601,27.408],[95.8571,27.4199],[95.8832,27.4353],[95.8857,27.3982],[95.908,27.4343],[95.9413,27.4373],[95.9547,27.4196],[95.9603,27.429],[95.9646,27.4181],[95.9694,27.4279],[95.9754,27.4194],[95.9702,27.4149],[95.9833,27.4118],[96.0178,27.3649],[95.9892,27.3565],[95.9869,27.3456],[95.9653,27.3279],[95.9756,27.3245],[95.955,27.3177],[95.96,27.311],[95.8972,27.2822],[95.9044,27.2739],[95.8936,27.2676],[95.8924,27.2553],[95.8694,27.26],[95.8564,27.2711],[95.8593,27.2872],[95.8052,27.273],[95.7994,27.2766],[95.8009,27.2843],[95.7796,27.2698],[95.7421,27.2667],[95.7202,27.2495],[95.6815,27.2517],[95.6323,27.2297],[95.619,27.2325],[95.5876,27.2229],[95.5746,27.2344],[95.5746,27.2436],[95.5535,27.2489],[95.5451,27.26],[95.5345,27.2646],[95.5182,27.2576],[95.5088,27.2619],[95.5047,27.2494],[95.4843,27.2412],[95.4724,27.2189],[95.4576,27.2088],[95.4666,27.1816],[95.4595,27.1757],[95.4655,27.1664],[95.4533,27.1573],[95.4622,27.1497],[95.4533,27.1294],[95.4444,27.1352],[95.4396,27.1259],[95.4206,27.1258],[95.3985,27.1087],[95.3846,27.1055],[95.3747,27.0927],[95.3638,27.1025],[95.3638,27.1031],[95.3679,27.1064],[95.3686,27.1071],[95.3689,27.1076],[95.3548,27.1039],[95.2918,27.0665],[95.2763,27.0522],[95.2771,27.0424],[95.2464,27.0238],[95.2322,27.0428],[95.2303,27.0357],[95.2107,27.0285],[95.2047,27.0377],[95.1948,27.0312],[95.1931,27.0359],[95.1502,26.9992],[95.112,26.9807],[95.1018,26.9618],[95.0341,26.9356],[95.0168,26.9211],[94.9913,26.9208],[94.99,26.9142],[94.9826,26.913],[94.9672,26.9235],[94.9612,26.9371],[94.9309,26.9326],[94.9235,26.9464],[94.8736,26.9175],[94.8501,26.8746],[94.8365,26.8688],[94.8345,26.8603],[94.8175,26.8475],[94.8211,26.8417],[94.8132,26.8336],[94.8145,26.8195],[94.7953,26.8144],[94.8027,26.8013],[94.7702,26.789],[94.7583,26.766],[94.7402,26.776],[94.7369,26.7637],[94.6923,26.7319],[94.6203,26.7121],[94.6207,26.7231],[94.6081,26.7288],[94.6096,26.7369],[94.5971,26.7346],[94.5911,26.7206],[94.6015,26.7191],[94.6033,26.7124],[94.5934,26.715],[94.5939,26.6972],[94.5773,26.7007],[94.5665,26.6836],[94.5594,26.6864],[94.5624,26.7051],[94.5393,26.7062],[94.5242,26.6958],[94.5207,26.6992],[94.5176,26.6819],[94.5082,26.6853],[94.4927,26.6659],[94.4603,26.6616],[94.4531,26.6526],[94.4655,26.6331],[94.4513,26.6363],[94.4356,26.622],[94.4029,26.6106],[94.4019,26.5936],[94.4134,26.5772],[94.402,26.5547],[94.4062,26.544],[94.3966,26.5427],[94.4027,26.5413],[94.3978,26.5386],[94.4009,26.5342],[94.3761,26.5218],[94.3722,26.506],[94.3478,26.5045],[94.353,26.4993],[94.3466,26.4921],[94.3501,26.4924],[94.3528,26.4901],[94.3394,26.4805],[94.3255,26.4819],[94.3265,26.4754],[94.3196,26.4742],[94.3238,26.4655],[94.3166,26.4583],[94.2999,26.4637],[94.2897,26.4797],[94.281,26.5351],[94.2861,26.5425],[94.2813,26.5486],[94.2848,26.5611],[94.2563,26.5412],[94.2366,26.5061],[94.2075,26.4865],[94.2027,26.4691],[94.1852,26.4584],[94.1717,26.4298],[94.1776,26.382],[94.1711,26.3628],[94.1602,26.3543],[94.162,26.3472],[94.1687,26.3509],[94.1776,26.3464],[94.1746,26.3405],[94.1451,26.3306],[94.1387,26.3363],[94.1159,26.3297],[94.1217,26.3178],[94.1051,26.3199],[94.0841,26.2833],[94.0747,26.2836],[94.0746,26.2644],[94.0477,26.2494],[94.0365,26.2261],[94.032,26.1975],[94.0011,26.1723],[94.0037,26.1601],[93.9945,26.1483],[94.0036,26.1442],[94.0022,26.1344],[93.9872,26.1311],[93.9978,26.1288],[93.9868,26.1139],[93.9979,26.1096],[93.9815,26.0812],[93.9874,26.0668],[93.9625,26.0365],[93.953,26.003],[93.9591,25.9943],[93.9542,25.9693],[93.9687,25.9573],[93.9787,25.9167],[93.9611,25.9012],[93.938,25.8963],[93.934,25.8852],[93.916,25.8837],[93.8818,25.8433],[93.8523,25.8582],[93.8397,25.8566],[93.8211,25.8387],[93.8164,25.8226],[93.7955,25.8089],[93.7875,25.8158],[93.7775,25.8498],[93.7898,25.8678],[93.7842,25.8843],[93.7954,25.8924],[93.7957,25.9065],[93.7772,25.9682],[93.7654,25.9698],[93.768,25.951],[93.7587,25.9526],[93.7585,25.9455],[93.7451,25.9423],[93.7513,25.9328],[93.6815,25.9044],[93.7021,25.8515],[93.7143,25.8445],[93.7009,25.8433],[93.7011,25.8496],[93.6883,25.8459],[93.6902,25.8407],[93.6806,25.8383],[93.6786,25.8284],[93.6683,25.8218],[93.6461,25.8224],[93.6386,25.8098],[93.6331,25.8114],[93.6329,25.8028],[93.6247,25.8026],[93.6268,25.7896],[93.6174,25.776],[93.605,25.7749],[93.6027,25.7651],[93.5859,25.7661],[93.5855,25.758],[93.5778,25.7545],[93.5679,25.7584],[93.5732,25.7541],[93.5663,25.7548],[93.5615,25.7378],[93.5425,25.7309],[93.5396,25.7226],[93.548,25.7117],[93.5412,25.6988],[93.5363,25.7018],[93.5275,25.6912],[93.5225,25.6976],[93.5127,25.6846],[93.5183,25.6794],[93.4966,25.6545],[93.4814,25.6512],[93.4817,25.6445],[93.4573,25.6411],[93.4609,25.6323],[93.4444,25.6396],[93.4337,25.6294],[93.4274,25.6325],[93.4216,25.6182],[93.4137,25.621],[93.411,25.6136],[93.4015,25.6111],[93.3988,25.596],[93.3856,25.5928],[93.3798,25.5766],[93.3625,25.566],[93.3587,25.5546],[93.3433,25.56],[93.327,25.5465],[93.335,25.5344],[93.3503,25.532],[93.3675,25.4992],[93.3855,25.4904],[93.3914,25.4822],[93.3845,25.4692],[93.3903,25.4604],[93.4155,25.445],[93.4364,25.4482],[93.4582,25.431],[93.4597,25.4032],[93.4736,25.3793],[93.465,25.3607],[93.4516,25.354],[93.4484,25.3406],[93.4565,25.3354],[93.4534,25.3215],[93.4705,25.3051],[93.4275,25.2832],[93.4159,25.2643],[93.4012,25.2606],[93.3811,25.2396],[93.3818,25.2229],[93.3459,25.1698],[93.3453,25.1235],[93.3324,25.0935],[93.3149,25.0846],[93.3,25.046],[93.2988,25.0519],[93.2835,25.045],[93.2801,25.051],[93.2642,25.0494],[93.2661,25.0438],[93.2514,25.0271],[93.2539,25.0206],[93.2439,25.0183],[93.2444,24.9981],[93.2505,25.0043],[93.2599,25.0011],[93.2528,24.9989],[93.257,24.9961],[93.2496,24.9731]],[[93.2496,24.9731],[93.2496,24.9731],[93.2496,24.9731],[93.2496,24.9731]],[[89.8001,26.3505],[89.7898,26.3417],[89.8175,26.3208],[89.8232,26.3278],[89.8187,26.3387],[89.8001,26.3505]]]}},{"type":"Feature","properties":{"name":"Arunachal Pradesh"},"geometry":{"type":"Polygon","coordinates":[[[96.0854,29.4593],[96.1031,29.4468],[96.1267,29.4107],[96.1497,29.3992],[96.1822,29.349],[96.1858,29.3047],[96.2272,29.2459],[96.3013,29.2422],[96.3165,29.2563],[96.3547,29.2675],[96.3606,29.2812],[96.373,29.2835],[96.3839,29.2751],[96.3954,29.2466],[96.3514,29.1722],[96.3245,29.1627],[96.2442,29.1524],[96.2217,29.1363],[96.1849,29.0893],[96.1217,29.0709],[96.1541,29.0385],[96.1773,28.9921],[96.1776,28.9635],[96.1515,28.9527],[96.1433,28.9289],[96.1639,28.9045],[96.1665,28.8921],[96.236,28.9267],[96.2827,28.9816],[96.3458,29.0214],[96.4423,29.0299],[96.4886,29.0558],[96.5222,29.0668],[96.4731,28.9773],[96.4884,28.9522],[96.5187,28.958],[96.5171,28.94],[96.5355,28.9046],[96.5333,28.8751],[96.6063,28.7843],[96.6136,28.7665],[96.6031,28.7306],[96.5863,28.7088],[96.5675,28.6991],[96.5144,28.6892],[96.4921,28.6743],[96.467,28.6709],[96.4869,28.6319],[96.4818,28.6191],[96.4529,28.6033],[96.4215,28.5734],[96.3985,28.5695],[96.394,28.547],[96.3409,28.5404],[96.3185,28.5186],[96.3252,28.5062],[96.3552,28.4861],[96.3569,28.4687],[96.252,28.3939],[96.2894,28.3887],[96.3016,28.3689],[96.3618,28.3744],[96.3667,28.351],[96.3915,28.3266],[96.4157,28.3334],[96.4225,28.3705],[96.4567,28.4058],[96.5003,28.4019],[96.5698,28.4458],[96.6504,28.45],[96.6834,28.4294],[96.7391,28.4095],[96.77,28.361],[96.8369,28.3567],[96.8878,28.3782],[96.9066,28.3637],[96.9181,28.3428],[96.9465,28.3324],[96.99,28.3045],[97.0258,28.3212],[97.0486,28.3416],[97.0791,28.3516],[97.1135,28.3445],[97.1377,28.3326],[97.1728,28.2862],[97.2169,28.2895],[97.2479,28.2656],[97.29,28.2656],[97.351,28.2278],[97.3751,28.2205],[97.3954,28.1916],[97.3938,28.1848],[97.3719,28.1916],[97.358,28.1891],[97.3494,28.1714],[97.3261,28.15],[97.3257,28.1396],[97.343,28.1145],[97.3098,28.0856],[97.307,28.0744],[97.3092,28.0651],[97.3233,28.0568],[97.3743,28.0628],[97.3698,28.046],[97.3752,28.0353],[97.4074,28.0187],[97.4011,28.0067],[97.3844,28.0001],[97.3859,27.9871],[97.3663,27.9757],[97.3641,27.9681],[97.378,27.9499],[97.3699,27.9395],[97.3748,27.927],[97.3718,27.911],[97.3822,27.8931],[97.3618,27.8736],[97.3423,27.8862],[97.3221,27.8885],[97.3173,27.9035],[97.3019,27.9162],[97.2871,27.9071],[97.2796,27.9103],[97.2485,27.8991],[97.2304,27.8756],[97.1858,27.8418],[97.1851,27.8308],[97.1704,27.8295],[97.1693,27.8152],[97.1409,27.8047],[97.1257,27.7861],[97.1164,27.7848],[97.1005,27.7654],[97.1011,27.7506],[97.0893,27.7339],[97.065,27.749],[97.0483,27.7397],[97.032,27.7485],[97.0312,27.742],[97.019,27.7383],[97.018,27.7271],[96.9871,27.686],[96.9845,27.6658],[96.9342,27.6602],[96.9215,27.6321],[96.9042,27.6137],[96.8942,27.6155],[96.8897,27.6067],[96.8912,27.5797],[96.9099,27.5778],[96.9083,27.5429],[96.919,27.538],[96.9299,27.5155],[96.9106,27.4865],[96.903,27.4527],[96.9327,27.4304],[96.9344,27.4158],[96.9605,27.4041],[96.9676,27.3807],[96.9622,27.373],[96.9787,27.3565],[96.9811,27.3454],[96.9906,27.3437],[96.9985,27.3188],[97.0286,27.3073],[97.0414,27.2817],[97.0546,27.2749],[97.0551,27.2654],[97.0864,27.2375],[97.089,27.212],[97.1203,27.1885],[97.123,27.1728],[97.1455,27.1635],[97.1494,27.1481],[97.1623,27.1404],[97.1601,27.1214],[97.1483,27.1157],[97.1368,27.0896],[97.0993,27.1069],[97.0934,27.102],[97.0953,27.0945],[97.075,27.0973],[97.0702,27.0883],[97.062,27.09],[97.0607,27.0972],[97.0322,27.1167],[97.0288,27.13],[96.9925,27.1404],[96.9848,27.1544],[96.9553,27.1643],[96.9319,27.1615],[96.9005,27.1688],[96.8743,27.1805],[96.8571,27.1923],[96.8546,27.21],[96.8854,27.226],[96.885,27.2593],[96.863,27.2595],[96.8471,27.2712],[96.8482,27.2901],[96.8226,27.3082],[96.7967,27.3457],[96.7669,27.357],[96.7516,27.3525],[96.7044,27.3721],[96.6975,27.3577],[96.6056,27.3655],[96.5915,27.3482],[96.5963,27.3334],[96.5884,27.3355],[96.5645,27.3183],[96.5511,27.318],[96.5432,27.302],[96.5241,27.2861],[96.518,27.2854],[96.5083,27.2988],[96.4905,27.3024],[96.488,27.2961],[96.462,27.3061],[96.4511,27.3012],[96.4407,27.3063],[96.4217,27.3016],[96.4081,27.2875],[96.4026,27.2929],[96.3867,27.2843],[96.3526,27.2948],[96.3409,27.2849],[96.3075,27.2941],[96.2745,27.2833],[96.2713,27.2714],[96.2283,27.2786],[96.2092,27.261],[96.194,27.2615],[96.1856,27.2492],[96.1558,27.2484],[96.0909,27.2233],[96.0768,27.2078],[96.0639,27.2057],[96.0231,27.1801],[96.0106,27.1425],[95.9687,27.0999],[95.9462,27.0519],[95.9106,27.0366],[95.9044,27.0389],[95.8951,27.0264],[95.8786,27.0226],[95.8701,27.0126],[95.8429,27.014],[95.8301,27.0076],[95.8021,27.0146],[95.7965,26.9977],[95.7835,26.9907],[95.7812,26.9778],[95.7679,26.9766],[95.7549,26.954],[95.7601,26.9368],[95.7477,26.9258],[95.7511,26.909],[95.7449,26.8976],[95.723,26.8815],[95.7064,26.8806],[95.6948,26.8921],[95.6673,26.9029],[95.6447,26.8767],[95.632,26.8736],[95.6272,26.8434],[95.6083,26.813],[95.5712,26.816],[95.5569,26.8327],[95.5432,26.8356],[95.5249,26.8227],[95.5229,26.8138],[95.5075,26.8089],[95.4827,26.7464],[95.4741,26.7403],[95.459,26.7425],[95.4323,26.7156],[95.4305,26.7002],[95.4033,26.6942],[95.3947,26.6846],[95.3731,26.6831],[95.3606,26.6706],[95.3356,26.6741],[95.3039,26.6507],[95.275,26.6585],[95.2595,26.6551],[95.257,26.6763],[95.2491,26.6836],[95.2331,26.6809],[95.2324,26.7062],[95.2125,26.7294],[95.2165,26.754],[95.2414,26.7815],[95.2116,26.7926],[95.1956,26.8342],[95.2052,26.845],[95.1922,26.8439],[95.1811,26.8592],[95.2095,26.8799],[95.2266,26.88],[95.2305,26.8852],[95.2306,26.9149],[95.2223,26.9288],[95.2112,26.9314],[95.206,26.9511],[95.2102,26.9532],[95.2035,26.9571],[95.2118,26.9648],[95.202,26.9767],[95.2068,26.9771],[95.192,26.9845],[95.197,27.0008],[95.1945,27.0103],[95.1929,27.0358],[95.1948,27.0312],[95.2047,27.0377],[95.2107,27.0285],[95.2303,27.0357],[95.2322,27.0428],[95.2464,27.0238],[95.2771,27.0424],[95.2763,27.0522],[95.2918,27.0665],[95.3548,27.1039],[95.3686,27.1071],[95.3638,27.1025],[95.3747,27.0927],[95.3846,27.1055],[95.3985,27.1087],[95.4206,27.1258],[95.4396,27.1259],[95.4444,27.1352],[95.4533,27.1294],[95.4622,27.1497],[95.4533,27.1573],[95.4655,27.1664],[95.4595,27.1757],[95.4666,27.1816],[95.4576,27.2088],[95.4724,27.2189],[95.4843,27.2412],[95.5047,27.2494],[95.5092,27.262],[95.5171,27.2575],[95.5299,27.2645],[95.5451,27.26],[95.5535,27.2489],[95.5746,27.2436],[95.5746,27.2344],[95.5876,27.2229],[95.619,27.2325],[95.6323,27.2297],[95.6815,27.2517],[95.7202,27.2495],[95.7421,27.2667],[95.7796,27.2698],[95.8009,27.2843],[95.7994,27.2766],[95.8052,27.273],[95.8593,27.2872],[95.8564,27.2711],[95.8694,27.26],[95.8924,27.2553],[95.8936,27.2676],[95.9044,27.2739],[95.8972,27.2822],[95.96,27.311],[95.955,27.3177],[95.9756,27.3245],[95.9653,27.3279],[95.9869,27.3456],[95.9892,27.3565],[96.0178,27.3649],[95.9833,27.4118],[95.9702,27.4149],[95.9754,27.4194],[95.9694,27.4279],[95.9646,27.4181],[95.9603,27.429],[95.9547,27.4196],[95.9413,27.4373],[95.908,27.4343],[95.8857,27.3982],[95.8832,27.4353],[95.8571,27.4199],[95.8601,27.408],[95.8445,27.4216],[95.8468,27.4386],[95.8568,27.4449],[95.8533,27.4569],[95.8707,27.4667],[95.8743,27.4932],[95.8869,27.4971],[95.8758,27.5124],[95.8766,27.5443],[95.8607,27.5431],[95.8413,27.5621],[95.8334,27.56],[95.8234,27.5745],[95.8143,27.5742],[95.8158,27.5987],[95.7906,27.5996],[95.7903,27.6117],[95.78,27.6166],[95.7785,27.624],[95.7895,27.6263],[95.7883,27.6348],[95.7958,27.6417],[95.7704,27.6577],[95.7751,27.6743],[95.7905,27.6801],[95.7829,27.6872],[95.7679,27.687],[95.7654,27.7147],[95.7523,27.7209],[95.7794,27.7337],[95.776,27.7536],[95.8003,27.7737],[95.8166,27.8027],[95.8381,27.8102],[95.8378,27.8241],[95.8704,27.8327],[95.8903,27.86],[95.9049,27.8621],[95.9017,27.8685],[95.9107,27.8702],[95.9156,27.8838],[95.9251,27.8817],[95.9155,27.8894],[95.9237,27.8881],[95.9192,27.895],[95.9263,27.8989],[95.9377,27.8982],[95.9298,27.9027],[95.941,27.9056],[95.9355,27.9075],[95.9382,27.9125],[95.9527,27.9201],[95.9486,27.9244],[95.9548,27.9312],[95.9483,27.9371],[95.9713,27.9627],[95.8239,27.9715],[95.6053,27.9546],[95.5861,27.9367],[95.5686,27.9359],[95.5635,27.9193],[95.5447,27.9108],[95.5443,27.8998],[95.534,27.8981],[95.5201,27.8812],[95.3796,27.8392],[95.3088,27.868],[94.9223,27.7499],[94.8523,27.7276],[94.8478,27.7056],[94.841,27.7006],[94.8208,27.6921],[94.7937,27.6952],[94.789,27.6852],[94.7692,27.6795],[94.7543,27.6605],[94.7414,27.6599],[94.7251,27.669],[94.709,27.6566],[94.6879,27.6651],[94.6827,27.6459],[94.6627,27.6453],[94.6332,27.6242],[94.6235,27.6278],[94.6066,27.6186],[94.5875,27.6185],[94.5741,27.6038],[94.5446,27.601],[94.499,27.5722],[94.4778,27.5761],[94.4617,27.5552],[94.4333,27.5884],[94.4317,27.6003],[94.364,27.5744],[94.3093,27.5908],[94.2983,27.6019],[94.2883,27.5893],[94.2774,27.5894],[94.2725,27.6029],[94.2543,27.6142],[94.2671,27.6274],[94.2617,27.6359],[94.2376,27.6327],[94.2228,27.6114],[94.2095,27.6051],[94.2266,27.5977],[94.225,27.5741],[94.2467,27.5695],[94.2587,27.5555],[94.2575,27.537],[94.2683,27.5208],[94.1567,27.4749],[94.1594,27.4616],[94.0896,27.407],[94.0598,27.3615],[93.9913,27.3283],[93.8994,27.2391],[93.8642,27.1962],[93.806,27.1488],[93.8054,27.1371],[93.7945,27.1345],[93.7969,27.1289],[93.8121,27.1311],[93.8094,27.1233],[93.8251,27.1164],[93.8267,27.097],[93.8378,27.0854],[93.8292,27.0668],[93.815,27.0615],[93.8107,27.0675],[93.8114,27.0589],[93.8034,27.0581],[93.7938,27.0723],[93.8002,27.0579],[93.7944,27.0619],[93.7938,27.0545],[93.7838,27.0515],[93.7812,27.0655],[93.7783,27.0489],[93.7709,27.062],[93.7674,27.0394],[93.7234,27.0208],[93.6651,26.9685],[93.5867,26.9505],[93.5248,26.9485],[93.4891,26.9362],[93.4863,26.9423],[93.4625,26.9379],[93.4488,26.9508],[93.3241,26.9601],[93.1074,26.9258],[93.0882,26.9144],[93.0627,26.9223],[93.0219,26.9134],[92.9171,26.9629],[92.9184,26.9823],[92.8866,26.9997],[92.8389,27.0048],[92.7935,27.0228],[92.7632,27.0273],[92.7229,27.0182],[92.6725,27.0316],[92.6448,26.9867],[92.5833,26.9595],[92.4969,26.9634],[92.4475,26.9588],[92.4258,26.941],[92.412,26.9428],[92.3983,26.9247],[92.3671,26.9287],[92.3632,26.9345],[92.3027,26.9226],[92.303,26.9071],[92.2761,26.902],[92.2552,26.9096],[92.1948,26.89],[92.12,26.889],[92.1145,26.8937],[92.1181,26.9744],[92.1048,26.9799],[92.1035,27.004],[92.0784,27.0174],[92.0817,27.0408],[92.0441,27.0514],[92.0231,27.1096],[92.0358,27.1349],[92.0267,27.1683],[92.0584,27.1903],[92.0726,27.2331],[92.0592,27.2518],[92.038,27.2584],[92.0453,27.269],[92.0671,27.2772],[92.1035,27.2687],[92.1199,27.2718],[92.125,27.282],[92.0646,27.327],[92.0625,27.3422],[92.0482,27.3631],[92.0585,27.3997],[92.0437,27.4148],[92.0425,27.4352],[92.0268,27.4401],[92.0222,27.448],[92.0194,27.4781],[91.9947,27.4785],[91.9891,27.4675],[91.9789,27.4633],[91.9728,27.4672],[91.9436,27.4597],[91.9231,27.474],[91.8979,27.4712],[91.8877,27.4762],[91.8716,27.4708],[91.8644,27.4829],[91.8486,27.4865],[91.8253,27.4679],[91.7982,27.4743],[91.767,27.4648],[91.7681,27.4737],[91.763,27.475],[91.7327,27.4694],[91.7146,27.4745],[91.7136,27.4935],[91.6951,27.5053],[91.6525,27.483],[91.645,27.502],[91.624,27.5141],[91.6123,27.5437],[91.5937,27.5421],[91.5822,27.5568],[91.5834,27.5655],[91.5663,27.5831],[91.5844,27.6082],[91.5647,27.6258],[91.5641,27.6414],[91.5731,27.6607],[91.5938,27.6701],[91.6072,27.6908],[91.6285,27.6994],[91.6268,27.7158],[91.6389,27.7358],[91.635,27.7469],[91.6454,27.7634],[91.6351,27.8029],[91.6146,27.8218],[91.6004,27.8227],[91.581,27.812],[91.566,27.8186],[91.5536,27.8514],[91.5579,27.8563],[91.5699,27.848],[91.5755,27.8643],[91.6073,27.852],[91.668,27.8527],[91.6988,27.8147],[91.7337,27.8001],[91.7696,27.796],[91.8028,27.804],[91.8127,27.7994],[91.8253,27.8076],[91.8302,27.786],[91.8459,27.7769],[91.8516,27.7534],[91.8737,27.7243],[91.903,27.7297],[91.9237,27.7173],[91.9898,27.769],[92.0034,27.7709],[92.0492,27.7582],[92.1513,27.8316],[92.2212,27.864],[92.2458,27.868],[92.2679,27.8637],[92.2775,27.8528],[92.2879,27.8126],[92.3104,27.7784],[92.3825,27.7946],[92.3886,27.8153],[92.4157,27.8194],[92.4414,27.8064],[92.456,27.8089],[92.4999,27.8455],[92.5205,27.8432],[92.536,27.8255],[92.5557,27.8174],[92.6165,27.8877],[92.6684,27.9021],[92.7382,27.9876],[92.7404,27.9969],[92.7199,28.0168],[92.7086,28.0404],[92.663,28.0681],[92.6873,28.1291],[92.7599,28.1695],[92.8137,28.2104],[92.8201,28.184],[92.8335,28.1758],[92.8977,28.2085],[92.9211,28.2391],[92.9637,28.2613],[92.9767,28.2579],[92.9996,28.2356],[93.0298,28.2691],[93.0235,28.2981],[93.0288,28.3098],[93.0949,28.3079],[93.1313,28.3302],[93.1756,28.3199],[93.2215,28.3275],[93.229,28.4062],[93.1886,28.4319],[93.1847,28.4415],[93.2152,28.4571],[93.2347,28.4796],[93.2797,28.5066],[93.294,28.5515],[93.3079,28.5696],[93.3027,28.5935],[93.3171,28.606],[93.331,28.6084],[93.339,28.638],[93.3624,28.638],[93.4197,28.6528],[93.4513,28.674],[93.4756,28.6521],[93.4834,28.6772],[93.4949,28.6834],[93.5216,28.6738],[93.5302,28.6587],[93.5756,28.6546],[93.6418,28.6574],[93.6863,28.6755],[93.7344,28.6858],[93.7483,28.6842],[93.7771,28.6661],[93.8437,28.7074],[93.8577,28.7047],[93.9029,28.6762],[93.9301,28.6701],[93.9631,28.7124],[93.9697,28.7499],[93.9962,28.7724],[93.996,28.7916],[93.986,28.8049],[93.9957,28.8199],[93.9962,28.8429],[94.0282,28.8539],[94.0454,28.8779],[94.1511,28.9592],[94.1674,29.0015],[94.2181,29.0816],[94.2964,29.1474],[94.3377,29.147],[94.3659,29.1559],[94.3789,29.1887],[94.4335,29.2255],[94.4718,29.219],[94.5476,29.222],[94.5751,29.2502],[94.5815,29.2755],[94.612,29.3004],[94.634,29.3459],[94.6883,29.3242],[94.7505,29.2705],[94.799,29.2162],[94.7941,29.1898],[94.805,29.1668],[94.8482,29.1774],[94.9083,29.1779],[94.9189,29.1585],[94.9644,29.1595],[95.0239,29.1306],[95.0149,29.1465],[94.9821,29.1698],[94.9901,29.1719],[95.0399,29.1502],[95.0946,29.1415],[95.1245,29.1146],[95.1884,29.1045],[95.2484,29.1085],[95.2525,29.08],[95.2472,29.0696],[95.2623,29.0533],[95.2991,29.0601],[95.363,29.0381],[95.416,29.0321],[95.4339,29.0393],[95.4473,29.0313],[95.4879,29.0805],[95.4943,29.1399],[95.5417,29.1294],[95.545,29.1757],[95.5335,29.2119],[95.5846,29.2152],[95.5863,29.249],[95.5925,29.2574],[95.6317,29.2472],[95.6831,29.2796],[95.6976,29.3009],[95.718,29.3001],[95.7302,29.308],[95.7792,29.3583],[95.7918,29.3392],[95.7984,29.3391],[95.8251,29.358],[95.8426,29.3547],[95.8728,29.3931],[95.9546,29.384],[95.9807,29.4091],[96.0119,29.4166],[96.048,29.4544],[96.0854,29.4593]]]}},{"type":"Feature","properties":{"name":"Nagaland"},"geometry":{"type":"Polygon","coordinates":[[[95.1927,27.0271],[95.197,27.0008],[95.192,26.9845],[95.2068,26.9771],[95.202,26.9767],[95.2118,26.9648],[95.2035,26.9571],[95.2102,26.9532],[95.206,26.9511],[95.2112,26.9314],[95.2223,26.9288],[95.2306,26.9149],[95.2305,26.8852],[95.2266,26.88],[95.2095,26.8799],[95.1811,26.8592],[95.1922,26.8439],[95.2052,26.845],[95.1956,26.8342],[95.2116,26.7926],[95.2414,26.7815],[95.2165,26.754],[95.2125,26.7294],[95.2324,26.7062],[95.2331,26.6809],[95.2094,26.6487],[95.181,26.6428],[95.1671,26.6346],[95.1639,26.6219],[95.1494,26.6159],[95.1469,26.5928],[95.1545,26.5832],[95.1394,26.5566],[95.1262,26.5582],[95.1077,26.5416],[95.1145,26.5178],[95.0724,26.4722],[95.0618,26.45],[95.0655,26.4418],[95.0729,26.4481],[95.0843,26.4471],[95.1038,26.4206],[95.0965,26.4012],[95.0997,26.3936],[95.1256,26.3878],[95.1322,26.378],[95.1213,26.3498],[95.1285,26.3393],[95.1225,26.3072],[95.1286,26.2967],[95.1198,26.2636],[95.1274,26.2537],[95.1147,26.2328],[95.1425,26.2115],[95.1221,26.1854],[95.1267,26.1775],[95.1171,26.159],[95.1265,26.1289],[95.1156,26.1127],[95.1178,26.1016],[95.1507,26.0865],[95.1649,26.0923],[95.1857,26.0733],[95.1637,26.0481],[95.1594,26.0253],[95.126,25.9857],[95.117,25.9851],[95.1143,25.9749],[95.0894,25.9503],[95.0566,25.9391],[95.0441,25.9267],[95.0312,25.9308],[95.0289,25.9137],[95.0116,25.8979],[95.0194,25.8807],[95.0091,25.8667],[95.0304,25.8385],[95.0335,25.8139],[95.0499,25.8003],[95.0441,25.7738],[95.049,25.7595],[95.0399,25.7412],[95.0027,25.7288],[94.9698,25.6884],[94.9361,25.6679],[94.9229,25.6456],[94.9151,25.6076],[94.8816,25.591],[94.8986,25.5651],[94.8459,25.562],[94.8255,25.5424],[94.8253,25.5241],[94.8122,25.5114],[94.8062,25.4918],[94.7884,25.4894],[94.7839,25.4805],[94.7625,25.4815],[94.7516,25.494],[94.742,25.4802],[94.7184,25.4691],[94.6834,25.4662],[94.6808,25.4548],[94.6649,25.4494],[94.6281,25.4598],[94.5527,25.5071],[94.56,25.5623],[94.5511,25.5802],[94.5792,25.6288],[94.5906,25.6382],[94.5716,25.6391],[94.5911,25.6857],[94.5686,25.6921],[94.5473,25.6569],[94.5271,25.6446],[94.5262,25.6371],[94.5197,25.6379],[94.5009,25.6115],[94.489,25.6089],[94.4867,25.6144],[94.4696,25.6162],[94.4434,25.5927],[94.4256,25.5874],[94.418,25.5707],[94.4219,25.5561],[94.4158,25.5373],[94.3841,25.5313],[94.3246,25.5032],[94.3091,25.4894],[94.2983,25.4896],[94.2824,25.5067],[94.2478,25.4941],[94.2106,25.4954],[94.1865,25.526],[94.1907,25.5476],[94.1638,25.5423],[94.156,25.5505],[94.1346,25.519],[94.088,25.5282],[94.0921,25.5371],[94.0819,25.5552],[94.0654,25.5545],[94.0502,25.5723],[94.031,25.5771],[94.0216,25.589],[94.0109,25.5918],[94.0038,25.5866],[94.0065,25.5669],[93.9766,25.5669],[93.9614,25.5523],[93.8965,25.5646],[93.8585,25.5535],[93.8328,25.5591],[93.816,25.5404],[93.767,25.5364],[93.7621,25.496],[93.7697,25.4939],[93.7847,25.5025],[93.8003,25.4951],[93.8101,25.4807],[93.8052,25.4616],[93.7773,25.4208],[93.7429,25.4018],[93.736,25.3805],[93.7193,25.3717],[93.7142,25.3577],[93.689,25.3578],[93.6833,25.3274],[93.6683,25.3249],[93.6691,25.3077],[93.6623,25.3045],[93.6618,25.2946],[93.6087,25.2025],[93.5892,25.2002],[93.5865,25.2163],[93.5711,25.2239],[93.551,25.247],[93.5015,25.2407],[93.5071,25.2721],[93.4731,25.2756],[93.4706,25.3051],[93.4534,25.3215],[93.4565,25.3354],[93.4485,25.3403],[93.4516,25.354],[93.465,25.3607],[93.4736,25.3793],[93.4597,25.4032],[93.4582,25.431],[93.4364,25.4482],[93.4155,25.445],[93.3903,25.4604],[93.3845,25.4692],[93.3914,25.4822],[93.3855,25.4904],[93.3673,25.4995],[93.3501,25.5322],[93.3353,25.5342],[93.3267,25.5459],[93.3433,25.56],[93.3587,25.5546],[93.3625,25.566],[93.3798,25.5766],[93.3856,25.5928],[93.3988,25.596],[93.4015,25.6111],[93.411,25.6136],[93.4137,25.621],[93.4216,25.6182],[93.4274,25.6325],[93.4337,25.6294],[93.4444,25.6396],[93.4609,25.6323],[93.4573,25.6411],[93.4817,25.6445],[93.4814,25.6512],[93.4966,25.6545],[93.5183,25.6794],[93.5127,25.6846],[93.5225,25.6976],[93.5275,25.6912],[93.5363,25.7018],[93.5412,25.6988],[93.548,25.7117],[93.5396,25.7226],[93.5425,25.7309],[93.5615,25.7378],[93.5663,25.7548],[93.5732,25.7541],[93.5679,25.7584],[93.5778,25.7545],[93.5855,25.758],[93.5859,25.7661],[93.6027,25.7651],[93.605,25.7749],[93.6174,25.776],[93.6268,25.7896],[93.6247,25.8026],[93.6329,25.8028],[93.6331,25.8114],[93.6386,25.8098],[93.6461,25.8224],[93.6683,25.8218],[93.6786,25.8284],[93.6806,25.8383],[93.6902,25.8407],[93.6883,25.8459],[93.7011,25.8496],[93.7009,25.8433],[93.7143,25.8445],[93.7021,25.8515],[93.6815,25.9044],[93.7513,25.9328],[93.7451,25.9423],[93.7585,25.9455],[93.7587,25.9526],[93.768,25.951],[93.7654,25.9698],[93.7772,25.9682],[93.7957,25.9065],[93.7954,25.8924],[93.7842,25.8843],[93.7898,25.8678],[93.7775,25.8498],[93.7875,25.8158],[93.7955,25.8089],[93.8164,25.8226],[93.8211,25.8387],[93.8397,25.8566],[93.8523,25.8582],[93.8818,25.8433],[93.916,25.8837],[93.934,25.8852],[93.938,25.8963],[93.9611,25.9012],[93.9787,25.9167],[93.9687,25.9573],[93.9542,25.9693],[93.9591,25.9943],[93.953,26.003],[93.9625,26.0365],[93.9874,26.0668],[93.9815,26.0812],[93.9979,26.1096],[93.9868,26.1139],[93.9978,26.1288],[93.9872,26.1311],[94.0022,26.1344],[94.0036,26.1442],[93.9945,26.1483],[94.0037,26.1601],[94.0011,26.1723],[94.032,26.1975],[94.0365,26.2261],[94.0477,26.2494],[94.0746,26.2644],[94.0747,26.2836],[94.0841,26.2833],[94.1051,26.3199],[94.1217,26.3178],[94.1159,26.3297],[94.1387,26.3363],[94.1451,26.3306],[94.1746,26.3405],[94.1776,26.3464],[94.1687,26.3509],[94.162,26.3472],[94.1602,26.3543],[94.1711,26.3628],[94.1776,26.382],[94.1717,26.4298],[94.1852,26.4584],[94.2027,26.4691],[94.2075,26.4865],[94.2366,26.5061],[94.2563,26.5412],[94.2848,26.5611],[94.2813,26.5486],[94.2861,26.5425],[94.281,26.5351],[94.2897,26.4797],[94.2999,26.4637],[94.3166,26.4583],[94.3238,26.4655],[94.3196,26.4742],[94.3265,26.4754],[94.3255,26.4819],[94.3394,26.4805],[94.3528,26.4901],[94.3466,26.4921],[94.353,26.4993],[94.3478,26.5045],[94.3722,26.506],[94.3761,26.5218],[94.4009,26.5342],[94.3978,26.5386],[94.4027,26.5413],[94.3966,26.5427],[94.4062,26.544],[94.402,26.5547],[94.4134,26.5772],[94.4019,26.5936],[94.4029,26.6106],[94.4356,26.622],[94.4513,26.6363],[94.4655,26.6331],[94.4531,26.6526],[94.4603,26.6616],[94.4927,26.6659],[94.5082,26.6853],[94.5176,26.6819],[94.5207,26.6992],[94.5242,26.6958],[94.5393,26.7062],[94.5624,26.7051],[94.5594,26.6864],[94.5665,26.6836],[94.5773,26.7007],[94.5939,26.6972],[94.5934,26.715],[94.6033,26.7124],[94.6015,26.7191],[94.5911,26.7206],[94.5971,26.7346],[94.6096,26.7369],[94.6081,26.7288],[94.6207,26.7231],[94.6203,26.7121],[94.6923,26.7319],[94.7369,26.7637],[94.7402,26.776],[94.7583,26.766],[94.7702,26.789],[94.8027,26.8013],[94.7953,26.8144],[94.8145,26.8195],[94.8132,26.8336],[94.8211,26.8417],[94.8175,26.8475],[94.8345,26.8603],[94.8365,26.8688],[94.8501,26.8746],[94.8736,26.9175],[94.9235,26.9464],[94.9309,26.9326],[94.9612,26.9371],[94.9672,26.9235],[94.9826,26.913],[94.99,26.9142],[94.9913,26.9208],[95.0168,26.9211],[95.0341,26.9356],[95.0881,26.9532],[95.1061,26.9655],[95.112,26.9807],[95.1502,26.9992],[95.1925,27.0352],[95.1927,27.0271]]]}},{"type":"Feature","properties":{"name":"Manipur"},"geometry":{"type":"Polygon","coordinates":[[[94.5741,25.6904],[94.5925,25.6813],[94.5808,25.6692],[94.5716,25.6391],[94.5906,25.6382],[94.5792,25.6288],[94.5511,25.5802],[94.56,25.5623],[94.5527,25.5071],[94.6281,25.4598],[94.6611,25.4494],[94.6808,25.4548],[94.6711,25.4422],[94.673,25.4247],[94.6669,25.4143],[94.6349,25.3956],[94.6346,25.3574],[94.6225,25.346],[94.5851,25.2666],[94.5896,25.256],[94.5855,25.2294],[94.5755,25.2139],[94.606,25.1813],[94.6208,25.1866],[94.64,25.1661],[94.6641,25.1628],[94.6802,25.1492],[94.69,25.1577],[94.7155,25.1378],[94.737,25.1346],[94.7411,25.1263],[94.7364,25.1099],[94.7453,25.0822],[94.738,25.0653],[94.7449,25.06],[94.7441,25.0369],[94.7268,24.9993],[94.7061,24.9859],[94.6968,24.9682],[94.7123,24.9313],[94.7022,24.9296],[94.6875,24.8887],[94.6739,24.8748],[94.6563,24.8704],[94.6498,24.8548],[94.6325,24.8392],[94.6302,24.8049],[94.6185,24.7849],[94.6297,24.7579],[94.6131,24.7407],[94.6055,24.7123],[94.5853,24.7054],[94.5776,24.7118],[94.5778,24.7242],[94.5655,24.7055],[94.5595,24.712],[94.5402,24.7069],[94.545,24.6821],[94.5391,24.6431],[94.5066,24.594],[94.4536,24.5654],[94.4236,24.4834],[94.396,24.4829],[94.4024,24.4615],[94.3947,24.4551],[94.4035,24.4379],[94.397,24.4086],[94.3584,24.3933],[94.3798,24.3774],[94.3494,24.3364],[94.3176,24.3302],[94.3226,24.2795],[94.3021,24.2379],[94.2886,24.2344],[94.2767,24.1694],[94.2618,24.164],[94.2507,24.1281],[94.256,24.0865],[94.2418,24.0574],[94.2309,24.0637],[94.2275,24.0596],[94.2399,24.0391],[94.2031,23.9758],[94.1926,23.9363],[94.1702,23.9292],[94.1558,23.8476],[94.142,23.8466],[94.1428,23.8352],[94.1195,23.8363],[94.0979,23.8862],[94.0818,23.8794],[94.068,23.8874],[94.0509,23.8869],[94.0157,23.9249],[93.9611,23.9281],[93.9446,23.946],[93.9309,23.95],[93.8937,23.9533],[93.8838,23.9424],[93.8591,23.9321],[93.8195,23.9235],[93.8075,23.927],[93.7998,23.9327],[93.7979,23.9473],[93.7719,23.9688],[93.7616,23.9999],[93.7544,24.0052],[93.7416,23.9968],[93.74,24.0023],[93.724,23.9973],[93.6907,24.0086],[93.6632,24.0016],[93.6544,24.0026],[93.6539,24.0089],[93.6232,24.0108],[93.6118,23.9973],[93.608,23.9716],[93.5989,23.9725],[93.5917,23.9608],[93.5734,23.967],[93.5708,23.9777],[93.56,23.9822],[93.5502,23.9593],[93.5251,23.9563],[93.515,23.9427],[93.5051,23.9422],[93.4635,23.9736],[93.4637,23.9942],[93.4532,23.9996],[93.4531,24.0136],[93.4408,24.0147],[93.4331,24.024],[93.4169,24.0714],[93.399,24.0852],[93.3581,24.091],[93.3488,24.1047],[93.3429,24.0972],[93.3538,24.0905],[93.3361,24.0905],[93.3285,24.0812],[93.3384,24.0627],[93.3321,24.0531],[93.2835,24.0484],[93.2693,24.0308],[93.2506,24.0207],[93.2478,24.0308],[93.262,24.0572],[93.2591,24.0697],[93.2434,24.0823],[93.2193,24.081],[93.2122,24.0471],[93.1653,24.0521],[93.1654,24.0722],[93.1378,24.084],[93.1249,24.0613],[93.0965,24.0423],[93.0979,24.0713],[93.0752,24.1003],[93.0494,24.088],[92.9922,24.1142],[92.9722,24.1123],[92.9694,24.1214],[92.9852,24.1293],[92.987,24.1478],[93.0013,24.1581],[92.9991,24.1715],[93.0067,24.1796],[92.9989,24.195],[93.0125,24.1974],[93.0181,24.2075],[93.0153,24.2263],[93.0225,24.23],[93.0026,24.2514],[93.0098,24.2691],[93.0041,24.2779],[93.0312,24.3158],[93.0393,24.3407],[93.0175,24.3442],[93.0181,24.3716],[93.0131,24.3774],[93.0204,24.3879],[92.9983,24.3998],[93.012,24.4167],[93.0234,24.4067],[93.0426,24.4149],[93.0329,24.4288],[93.0357,24.4598],[93.0456,24.4633],[93.0464,24.4736],[93.0326,24.4953],[93.0428,24.5048],[93.0387,24.5129],[93.0501,24.5194],[93.05,24.5442],[93.057,24.5544],[93.0646,24.5468],[93.0708,24.558],[93.0585,24.5745],[93.0844,24.5711],[93.0932,24.5815],[93.1044,24.5824],[93.0936,24.5917],[93.0803,24.5901],[93.0712,24.6006],[93.0842,24.6136],[93.0757,24.6245],[93.0873,24.6297],[93.0832,24.6498],[93.0954,24.6528],[93.1042,24.6742],[93.1019,24.6807],[93.0901,24.6772],[93.0913,24.688],[93.0735,24.7078],[93.0774,24.713],[93.0866,24.7095],[93.0932,24.7189],[93.0907,24.7251],[93.0959,24.7242],[93.1078,24.7414],[93.1027,24.7468],[93.0999,24.7432],[93.0983,24.7544],[93.1036,24.7672],[93.1005,24.7794],[93.1114,24.8006],[93.1094,24.8115],[93.1214,24.8192],[93.1189,24.8077],[93.1386,24.81],[93.1347,24.8081],[93.1418,24.7973],[93.1512,24.7947],[93.1495,24.7874],[93.1707,24.8018],[93.1762,24.7938],[93.1799,24.8031],[93.1911,24.804],[93.197,24.8114],[93.1901,24.8186],[93.1959,24.8309],[93.1916,24.8344],[93.2006,24.838],[93.1923,24.8428],[93.2015,24.8421],[93.1948,24.8538],[93.2041,24.8511],[93.2204,24.8735],[93.2264,24.8728],[93.2215,24.8815],[93.2328,24.8847],[93.226,24.8919],[93.2408,24.9034],[93.2352,24.9114],[93.2488,24.9148],[93.246,24.9252],[93.2385,24.9257],[93.2451,24.9354],[93.2371,24.9325],[93.2368,24.9372],[93.2513,24.9406],[93.2454,24.9508],[93.263,24.9613],[93.2609,24.9715],[93.2492,24.9775],[93.257,24.9961],[93.2528,24.9989],[93.2598,25.0016],[93.2505,25.0043],[93.2444,24.9981],[93.2439,25.0183],[93.2539,25.0206],[93.2514,25.0271],[93.2661,25.0438],[93.2642,25.0494],[93.2801,25.051],[93.2835,25.045],[93.2988,25.0519],[93.3,25.046],[93.3149,25.0846],[93.3324,25.0935],[93.3453,25.1235],[93.3459,25.1698],[93.3817,25.2228],[93.3811,25.2396],[93.3937,25.2547],[93.4159,25.2643],[93.4275,25.2832],[93.4706,25.3051],[93.4731,25.2756],[93.5071,25.2721],[93.5015,25.2407],[93.551,25.247],[93.5711,25.2239],[93.5865,25.2163],[93.5892,25.2002],[93.6042,25.1984],[93.6461,25.2654],[93.6623,25.3045],[93.6691,25.3077],[93.6683,25.3249],[93.6833,25.3274],[93.689,25.3578],[93.7142,25.3577],[93.7193,25.3717],[93.736,25.3805],[93.7429,25.4018],[93.7773,25.4208],[93.8052,25.4616],[93.8101,25.4807],[93.8003,25.4951],[93.7847,25.5025],[93.7697,25.4939],[93.7621,25.496],[93.7682,25.5369],[93.816,25.5404],[93.8328,25.5591],[93.8585,25.5535],[93.8882,25.5643],[93.9614,25.5523],[93.9766,25.5669],[94.0065,25.5669],[94.0038,25.5866],[94.0109,25.5918],[94.0216,25.589],[94.031,25.5771],[94.0502,25.5723],[94.0654,25.5545],[94.0819,25.5552],[94.0921,25.5371],[94.088,25.5282],[94.1346,25.519],[94.156,25.5505],[94.1638,25.5423],[94.1907,25.5476],[94.1865,25.526],[94.2106,25.4954],[94.2478,25.4941],[94.2824,25.5067],[94.2983,25.4896],[94.3091,25.4894],[94.3246,25.5032],[94.3841,25.5313],[94.4158,25.5373],[94.4219,25.5561],[94.418,25.5707],[94.4256,25.5874],[94.4434,25.5927],[94.4696,25.6162],[94.4867,25.6144],[94.489,25.6089],[94.5009,25.6115],[94.5197,25.6379],[94.5262,25.6371],[94.5271,25.6446],[94.5473,25.6569],[94.5686,25.6921],[94.5741,25.6904]]]}},{"type":"Feature","properties":{"name":"Mizoram"},"geometry":{"type":"Polygon","coordinates":[[[92.7638,24.521],[92.8013,24.4297],[92.7994,24.4191],[92.8299,24.4003],[92.8231,24.3865],[92.8294,24.3737],[92.8434,24.3779],[92.8609,24.3985],[92.8733,24.3949],[92.8837,24.4024],[92.9029,24.3911],[92.9093,24.4129],[92.9337,24.3923],[92.9391,24.4006],[92.9512,24.403],[92.9602,24.3919],[92.9748,24.4085],[93.0204,24.3879],[93.0131,24.3774],[93.0181,24.3716],[93.0175,24.3442],[93.0393,24.3407],[93.0312,24.3158],[93.007,24.2855],[93.0041,24.2779],[93.0098,24.2691],[93.0026,24.2514],[93.0225,24.23],[93.0153,24.2263],[93.0195,24.215],[93.0125,24.1974],[92.9989,24.195],[93.0067,24.1796],[92.9991,24.1715],[93.0013,24.1581],[92.987,24.1478],[92.9852,24.1293],[92.9694,24.1214],[92.9722,24.1123],[92.9922,24.1142],[93.0494,24.088],[93.0752,24.1003],[93.0979,24.0713],[93.0965,24.0423],[93.1249,24.0613],[93.1307,24.0764],[93.1435,24.0852],[93.1654,24.0722],[93.1653,24.0521],[93.2122,24.0471],[93.2193,24.081],[93.2434,24.0823],[93.2591,24.0697],[93.262,24.0572],[93.2478,24.0308],[93.2506,24.0207],[93.2693,24.0308],[93.2835,24.0484],[93.3258,24.0503],[93.3276,24.0424],[93.3375,24.0412],[93.3259,24.0299],[93.339,24.0215],[93.3296,24.0204],[93.3374,23.9893],[93.3284,23.9854],[93.3394,23.9807],[93.3369,23.9756],[93.3433,23.9751],[93.341,23.9698],[93.3507,23.9622],[93.3508,23.9417],[93.3612,23.9448],[93.3693,23.93],[93.3809,23.9345],[93.3944,23.9241],[93.3851,23.848],[93.3901,23.818],[93.4019,23.8126],[93.4034,23.8046],[93.3918,23.7562],[93.4112,23.7293],[93.4075,23.7069],[93.4198,23.7011],[93.4257,23.6889],[93.4371,23.6866],[93.4165,23.6476],[93.4246,23.6295],[93.4205,23.6116],[93.4286,23.5888],[93.4221,23.5714],[93.4098,23.5636],[93.4185,23.54],[93.4087,23.5173],[93.3947,23.5038],[93.3925,23.4788],[93.3993,23.4719],[93.3922,23.4574],[93.3948,23.4481],[93.388,23.4464],[93.3883,23.4208],[93.4016,23.3837],[93.3865,23.3741],[93.3912,23.37],[93.3876,23.3594],[93.3559,23.3525],[93.3583,23.3425],[93.3729,23.3296],[93.3669,23.3222],[93.3716,23.3135],[93.3638,23.3132],[93.3716,23.3096],[93.3651,23.3063],[93.3699,23.2872],[93.3626,23.2791],[93.3692,23.2761],[93.3657,23.2692],[93.3736,23.2613],[93.3695,23.2504],[93.3766,23.2479],[93.3813,23.2243],[93.3886,23.2169],[93.3806,23.2154],[93.3754,23.2042],[93.3806,23.1866],[93.3686,23.1753],[93.3682,23.1441],[93.3867,23.1441],[93.3856,23.1338],[93.3774,23.1329],[93.3631,23.1151],[93.3555,23.1162],[93.354,23.0969],[93.3445,23.0925],[93.339,23.0744],[93.3518,23.0704],[93.3406,23.0678],[93.3429,23.0583],[93.3341,23.0594],[93.3333,23.0488],[93.3269,23.0471],[93.3136,23.0199],[93.3043,23.0204],[93.2934,23.0068],[93.2293,23.0114],[93.2298,23.0195],[93.215,23.027],[93.2096,23.0483],[93.2014,23.0547],[93.189,23.0517],[93.1845,23.0594],[93.1555,23.0432],[93.1514,23.0538],[93.1402,23.0533],[93.1362,23.0605],[93.1354,23.0484],[93.1258,23.0407],[93.1202,23.0022],[93.1404,22.9904],[93.1435,22.9741],[93.1356,22.9705],[93.1411,22.9585],[93.1378,22.951],[93.1457,22.9445],[93.1482,22.9249],[93.1644,22.9107],[93.1508,22.908],[93.1395,22.9137],[93.1309,22.9059],[93.1342,22.8913],[93.1172,22.863],[93.1179,22.8428],[93.1098,22.8333],[93.112,22.828],[93.1034,22.8245],[93.1105,22.8182],[93.0943,22.8061],[93.1071,22.7499],[93.091,22.7047],[93.1019,22.6837],[93.0945,22.6802],[93.0953,22.6731],[93.1098,22.6558],[93.1079,22.6368],[93.1285,22.6238],[93.1408,22.5923],[93.1381,22.5826],[93.1122,22.5574],[93.1125,22.5325],[93.1066,22.5266],[93.1286,22.5234],[93.1241,22.5083],[93.1348,22.4919],[93.1312,22.4676],[93.1387,22.4545],[93.1641,22.4506],[93.1855,22.4273],[93.1817,22.4187],[93.1875,22.4032],[93.182,22.3944],[93.1898,22.3824],[93.1835,22.372],[93.1881,22.3645],[93.1858,22.3399],[93.1967,22.3288],[93.189,22.3227],[93.1957,22.3143],[93.1905,22.3095],[93.1953,22.3014],[93.1896,22.3008],[93.1992,22.2942],[93.1936,22.2881],[93.2017,22.2623],[93.1986,22.2551],[93.1769,22.2456],[93.1635,22.2499],[93.1421,22.2455],[93.1401,22.2343],[93.152,22.2173],[93.1487,22.2117],[93.1615,22.1965],[93.1509,22.1763],[93.1237,22.1737],[93.1111,22.2043],[93.0885,22.1967],[93.0632,22.2073],[93.0381,22.1952],[93.049,22.1692],[93.0371,22.1444],[93.0442,22.1435],[93.0395,22.1389],[93.0571,22.1213],[93.0595,22.1011],[93.0043,22.1034],[93.0118,22.0884],[92.9925,22.0387],[93.0043,22.017],[93.0075,21.9824],[92.9809,21.9801],[92.9779,21.9976],[92.9647,22.0106],[92.9607,22.0255],[92.9519,22.0298],[92.9397,22.0136],[92.9268,22.0151],[92.9354,22.0057],[92.9208,21.992],[92.9055,21.9404],[92.8908,22.0118],[92.8638,22.0269],[92.8635,22.0628],[92.8526,22.0666],[92.8409,22.0598],[92.8367,22.072],[92.8178,22.0757],[92.8103,22.096],[92.7974,22.0942],[92.7906,22.105],[92.7715,22.1094],[92.761,22.1257],[92.7358,22.1341],[92.7268,22.1491],[92.7124,22.1474],[92.6998,22.1551],[92.6949,22.1531],[92.6958,22.1377],[92.692,22.1391],[92.6904,22.0721],[92.6881,22.1035],[92.6817,22.1038],[92.6853,22.0413],[92.68,22.0116],[92.6522,22.016],[92.6347,21.9832],[92.6032,21.9776],[92.6128,21.9901],[92.5981,22.009],[92.6001,22.0284],[92.5926,22.0374],[92.5991,22.0423],[92.6027,22.0611],[92.5922,22.0656],[92.5751,22.1162],[92.5626,22.128],[92.5657,22.1348],[92.5774,22.1364],[92.5785,22.1434],[92.5926,22.1388],[92.589,22.1314],[92.5945,22.1251],[92.6057,22.1234],[92.6092,22.164],[92.6071,22.1725],[92.5952,22.1754],[92.5948,22.2042],[92.588,22.216],[92.5908,22.2555],[92.581,22.2692],[92.5866,22.2802],[92.5818,22.2818],[92.5834,22.3039],[92.5773,22.3112],[92.5812,22.3218],[92.5593,22.3819],[92.5598,22.4018],[92.5521,22.409],[92.5507,22.4226],[92.5564,22.4251],[92.5512,22.4274],[92.5554,22.4292],[92.5433,22.4933],[92.5499,22.4973],[92.5426,22.4988],[92.5493,22.5014],[92.5466,22.5099],[92.5513,22.5133],[92.5434,22.5142],[92.54,22.5406],[92.5217,22.5599],[92.5273,22.573],[92.5381,22.5751],[92.5385,22.5859],[92.5344,22.5852],[92.533,22.5878],[92.5394,22.5891],[92.5304,22.6035],[92.5354,22.6117],[92.5274,22.6208],[92.5326,22.6275],[92.5249,22.6401],[92.5287,22.6652],[92.5139,22.708],[92.5132,22.7328],[92.4887,22.7463],[92.4738,22.7462],[92.4794,22.7528],[92.4691,22.7825],[92.4723,22.7959],[92.4542,22.8189],[92.4619,22.8308],[92.4529,22.843],[92.4632,22.8417],[92.4565,22.851],[92.4645,22.8547],[92.4616,22.8615],[92.4527,22.8622],[92.4605,22.8709],[92.4485,22.8764],[92.4492,22.895],[92.4337,22.8858],[92.4203,22.9183],[92.413,22.9134],[92.4041,22.9178],[92.4011,22.912],[92.3976,22.9297],[92.3764,22.9286],[92.3718,22.9362],[92.3782,22.9521],[92.3743,22.9706],[92.385,22.9861],[92.3825,23.0333],[92.3924,23.0565],[92.3801,23.0863],[92.3751,23.0844],[92.3702,23.0965],[92.358,23.1033],[92.3682,23.1273],[92.357,23.1342],[92.3644,23.1566],[92.3545,23.1785],[92.3613,23.1826],[92.3533,23.1857],[92.3539,23.2198],[92.3468,23.2357],[92.4042,23.2407],[92.3955,23.2487],[92.3982,23.2561],[92.3895,23.2596],[92.3887,23.2661],[92.3948,23.2646],[92.3881,23.2813],[92.3812,23.2851],[92.3857,23.3062],[92.3761,23.3199],[92.3674,23.3229],[92.368,23.3171],[92.3644,23.3229],[92.3807,23.3512],[92.3791,23.3618],[92.3693,23.367],[92.3705,23.3736],[92.3639,23.3662],[92.3564,23.3723],[92.3651,23.3796],[92.3527,23.3809],[92.3588,23.3907],[92.3545,23.3891],[92.3529,23.3994],[92.3574,23.4107],[92.3478,23.4128],[92.3465,23.4332],[92.3339,23.4288],[92.3271,23.4485],[92.3333,23.4559],[92.3255,23.4591],[92.3318,23.4661],[92.3171,23.4717],[92.3262,23.4788],[92.3161,23.4868],[92.3228,23.501],[92.3177,23.5172],[92.3136,23.5155],[92.3179,23.5263],[92.3063,23.535],[92.3134,23.5564],[92.3018,23.5924],[92.2965,23.588],[92.2873,23.596],[92.2873,23.6167],[92.296,23.6211],[92.2885,23.6289],[92.2805,23.6305],[92.2786,23.6249],[92.2818,23.6386],[92.273,23.6417],[92.2909,23.6908],[92.2797,23.7158],[92.2654,23.7248],[92.2673,23.7686],[92.2571,23.8125],[92.2823,23.8146],[92.2687,23.8422],[92.2851,23.8671],[92.3077,23.8569],[92.315,23.8605],[92.3112,23.8801],[92.3252,23.9141],[92.309,23.9312],[92.308,23.9606],[92.3262,23.9978],[92.314,24.0212],[92.3198,24.0244],[92.3121,24.0324],[92.3164,24.0456],[92.3122,24.0521],[92.3176,24.055],[92.3166,24.07],[92.3242,24.0793],[92.3277,24.1015],[92.3226,24.1044],[92.3279,24.1119],[92.3246,24.1394],[92.3307,24.1397],[92.3317,24.1518],[92.3239,24.1712],[92.3321,24.1796],[92.2896,24.2524],[92.4225,24.2549],[92.4189,24.1927],[92.4357,24.1793],[92.4364,24.153],[92.4428,24.1545],[92.4643,24.1362],[92.4787,24.142],[92.4839,24.1632],[92.5015,24.1604],[92.5033,24.1678],[92.5114,24.1654],[92.5069,24.1699],[92.5144,24.1695],[92.51,24.1725],[92.5158,24.179],[92.524,24.1714],[92.533,24.1765],[92.5509,24.2472],[92.5721,24.2519],[92.606,24.2485],[92.6123,24.2535],[92.6248,24.3341],[92.6357,24.3367],[92.6387,24.3284],[92.6458,24.3278],[92.6614,24.3482],[92.6848,24.3465],[92.6928,24.3685],[92.7036,24.3754],[92.7522,24.5062],[92.7638,24.521]]]}},{"type":"Feature","properties":{"name":"Tripura"},"geometry":{"type":"Polygon","coordinates":[[[92.1695,24.5318],[92.2018,24.5074],[92.2304,24.5017],[92.2366,24.4846],[92.2302,24.4615],[92.2389,24.4475],[92.2594,24.4392],[92.2545,24.4205],[92.2741,24.3883],[92.2129,24.2499],[92.2896,24.2524],[92.3321,24.1796],[92.3239,24.1712],[92.3317,24.1518],[92.3307,24.1397],[92.3292,24.139],[92.3262,24.1397],[92.3251,24.1397],[92.3246,24.1394],[92.3279,24.1119],[92.3226,24.1044],[92.3277,24.1015],[92.3242,24.0793],[92.3166,24.07],[92.3176,24.055],[92.3122,24.0521],[92.3164,24.0456],[92.3121,24.0324],[92.3198,24.0244],[92.314,24.0212],[92.3262,23.9978],[92.308,23.9606],[92.309,23.9312],[92.3252,23.9141],[92.3112,23.8801],[92.3167,23.8643],[92.3085,23.8568],[92.2876,23.8685],[92.2692,23.8469],[92.2825,23.8154],[92.2571,23.8128],[92.2673,23.7686],[92.2654,23.7248],[92.2392,23.7184],[92.2421,23.6949],[92.232,23.6847],[92.2331,23.6676],[92.2226,23.6528],[92.2114,23.6528],[92.2066,23.661],[92.2063,23.6752],[92.2137,23.6849],[92.207,23.7006],[92.1861,23.711],[92.1777,23.7076],[92.1696,23.7232],[92.1697,23.7397],[92.1445,23.7334],[92.1239,23.6955],[92.1062,23.6887],[92.0997,23.6767],[92.083,23.6801],[92.0763,23.668],[92.0792,23.6485],[92.0633,23.645],[92.042,23.6479],[92.0223,23.6581],[92.0238,23.6627],[92.0151,23.66],[92.0004,23.6707],[91.9783,23.7331],[91.9673,23.7294],[91.9598,23.7348],[91.9507,23.7262],[91.9547,23.721],[91.9483,23.7141],[91.9507,23.6996],[91.9579,23.6944],[91.9413,23.6936],[91.934,23.6846],[91.9467,23.646],[91.9424,23.6338],[91.9543,23.6096],[91.9568,23.5513],[91.9646,23.5353],[91.9563,23.5257],[91.971,23.503],[91.9704,23.4783],[91.9583,23.4794],[91.9587,23.4729],[91.9367,23.4666],[91.9426,23.435],[91.8997,23.4406],[91.8606,23.4052],[91.845,23.4047],[91.8419,23.3883],[91.8362,23.3864],[91.8376,23.3706],[91.8256,23.3631],[91.8251,23.3523],[91.7624,23.3029],[91.7614,23.2771],[91.7771,23.2692],[91.7805,23.247],[91.7762,23.2432],[91.7836,23.2433],[91.7911,23.2268],[91.7889,23.2044],[91.8101,23.1651],[91.8061,23.1573],[91.8142,23.1451],[91.8081,23.1355],[91.8148,23.1333],[91.8109,23.1217],[91.8181,23.112],[91.8135,23.0992],[91.8358,23.093],[91.8147,23.0806],[91.8184,23.0727],[91.806,23.063],[91.7941,23.0623],[91.7895,23.0717],[91.789,23.0672],[91.7745,23.0696],[91.7841,23.0379],[91.7789,23.0365],[91.7806,23.0291],[91.7743,23.0271],[91.7744,23.0385],[91.7685,23.0409],[91.7719,23.033],[91.7611,23.0299],[91.7439,23.0064],[91.7261,22.9989],[91.7206,22.9874],[91.7121,22.9889],[91.7088,22.9819],[91.6937,22.9883],[91.6818,22.9773],[91.6577,22.9817],[91.6515,22.9767],[91.6455,22.985],[91.6356,22.9611],[91.6246,22.9616],[91.6255,22.944],[91.6179,22.9385],[91.6158,22.9515],[91.6071,22.95],[91.6084,22.9572],[91.6002,22.9547],[91.6055,22.9624],[91.6138,22.9584],[91.6061,22.9719],[91.5906,22.9769],[91.5768,22.9652],[91.5572,22.9785],[91.557,22.9966],[91.5475,22.9942],[91.5425,22.9995],[91.5482,23.0192],[91.5384,23.0192],[91.5504,23.0384],[91.5305,23.0383],[91.5363,23.0545],[91.525,23.0553],[91.5353,23.0633],[91.5251,23.0828],[91.5298,23.0917],[91.5189,23.0941],[91.5224,23.104],[91.5113,23.1042],[91.5123,23.1132],[91.5204,23.1144],[91.5154,23.1176],[91.5176,23.1254],[91.5031,23.1305],[91.5153,23.145],[91.5082,23.1396],[91.4987,23.1425],[91.4947,23.1471],[91.5072,23.1542],[91.4943,23.1522],[91.4909,23.1576],[91.4983,23.1716],[91.4917,23.1776],[91.5075,23.1837],[91.5011,23.1853],[91.5032,23.1921],[91.4849,23.1882],[91.4708,23.1964],[91.4824,23.1984],[91.4844,23.2092],[91.4754,23.2204],[91.4586,23.2133],[91.4506,23.2194],[91.4703,23.2276],[91.4579,23.246],[91.4451,23.247],[91.4542,23.2604],[91.4212,23.2618],[91.4183,23.2554],[91.4196,23.2733],[91.4089,23.2852],[91.4113,23.2557],[91.3976,23.2651],[91.3973,23.2562],[91.4087,23.2476],[91.3926,23.2459],[91.4009,23.2291],[91.3865,23.2276],[91.3922,23.22],[91.3808,23.2084],[91.3878,23.2079],[91.3799,23.1845],[91.397,23.1177],[91.4034,23.1137],[91.4003,23.0964],[91.4061,23.0969],[91.4081,23.0835],[91.4175,23.0829],[91.4109,23.066],[91.4174,23.0648],[91.3959,23.056],[91.3698,23.0704],[91.347,23.1023],[91.3476,23.1188],[91.3419,23.1178],[91.3331,23.1528],[91.3233,23.158],[91.3236,23.2374],[91.3187,23.2455],[91.3266,23.2523],[91.318,23.2529],[91.3098,23.2764],[91.3167,23.2819],[91.3002,23.2925],[91.3072,23.2998],[91.315,23.2966],[91.3132,23.3063],[91.3095,23.3139],[91.2899,23.3185],[91.2962,23.3409],[91.3108,23.3424],[91.3111,23.3527],[91.318,23.353],[91.3201,23.3601],[91.2911,23.3507],[91.2949,23.3612],[91.2861,23.363],[91.2842,23.3711],[91.2943,23.3747],[91.2798,23.3766],[91.2764,23.4147],[91.2634,23.4237],[91.2707,23.4298],[91.2516,23.4536],[91.2493,23.4902],[91.2364,23.489],[91.2356,23.5018],[91.218,23.4995],[91.2236,23.514],[91.2078,23.512],[91.2008,23.52],[91.2129,23.5504],[91.2075,23.5454],[91.1945,23.5472],[91.1951,23.5625],[91.1753,23.5855],[91.1771,23.5932],[91.1625,23.595],[91.1563,23.6707],[91.1704,23.6575],[91.1829,23.6597],[91.1929,23.6544],[91.1907,23.6469],[91.1994,23.6466],[91.2046,23.6504],[91.2033,23.6801],[91.2085,23.6864],[91.1955,23.6921],[91.1542,23.6884],[91.1492,23.7115],[91.1571,23.742],[91.1676,23.7496],[91.1966,23.7511],[91.2104,23.7491],[91.219,23.7364],[91.2307,23.7649],[91.2266,23.7916],[91.2541,23.8372],[91.2296,23.8807],[91.2285,23.8986],[91.2462,23.9131],[91.233,23.927],[91.2762,23.9225],[91.2729,23.9376],[91.2642,23.9442],[91.2847,23.9821],[91.2877,23.968],[91.2998,23.9721],[91.304,23.998],[91.3149,23.9904],[91.3301,23.9925],[91.3412,23.982],[91.3617,23.9863],[91.3795,23.9753],[91.3733,24.0026],[91.3909,24.0258],[91.3966,24.0496],[91.3771,24.0798],[91.3746,24.1078],[91.4281,24.1085],[91.4308,24.0999],[91.4405,24.1025],[91.443,24.0972],[91.4496,24.1015],[91.4625,24.0961],[91.4732,24.1017],[91.495,24.0955],[91.4977,24.0873],[91.5453,24.0742],[91.5729,24.0747],[91.5744,24.08],[91.5861,24.0726],[91.5985,24.0845],[91.5913,24.0926],[91.5945,24.0965],[91.6114,24.0917],[91.6379,24.1029],[91.6412,24.1131],[91.6345,24.1381],[91.6466,24.1566],[91.6468,24.1786],[91.6563,24.1762],[91.6601,24.1895],[91.6526,24.1959],[91.6477,24.2185],[91.6652,24.2335],[91.667,24.2105],[91.6767,24.2006],[91.6883,24.1621],[91.7033,24.1635],[91.7061,24.1543],[91.7218,24.1525],[91.7284,24.1432],[91.7595,24.1417],[91.745,24.247],[91.7915,24.2198],[91.8062,24.2207],[91.8164,24.2099],[91.8447,24.2258],[91.8431,24.2202],[91.8493,24.2212],[91.8457,24.2175],[91.8552,24.2124],[91.842,24.2013],[91.8454,24.1914],[91.874,24.1745],[91.8752,24.1551],[91.8846,24.1386],[91.9058,24.1386],[91.9145,24.1536],[91.9114,24.1682],[91.9408,24.2681],[91.92,24.3375],[91.9413,24.3425],[91.9568,24.3567],[91.969,24.3502],[91.9659,24.3468],[91.9771,24.3274],[91.996,24.3221],[91.9972,24.3368],[91.9781,24.3574],[91.9846,24.3609],[91.9775,24.3727],[91.9669,24.3798],[91.972,24.3848],[91.9858,24.3769],[91.9964,24.3937],[92.0071,24.3815],[92.0201,24.3865],[92.044,24.3749],[92.0904,24.3716],[92.1023,24.3829],[92.1219,24.3822],[92.1189,24.39],[92.1352,24.4072],[92.1368,24.425],[92.1477,24.421],[92.1537,24.4256],[92.164,24.4184],[92.1691,24.4278],[92.1505,24.4952],[92.1591,24.5072],[92.1535,24.512],[92.1582,24.5152],[92.155,24.523],[92.1695,24.5318]],[[91.9713,24.3823],[91.9718,24.383],[91.9716,24.3833],[91.971,24.3818],[91.9713,24.3823]]]}},{"type":"Feature","properties":{"name":"Meghalaya"},"geometry":{"type":"Polygon","coordinates":[[[91.8262,26.1193],[91.8792,26.098],[91.8673,26.042],[91.8748,26.043],[91.883,26.0261],[91.9147,26.0205],[91.9098,26.0088],[91.919,25.9978],[91.9283,26.0024],[91.9311,26.0124],[91.9836,26.0258],[91.9891,26.0385],[92.0306,26.0396],[92.0514,26.0328],[92.0973,26.0492],[92.1326,26.0442],[92.1342,26.0524],[92.1694,26.0776],[92.1788,26.0782],[92.1761,26.0702],[92.1872,26.0666],[92.2205,26.0703],[92.2416,26.0618],[92.2749,26.0657],[92.2639,26.0574],[92.27,26.0475],[92.2611,26.0416],[92.2635,26.0331],[92.2339,26.0091],[92.2119,26.0046],[92.2092,25.9979],[92.2039,26.0012],[92.1985,25.9882],[92.1809,25.985],[92.1787,25.9774],[92.1642,25.9703],[92.1641,25.9578],[92.1524,25.9443],[92.1609,25.9282],[92.1547,25.911],[92.1755,25.9074],[92.1945,25.9185],[92.194,25.9117],[92.2023,25.9063],[92.2256,25.9092],[92.215,25.8953],[92.1772,25.8727],[92.1775,25.8515],[92.162,25.8355],[92.1613,25.8206],[92.1511,25.8166],[92.1464,25.7841],[92.1527,25.778],[92.1478,25.773],[92.1627,25.7409],[92.1442,25.7168],[92.1548,25.7062],[92.1605,25.6841],[92.1561,25.6722],[92.1702,25.6671],[92.2081,25.6956],[92.225,25.7161],[92.2317,25.7159],[92.2345,25.7076],[92.2473,25.7131],[92.2644,25.7091],[92.3113,25.7279],[92.3169,25.7224],[92.3335,25.7241],[92.3532,25.7398],[92.3643,25.7374],[92.3689,25.7473],[92.384,25.7545],[92.3818,25.742],[92.4066,25.7446],[92.4143,25.7415],[92.4116,25.73],[92.4312,25.7322],[92.4443,25.7197],[92.4477,25.709],[92.4379,25.7058],[92.4406,25.6916],[92.4703,25.6752],[92.5056,25.6163],[92.5542,25.6148],[92.5567,25.571],[92.5725,25.5574],[92.5948,25.5516],[92.6019,25.5619],[92.622,25.5652],[92.6417,25.5885],[92.653,25.5909],[92.6615,25.5722],[92.6568,25.5608],[92.6454,25.5557],[92.6428,25.5348],[92.5737,25.4905],[92.5647,25.4655],[92.5804,25.4721],[92.5841,25.4656],[92.5986,25.4681],[92.6066,25.4132],[92.6186,25.423],[92.6276,25.422],[92.6256,25.4349],[92.6396,25.4176],[92.6536,25.4335],[92.6519,25.4192],[92.6616,25.4064],[92.6735,25.414],[92.7179,25.3726],[92.7237,25.3788],[92.738,25.3793],[92.7324,25.3689],[92.7464,25.3583],[92.7499,25.3441],[92.7611,25.3335],[92.7699,25.3382],[92.7818,25.3332],[92.7869,25.3144],[92.7814,25.3045],[92.7925,25.2826],[92.7875,25.2741],[92.7686,25.2681],[92.7777,25.2582],[92.7619,25.2465],[92.7717,25.23],[92.782,25.2302],[92.8021,25.2151],[92.7762,25.1996],[92.7429,25.2067],[92.6939,25.1792],[92.6772,25.1825],[92.668,25.1741],[92.6635,25.1767],[92.6558,25.155],[92.6283,25.1381],[92.6214,25.115],[92.5881,25.1288],[92.5554,25.127],[92.5216,25.139],[92.5394,25.0991],[92.481,25.1086],[92.472,25.0673],[92.457,25.0541],[92.4643,25.0374],[92.4425,25.0452],[92.4382,25.0346],[92.4215,25.0278],[92.3838,25.0424],[92.3697,25.0409],[92.363,25.0499],[92.3415,25.0485],[92.3486,25.0735],[92.3349,25.0784],[92.3218,25.0782],[92.3191,25.0699],[92.3106,25.069],[92.2314,25.0969],[92.2276,25.0937],[92.2219,25.104],[92.1962,25.108],[92.2004,25.12],[92.2194,25.117],[92.1945,25.1256],[92.1893,25.1363],[92.1839,25.1179],[92.1789,25.1261],[92.1596,25.1266],[92.1649,25.1305],[92.1589,25.133],[92.1657,25.1359],[92.1358,25.1387],[92.1446,25.1397],[92.1344,25.1428],[92.1341,25.1527],[92.1397,25.1538],[92.1329,25.1601],[92.0739,25.1849],[92.0406,25.1864],[92.0262,25.1792],[92.0164,25.1872],[92.0038,25.1862],[91.9717,25.1676],[91.9668,25.1764],[91.9163,25.1813],[91.8806,25.1729],[91.876,25.1774],[91.8556,25.1725],[91.827,25.1778],[91.7746,25.1631],[91.7586,25.1684],[91.756,25.1775],[91.7447,25.1698],[91.7498,25.1592],[91.7425,25.1446],[91.7476,25.1402],[91.7038,25.16],[91.7036,25.1495],[91.6918,25.1371],[91.6699,25.1379],[91.664,25.1352],[91.665,25.1284],[91.6528,25.1312],[91.6379,25.1225],[91.6232,25.1279],[91.6215,25.1434],[91.6021,25.1427],[91.6,25.1596],[91.6041,25.1674],[91.6154,25.1697],[91.6097,25.177],[91.5771,25.172],[91.5716,25.1653],[91.5766,25.1598],[91.5631,25.1606],[91.5572,25.1498],[91.5096,25.1474],[91.4996,25.1354],[91.471,25.1336],[91.4642,25.1348],[91.4704,25.1397],[91.4686,25.1518],[91.4406,25.1496],[91.4251,25.157],[91.4146,25.1711],[91.4109,25.1637],[91.3986,25.1645],[91.3688,25.1706],[91.3638,25.1781],[91.3538,25.1713],[91.3515,25.1758],[91.327,25.1762],[91.3178,25.1837],[91.2866,25.1853],[91.2922,25.1933],[91.268,25.2072],[91.2516,25.1952],[91.1947,25.2018],[91.1252,25.194],[91.0696,25.1984],[91.0679,25.1915],[91.0191,25.187],[90.928,25.1622],[90.884,25.1667],[90.862,25.1576],[90.8059,25.1659],[90.8055,25.1736],[90.7947,25.1813],[90.784,25.1793],[90.7804,25.1861],[90.7638,25.1783],[90.7604,25.1682],[90.7342,25.1668],[90.7332,25.162],[90.7419,25.1612],[90.7333,25.1549],[90.71,25.1681],[90.7066,25.1611],[90.7006,25.1648],[90.6981,25.1568],[90.6822,25.1643],[90.6862,25.1743],[90.6757,25.1764],[90.666,25.1658],[90.6634,25.1979],[90.6569,25.1848],[90.6524,25.1922],[90.6476,25.1941],[90.6511,25.182],[90.6403,25.1836],[90.6409,25.1745],[90.6183,25.1725],[90.6094,25.1791],[90.576,25.1716],[90.5086,25.1754],[90.5099,25.1694],[90.4991,25.1722],[90.4859,25.1611],[90.4508,25.1524],[90.4493,25.145],[90.4411,25.1445],[90.4045,25.16],[90.3705,25.1628],[90.3302,25.1938],[90.3104,25.1888],[90.234,25.2049],[90.2255,25.2005],[90.1715,25.2231],[90.1181,25.2235],[90.0741,25.244],[90.0545,25.2614],[90.0338,25.2623],[90.0042,25.2806],[89.996,25.2766],[89.9808,25.2809],[89.9771,25.2968],[89.9667,25.3037],[89.9545,25.301],[89.9492,25.2927],[89.9439,25.3044],[89.939,25.299],[89.907,25.3077],[89.8766,25.2853],[89.8312,25.296],[89.8414,25.3148],[89.8214,25.3555],[89.8254,25.4133],[89.843,25.4565],[89.8717,25.4773],[89.8767,25.4955],[89.8729,25.5074],[89.8859,25.5079],[89.8835,25.5191],[89.8733,25.5169],[89.8679,25.5242],[89.8788,25.5377],[89.8772,25.549],[89.8987,25.5605],[89.9722,25.5735],[89.9835,25.5912],[90.003,25.5854],[90.0203,25.6075],[90.0042,25.6202],[90.0041,25.6267],[89.9988,25.6224],[89.9832,25.6268],[89.9792,25.6388],[89.9505,25.6556],[89.9444,25.6793],[89.9236,25.6945],[89.8991,25.7264],[89.8947,25.745],[89.9243,25.7383],[89.9373,25.7451],[89.9352,25.7545],[89.9548,25.7672],[89.9594,25.7799],[89.9544,25.788],[89.9584,25.8013],[89.9483,25.8255],[89.9577,25.8291],[89.9542,25.8213],[89.962,25.8202],[89.9676,25.8225],[89.964,25.8331],[89.9711,25.8264],[89.9815,25.8355],[90.0036,25.8392],[90.0007,25.8462],[90.0158,25.8507],[90.0238,25.8672],[90.0081,25.8816],[90.0252,25.8957],[90.0425,25.8877],[90.0414,25.8941],[90.0554,25.9006],[90.0606,25.9135],[90.0862,25.9195],[90.0854,25.9255],[90.0941,25.9278],[90.0921,25.9381],[90.1067,25.9423],[90.1169,25.9572],[90.1405,25.9573],[90.1514,25.9667],[90.1585,25.9572],[90.1769,25.959],[90.1869,25.9441],[90.2029,25.9609],[90.2099,25.9597],[90.2115,25.9526],[90.2706,25.9603],[90.3274,25.9744],[90.3315,25.9876],[90.3404,25.9883],[90.3527,26.0056],[90.3997,26.0125],[90.4241,25.9889],[90.4761,26.0096],[90.5025,25.9915],[90.535,25.9496],[90.5342,25.939],[90.5086,25.9015],[90.515,25.8961],[90.5491,25.9154],[90.5438,25.9236],[90.5767,25.9367],[90.5798,25.9513],[90.5879,25.9581],[90.6241,25.9392],[90.6063,25.9166],[90.6136,25.8993],[90.6219,25.8978],[90.6308,25.9063],[90.6262,25.9134],[90.6316,25.9198],[90.6727,25.9346],[90.6883,25.9489],[90.7176,25.9549],[90.7245,25.9468],[90.7481,25.9567],[90.7404,25.9394],[90.7467,25.9281],[90.7528,25.9343],[90.7542,25.9294],[90.739,25.9162],[90.7453,25.9118],[90.7605,25.9219],[90.7567,25.911],[90.7664,25.9076],[90.7812,25.9113],[90.7845,25.9251],[90.8091,25.9524],[90.8244,25.9454],[90.8362,25.9484],[90.8355,25.9366],[90.8444,25.946],[90.8748,25.9426],[90.8717,25.9476],[90.8767,25.9494],[90.8811,25.9428],[90.8845,25.9503],[90.89,25.9381],[90.8975,25.9375],[90.8944,25.9312],[90.9053,25.9289],[90.9168,25.9141],[90.9173,25.9444],[90.9339,25.9398],[90.9474,25.9481],[90.9461,25.941],[90.957,25.935],[90.9666,25.9141],[90.9689,25.8852],[90.9761,25.8897],[91.0305,25.8858],[91.0279,25.8693],[91.014,25.8569],[91.0153,25.8484],[91.0014,25.8251],[91.006,25.8204],[91.0225,25.8238],[91.0482,25.8492],[91.0672,25.8466],[91.0785,25.8527],[91.0719,25.8388],[91.0489,25.8293],[91.0621,25.8208],[91.0771,25.8289],[91.1204,25.8329],[91.1476,25.8505],[91.1802,25.844],[91.1958,25.8614],[91.2036,25.8432],[91.1863,25.8184],[91.1904,25.8114],[91.1783,25.7774],[91.1893,25.764],[91.1905,25.7478],[91.2101,25.7255],[91.2225,25.7226],[91.2745,25.7504],[91.3354,25.8405],[91.3423,25.8357],[91.4225,25.8545],[91.4451,25.8397],[91.4631,25.857],[91.4779,25.8573],[91.4837,25.8642],[91.5137,25.864],[91.5224,25.8729],[91.5304,25.8713],[91.5352,25.8839],[91.5266,25.8911],[91.5131,25.8657],[91.4816,25.8678],[91.4748,25.874],[91.484,25.893],[91.5039,25.8912],[91.4987,25.896],[91.5049,25.9078],[91.537,25.9312],[91.5366,25.9358],[91.5033,25.9137],[91.5029,25.9265],[91.5198,25.9399],[91.5181,25.9597],[91.5356,25.9623],[91.5384,25.9714],[91.5512,25.9766],[91.5722,26.0154],[91.5707,26.0257],[91.5798,26.0332],[91.5975,26.0181],[91.6195,26.026],[91.6311,26.022],[91.6349,26.0121],[91.6261,25.9867],[91.6407,25.9638],[91.6344,25.9605],[91.6299,25.9433],[91.6119,25.945],[91.6095,25.9374],[91.6515,25.9063],[91.6706,25.9042],[91.7201,25.9536],[91.723,26.0351],[91.7253,26.0462],[91.7369,26.0562],[91.7311,26.0589],[91.7627,26.0724],[91.7773,26.0893],[91.7914,26.0852],[91.8004,26.1],[91.809,26.0978],[91.8262,26.1193]]]}},{"type":"Feature","properties":{"name":"Bihar"},"geometry":{"type":"Polygon","coordinates":[[[84.1088,27.5217],[84.1242,27.5108],[84.1514,27.5167],[84.1446,27.4964],[84.1491,27.4859],[84.1869,27.4701],[84.2054,27.4704],[84.2089,27.4426],[84.2207,27.4412],[84.2308,27.4563],[84.2543,27.454],[84.2585,27.4392],[84.2731,27.4285],[84.2783,27.4158],[84.2769,27.3958],[84.2831,27.3965],[84.2924,27.3848],[84.3005,27.3907],[84.3331,27.3773],[84.3736,27.3766],[84.3919,27.368],[84.4404,27.3705],[84.4703,27.3547],[84.4764,27.3623],[84.6219,27.3369],[84.6911,27.2148],[84.6847,27.2128],[84.6803,27.2001],[84.6797,27.1852],[84.6857,27.181],[84.6757,27.1712],[84.6812,27.1689],[84.6771,27.1626],[84.6868,27.1584],[84.6805,27.1518],[84.6838,27.1435],[84.6768,27.1152],[84.6698,27.1096],[84.6749,27.1089],[84.6745,27.0959],[84.6644,27.0946],[84.6704,27.0912],[84.6462,27.0756],[84.6434,27.0461],[84.7567,27.0028],[84.7734,27.0177],[84.789,27.0089],[84.7862,26.9985],[84.7936,26.9958],[84.7973,27.0042],[84.8005,27.0009],[84.8081,27.0076],[84.8085,27.0181],[84.8254,27.0209],[84.855,27.0077],[84.8496,26.9977],[84.8578,26.9976],[84.8557,26.9864],[84.888,26.9776],[84.8916,26.9697],[84.9626,26.9605],[84.9785,26.9401],[84.9681,26.9161],[85.0001,26.9119],[85.0023,26.9037],[84.9928,26.903],[85.005,26.8947],[85.0612,26.8866],[85.0562,26.8811],[85.0493,26.8846],[85.0534,26.8806],[85.0427,26.8741],[85.0309,26.8744],[85.0267,26.8624],[85.0308,26.8585],[85.024,26.8544],[85.0575,26.8491],[85.0633,26.8582],[85.0641,26.8495],[85.0782,26.8587],[85.0839,26.8535],[85.0899,26.8597],[85.0865,26.8668],[85.1054,26.8717],[85.1908,26.8698],[85.1912,26.8308],[85.1767,26.8096],[85.1806,26.7956],[85.1929,26.7904],[85.1973,26.7697],[85.211,26.7584],[85.24,26.762],[85.3071,26.7519],[85.3345,26.7417],[85.3554,26.7601],[85.3751,26.7609],[85.4077,26.7913],[85.4546,26.7818],[85.4779,26.7929],[85.4792,26.8021],[85.4956,26.797],[85.4977,26.8119],[85.5197,26.8146],[85.5433,26.8384],[85.5536,26.8345],[85.5578,26.8443],[85.566,26.8411],[85.5756,26.861],[85.5839,26.8581],[85.5857,26.8474],[85.6239,26.8738],[85.6346,26.8722],[85.6424,26.8533],[85.681,26.8432],[85.7211,26.8204],[85.7345,26.7959],[85.7287,26.7498],[85.734,26.7371],[85.7233,26.6998],[85.7236,26.6742],[85.7367,26.6642],[85.7342,26.6508],[85.7698,26.6299],[85.8018,26.6243],[85.8036,26.615],[85.8177,26.6028],[85.8306,26.6016],[85.8312,26.6115],[85.8513,26.6087],[85.8581,26.5899],[85.8492,26.569],[85.8875,26.583],[85.892,26.5947],[85.9007,26.595],[85.9139,26.6088],[85.9271,26.6098],[85.9291,26.6168],[85.9482,26.614],[85.9464,26.6218],[85.9556,26.6309],[85.9533,26.6437],[85.9601,26.651],[85.9758,26.6585],[86.0116,26.6552],[86.0276,26.6668],[86.0698,26.6573],[86.074,26.6497],[86.1196,26.6301],[86.1388,26.6288],[86.1363,26.6063],[86.1714,26.617],[86.1922,26.6148],[86.1963,26.5939],[86.2055,26.5966],[86.2177,26.5885],[86.2344,26.5907],[86.2527,26.6171],[86.293,26.6131],[86.3079,26.62],[86.3329,26.6191],[86.3448,26.6169],[86.3415,26.6059],[86.3971,26.5933],[86.3952,26.5851],[86.4559,26.568],[86.4986,26.5421],[86.5415,26.5387],[86.5703,26.4966],[86.6211,26.4842],[86.6296,26.4776],[86.6269,26.467],[86.6334,26.4643],[86.6932,26.4512],[86.7003,26.4372],[86.7203,26.4349],[86.7314,26.4226],[86.7472,26.4282],[86.744,26.4356],[86.7665,26.4594],[86.8338,26.4391],[86.8469,26.4419],[86.8459,26.4483],[86.8559,26.4486],[86.8614,26.4579],[86.8734,26.454],[86.8942,26.4619],[86.8917,26.4862],[86.93,26.4897],[86.9322,26.517],[86.9613,26.524],[86.9753,26.5201],[87.0154,26.532],[87.0425,26.5683],[87.0447,26.5872],[87.0718,26.5858],[87.0728,26.542],[87.0917,26.4503],[87.1626,26.4039],[87.1892,26.4053],[87.1858,26.4142],[87.2124,26.413],[87.2191,26.4028],[87.2288,26.4136],[87.2611,26.4093],[87.2663,26.4056],[87.266,26.3739],[87.2895,26.3737],[87.3016,26.3661],[87.3125,26.3716],[87.3411,26.3475],[87.3584,26.3611],[87.3535,26.372],[87.3564,26.3879],[87.3689,26.4079],[87.3762,26.407],[87.3886,26.4191],[87.4279,26.4224],[87.4638,26.4395],[87.5165,26.4308],[87.5477,26.4184],[87.553,26.4057],[87.588,26.3923],[87.5872,26.3819],[87.6048,26.3809],[87.6123,26.3901],[87.6519,26.3935],[87.6502,26.406],[87.6781,26.4158],[87.6776,26.4355],[87.7111,26.4275],[87.7339,26.4076],[87.7393,26.4176],[87.7484,26.418],[87.7539,26.408],[87.7648,26.4099],[87.7762,26.4218],[87.7705,26.4275],[87.7754,26.427],[87.7779,26.4357],[87.773,26.436],[87.7779,26.4422],[87.774,26.4504],[87.7883,26.4607],[87.7895,26.4694],[87.8297,26.45],[87.8283,26.44],[87.8488,26.4365],[87.851,26.4453],[87.8614,26.4489],[87.8584,26.4639],[87.886,26.4764],[87.8883,26.4868],[87.9098,26.4576],[87.8987,26.4487],[87.9251,26.4448],[87.916,26.4318],[87.9258,26.4281],[87.9269,26.4178],[87.966,26.3972],[87.9919,26.3926],[87.9954,26.366],[88.0067,26.361],[88.0307,26.3649],[88.0274,26.3816],[88.0346,26.3919],[88.0558,26.4004],[88.0601,26.4095],[88.0714,26.4081],[88.0697,26.4136],[88.0961,26.4402],[88.0922,26.4633],[88.1031,26.4656],[88.0979,26.4725],[88.1071,26.4757],[88.1003,26.4802],[88.1055,26.4891],[88.0986,26.5059],[88.0903,26.5072],[88.103,26.5182],[88.1037,26.536],[88.098,26.5378],[88.1116,26.5451],[88.1103,26.5494],[88.1313,26.5262],[88.146,26.5222],[88.1503,26.5318],[88.1665,26.5355],[88.1686,26.5534],[88.1791,26.5448],[88.1893,26.5596],[88.2021,26.5549],[88.2184,26.5533],[88.2121,26.5542],[88.2204,26.5563],[88.2158,26.5732],[88.231,26.5724],[88.2355,26.5447],[88.1965,26.5214],[88.1826,26.5041],[88.1984,26.4847],[88.214,26.483],[88.2207,26.4864],[88.2197,26.4931],[88.2276,26.4919],[88.2258,26.48],[88.2152,26.4771],[88.242,26.4566],[88.251,26.433],[88.2734,26.419],[88.2614,26.4199],[88.2373,26.3961],[88.2383,26.3808],[88.2522,26.3739],[88.2653,26.3812],[88.2833,26.3779],[88.2875,26.358],[88.2967,26.3589],[88.2998,26.3487],[88.2856,26.3474],[88.2864,26.3317],[88.2783,26.3255],[88.265,26.3348],[88.2533,26.3343],[88.2504,26.3113],[88.241,26.3005],[88.2311,26.3011],[88.2277,26.2848],[88.2137,26.2741],[88.2052,26.2775],[88.1998,26.2698],[88.1857,26.2708],[88.1767,26.254],[88.1577,26.256],[88.146,26.2501],[88.1385,26.2405],[88.142,26.2263],[88.1165,26.2237],[88.1178,26.2191],[88.0927,26.2029],[88.0904,26.1917],[88.0785,26.1869],[88.0733,26.1751],[88.0667,26.1774],[88.0585,26.1707],[88.0349,26.1791],[88.0199,26.1607],[88.0093,26.1603],[88.0142,26.1509],[88.0105,26.1453],[87.9984,26.1396],[87.9925,26.151],[87.9855,26.1425],[87.9752,26.143],[87.982,26.1273],[87.969,26.1192],[87.9855,26.1174],[87.9888,26.1051],[87.9642,26.0949],[87.981,26.0848],[87.9824,26.0726],[87.9536,26.0752],[87.9489,26.06],[87.9351,26.0641],[87.9267,26.0839],[87.8936,26.064],[87.8863,26.0433],[87.8555,26.035],[87.8481,25.9695],[87.8374,25.9599],[87.8346,25.9463],[87.8397,25.9338],[87.8345,25.9302],[87.821,25.9361],[87.8108,25.9279],[87.8147,25.9161],[87.8098,25.9119],[87.8255,25.911],[87.8224,25.8996],[87.8296,25.8927],[87.8244,25.887],[87.8297,25.8715],[87.8579,25.8647],[87.8747,25.8681],[87.8759,25.8604],[87.8831,25.8593],[87.8924,25.8657],[87.9157,25.8533],[87.9042,25.8429],[87.9094,25.8401],[87.8987,25.8379],[87.9035,25.833],[87.8934,25.8364],[87.8892,25.8297],[87.9057,25.8305],[87.9004,25.8232],[87.9177,25.8161],[87.9002,25.807],[87.9104,25.8036],[87.9053,25.8025],[87.9099,25.7808],[87.9044,25.7724],[87.9259,25.7769],[87.9369,25.7684],[87.9352,25.7733],[87.942,25.7742],[87.9504,25.7582],[87.9472,25.7512],[87.9684,25.7342],[87.9679,25.726],[88.0007,25.7228],[88.0022,25.7161],[88.0216,25.7102],[88.0211,25.6963],[88.0324,25.7042],[88.0497,25.7022],[88.0554,25.6914],[88.0487,25.6819],[88.0508,25.6542],[88.0361,25.6488],[88.0453,25.6422],[88.0553,25.6447],[88.0398,25.6392],[88.0345,25.6305],[88.0438,25.6103],[88.0309,25.6072],[88.0397,25.6008],[88.0266,25.6031],[88.0217,25.5961],[88.0245,25.5825],[88.0353,25.581],[88.0209,25.5704],[88.0316,25.5664],[88.0363,25.5751],[88.0402,25.5736],[88.0288,25.5614],[88.0315,25.5541],[88.0522,25.5491],[88.0651,25.5319],[88.0598,25.5264],[88.0694,25.526],[88.0655,25.5231],[88.0718,25.5145],[88.0666,25.5095],[88.0685,25.5073],[88.0752,25.5084],[88.0771,25.5067],[88.072,25.504],[88.0733,25.4836],[88.0653,25.4893],[88.0504,25.4855],[88.0306,25.4906],[88.0136,25.514],[88.002,25.5143],[88.0043,25.4962],[87.9849,25.5255],[87.9742,25.5257],[87.9662,25.5362],[87.9271,25.539],[87.9155,25.5336],[87.9028,25.5047],[87.8972,25.5039],[87.884,25.5205],[87.8855,25.5093],[87.8651,25.4938],[87.8684,25.4681],[87.8627,25.463],[87.863,25.4694],[87.8552,25.4714],[87.8306,25.4618],[87.8241,25.4364],[87.8143,25.4349],[87.7871,25.4492],[87.7853,25.4371],[87.7735,25.4288],[87.7787,25.4103],[87.7669,25.4161],[87.7705,25.405],[87.7649,25.3838],[87.7896,25.3768],[87.7843,25.3401],[87.7928,25.3295],[87.8084,25.3275],[87.8462,25.305],[87.8535,25.2899],[87.8467,25.2645],[87.8185,25.2419],[87.7628,25.2655],[87.7111,25.2575],[87.7114,25.2746],[87.6933,25.2846],[87.6985,25.3039],[87.6851,25.306],[87.692,25.3115],[87.6549,25.3075],[87.6306,25.3197],[87.6273,25.3115],[87.6179,25.318],[87.6105,25.3132],[87.584,25.3318],[87.5918,25.3419],[87.5841,25.3494],[87.5712,25.3333],[87.5519,25.3326],[87.543,25.281],[87.5322,25.2803],[87.517,25.2932],[87.5018,25.2923],[87.4936,25.3037],[87.4874,25.2972],[87.5006,25.2598],[87.4829,25.2518],[87.4733,25.2382],[87.4782,25.1943],[87.4124,25.215],[87.4014,25.2271],[87.3836,25.2243],[87.3719,25.2062],[87.3346,25.2161],[87.3276,25.2236],[87.3157,25.1805],[87.3194,25.1652],[87.3051,25.1428],[87.2956,25.0885],[87.2699,25.0939],[87.2414,25.1168],[87.235,25.107],[87.2442,25.1007],[87.2372,25.0891],[87.2127,25.0911],[87.2113,25.0807],[87.2004,25.0781],[87.1927,25.0661],[87.1811,25.0657],[87.1624,25.0332],[87.1458,25.0193],[87.1544,24.9779],[87.1462,24.9416],[87.1545,24.9323],[87.145,24.9192],[87.157,24.8998],[87.1568,24.8809],[87.1412,24.8645],[87.144,24.8613],[87.1325,24.8624],[87.1094,24.8516],[87.1121,24.8475],[87.1047,24.8468],[87.0914,24.8234],[87.0769,24.8237],[87.0745,24.8177],[87.0742,24.8083],[87.0958,24.8027],[87.0787,24.7775],[87.0843,24.7561],[87.0699,24.7449],[87.0812,24.7291],[87.0681,24.7033],[87.0693,24.6932],[87.0541,24.6693],[87.0463,24.6299],[87.0511,24.6085],[87.0381,24.6172],[87.036,24.6129],[87.0231,24.6157],[87.02,24.6297],[87.0108,24.6311],[87.007,24.6229],[86.9962,24.6199],[86.9784,24.64],[86.953,24.6313],[86.9583,24.6489],[86.9398,24.6525],[86.9455,24.6357],[86.9332,24.6311],[86.92,24.6023],[86.9088,24.5956],[86.9165,24.5451],[86.9007,24.5589],[86.8877,24.5617],[86.8813,24.5741],[86.8612,24.5663],[86.8568,24.5546],[86.8409,24.5628],[86.8436,24.5748],[86.8021,24.5702],[86.8099,24.5816],[86.8062,24.5937],[86.811,24.5992],[86.7871,24.6164],[86.7534,24.618],[86.75,24.5953],[86.735,24.5795],[86.7216,24.5831],[86.6694,24.5661],[86.6521,24.5701],[86.6463,24.5804],[86.6316,24.5849],[86.6243,24.5999],[86.6107,24.5993],[86.6151,24.6087],[86.6035,24.6081],[86.5805,24.5666],[86.5591,24.5648],[86.563,24.5532],[86.5527,24.5443],[86.5525,24.536],[86.5277,24.5442],[86.4998,24.5098],[86.5026,24.493],[86.4928,24.4907],[86.4923,24.4781],[86.4836,24.4676],[86.4954,24.4561],[86.4913,24.428],[86.4773,24.4344],[86.481,24.4279],[86.4679,24.4251],[86.4721,24.3935],[86.467,24.3809],[86.4453,24.3678],[86.4327,24.3801],[86.4131,24.3802],[86.4051,24.3877],[86.4105,24.3925],[86.4021,24.4079],[86.3774,24.4307],[86.3651,24.4254],[86.3583,24.4291],[86.3492,24.4465],[86.3172,24.4415],[86.2943,24.4514],[86.2989,24.4607],[86.2762,24.4658],[86.3092,24.5111],[86.3053,24.5279],[86.2972,24.5333],[86.3078,24.5475],[86.3007,24.5608],[86.3228,24.5868],[86.3085,24.5884],[86.3026,24.5832],[86.2848,24.5879],[86.27,24.5854],[86.2744,24.5769],[86.2633,24.5842],[86.2592,24.5781],[86.2541,24.5874],[86.243,24.5877],[86.2401,24.5995],[86.215,24.6138],[86.2137,24.5943],[86.1888,24.5834],[86.1669,24.5837],[86.1507,24.5924],[86.1502,24.6016],[86.1324,24.6034],[86.1246,24.6112],[86.1154,24.6437],[86.1244,24.6546],[86.1248,24.6719],[86.1313,24.6756],[86.1286,24.6987],[86.1072,24.7349],[86.0942,24.7448],[86.0664,24.7518],[86.0369,24.7406],[86.0345,24.746],[86.0567,24.7605],[86.0553,24.7797],[85.9804,24.7486],[85.9702,24.733],[85.9454,24.7329],[85.9196,24.7448],[85.8866,24.7838],[85.8897,24.7926],[85.8673,24.8046],[85.8248,24.8084],[85.8096,24.7941],[85.7782,24.7965],[85.7622,24.8128],[85.7367,24.8207],[85.7224,24.7859],[85.7075,24.7795],[85.7072,24.7245],[85.6814,24.6915],[85.649,24.6845],[85.6667,24.6611],[85.6625,24.6501],[85.6762,24.6164],[85.6776,24.5909],[85.668,24.5789],[85.6513,24.5745],[85.6153,24.5807],[85.6019,24.5957],[85.5807,24.6007],[85.5662,24.5869],[85.5718,24.5616],[85.5608,24.5527],[85.5409,24.5623],[85.5457,24.5487],[85.5417,24.5318],[85.5239,24.5209],[85.5078,24.5252],[85.5094,24.5372],[85.4978,24.5465],[85.4779,24.5465],[85.4607,24.5364],[85.4367,24.5339],[85.4345,24.528],[85.3846,24.5554],[85.3709,24.5552],[85.3976,24.5448],[85.3917,24.5299],[85.3216,24.5198],[85.2882,24.523],[85.2805,24.5137],[85.2827,24.4916],[85.2497,24.4908],[85.2262,24.4632],[85.2084,24.4665],[85.2011,24.4606],[85.1615,24.4607],[85.1527,24.4551],[85.174,24.4205],[85.1232,24.4019],[85.1172,24.3915],[85.1031,24.385],[85.104,24.3772],[85.0888,24.3722],[85.0727,24.3808],[85.0817,24.3984],[85.0796,24.4334],[85.0674,24.4228],[85.0619,24.4074],[85.0282,24.4153],[84.984,24.3874],[84.9747,24.3746],[84.9541,24.3715],[84.9367,24.3798],[84.9039,24.3722],[84.9008,24.3765],[84.9092,24.3836],[84.9044,24.3953],[84.8821,24.4246],[84.8875,24.4319],[84.8874,24.4631],[84.8753,24.4671],[84.8641,24.4571],[84.8536,24.4665],[84.8488,24.4543],[84.8399,24.4523],[84.8407,24.469],[84.8328,24.4701],[84.8388,24.5127],[84.8258,24.5253],[84.8084,24.5219],[84.8022,24.5306],[84.7893,24.518],[84.7861,24.5035],[84.7552,24.4998],[84.7283,24.4697],[84.7103,24.4709],[84.6864,24.4567],[84.6792,24.4357],[84.6713,24.4299],[84.6763,24.4253],[84.6653,24.3909],[84.6466,24.403],[84.6422,24.3988],[84.6307,24.405],[84.6147,24.3987],[84.595,24.4047],[84.586,24.4002],[84.5831,24.4128],[84.5676,24.4092],[84.5615,24.3963],[84.5743,24.3889],[84.5724,24.3828],[84.554,24.3728],[84.5278,24.3764],[84.5351,24.3636],[84.5247,24.3505],[84.5317,24.3386],[84.5097,24.3155],[84.507,24.2978],[84.4962,24.2863],[84.4896,24.2929],[84.4964,24.2996],[84.4854,24.3066],[84.4889,24.3146],[84.5074,24.3245],[84.5051,24.3313],[84.4837,24.3129],[84.4669,24.3172],[84.4601,24.3373],[84.4244,24.3298],[84.4308,24.3565],[84.4006,24.3645],[84.4066,24.3747],[84.3939,24.3733],[84.388,24.3886],[84.3735,24.3834],[84.342,24.3932],[84.3446,24.3992],[84.3305,24.4103],[84.3344,24.4204],[84.3205,24.4211],[84.3246,24.4275],[84.3356,24.4248],[84.3356,24.4313],[84.3217,24.446],[84.2974,24.449],[84.2914,24.4662],[84.3028,24.48],[84.3274,24.4872],[84.3276,24.5003],[84.3,24.5453],[84.2973,24.5604],[84.2705,24.5601],[84.2797,24.5472],[84.259,24.5342],[84.2569,24.5269],[84.2476,24.5288],[84.2496,24.5357],[84.2423,24.5419],[84.2358,24.539],[84.2356,24.5501],[84.2203,24.547],[84.2148,24.5326],[84.2011,24.5443],[84.1999,24.5547],[84.1883,24.5533],[84.1841,24.545],[84.1728,24.545],[84.1779,24.5263],[84.1856,24.522],[84.1783,24.5051],[84.1564,24.5108],[84.1526,24.5157],[84.1632,24.5334],[84.1457,24.5375],[84.1346,24.5242],[84.1407,24.5005],[84.1257,24.4923],[84.1248,24.4808],[84.1084,24.4774],[84.0901,24.4979],[84.0918,24.5051],[84.0855,24.5062],[84.0932,24.5343],[84.0776,24.5415],[84.0732,24.5673],[84.0587,24.5722],[84.065,24.5816],[84.062,24.5867],[84.0506,24.5868],[84.0572,24.5926],[84.0473,24.6044],[84.0521,24.6103],[84.0328,24.6202],[84.0339,24.6299],[84.025,24.6288],[84.0273,24.6337],[84.0084,24.6427],[83.9981,24.6382],[83.9748,24.5913],[83.9368,24.5496],[83.8727,24.5321],[83.8619,24.537],[83.8015,24.5299],[83.7546,24.5093],[83.7187,24.5033],[83.6878,24.5138],[83.596,24.5126],[83.5521,24.5232],[83.5033,24.5254],[83.4972,24.5391],[83.5223,24.5476],[83.5301,24.5673],[83.5236,24.6031],[83.5304,24.6124],[83.5419,24.6127],[83.548,24.6232],[83.5437,24.6283],[83.5247,24.6278],[83.5298,24.643],[83.5202,24.641],[83.5005,24.6512],[83.504,24.6663],[83.5204,24.6775],[83.4989,24.6948],[83.4987,24.7033],[83.4851,24.7016],[83.4894,24.7364],[83.4583,24.7315],[83.4281,24.7682],[83.3931,24.7829],[83.3917,24.7901],[83.3997,24.7966],[83.394,24.8051],[83.402,24.8135],[83.3969,24.8324],[83.3807,24.8477],[83.377,24.86],[83.3576,24.8705],[83.3696,24.8801],[83.3581,24.8889],[83.3664,24.892],[83.3547,24.9054],[83.364,24.9136],[83.3617,24.9536],[83.3433,24.9633],[83.3506,25.0087],[83.3203,25.0172],[83.3244,25.0373],[83.3358,25.0511],[83.3434,25.0509],[83.3428,25.0599],[83.336,25.0614],[83.3473,25.0868],[83.3501,25.1133],[83.3633,25.1112],[83.3674,25.1252],[83.362,25.1327],[83.3635,25.1535],[83.3514,25.157],[83.3564,25.1776],[83.3498,25.1849],[83.3573,25.1997],[83.3664,25.1953],[83.382,25.2017],[83.3863,25.2121],[83.3932,25.2043],[83.3977,25.2163],[83.4021,25.2091],[83.4028,25.2244],[83.4093,25.2293],[83.4063,25.2377],[83.4137,25.2355],[83.41,25.2466],[83.4184,25.2506],[83.4268,25.2464],[83.4273,25.2536],[83.4363,25.2442],[83.439,25.2578],[83.4431,25.2545],[83.4501,25.261],[83.4622,25.2506],[83.468,25.2523],[83.4904,25.2895],[83.4914,25.2799],[83.5023,25.2874],[83.5055,25.281],[83.509,25.2884],[83.5153,25.2847],[83.527,25.293],[83.5235,25.3025],[83.5341,25.2973],[83.5384,25.3043],[83.5541,25.3085],[83.5473,25.314],[83.5373,25.3097],[83.54,25.3158],[83.5721,25.3146],[83.5738,25.3061],[83.5763,25.315],[83.5858,25.3153],[83.5963,25.3276],[83.6285,25.3285],[83.6338,25.3432],[83.6488,25.3392],[83.6492,25.354],[83.658,25.3596],[83.656,25.3683],[83.6644,25.3619],[83.664,25.3728],[83.6767,25.3643],[83.6938,25.3696],[83.6821,25.3786],[83.6966,25.3824],[83.6945,25.3889],[83.7017,25.3961],[83.7102,25.386],[83.7175,25.3975],[83.7324,25.3981],[83.7406,25.4106],[83.7451,25.4004],[83.7663,25.4009],[83.755,25.3922],[83.769,25.3863],[83.7728,25.3981],[83.7897,25.3967],[83.8079,25.4091],[83.8144,25.4212],[83.8016,25.4298],[83.8464,25.4343],[83.842,25.4469],[83.8129,25.4482],[83.8166,25.4627],[83.8249,25.4658],[83.8328,25.4576],[83.8568,25.4685],[83.8779,25.4992],[83.8763,25.518],[83.9021,25.524],[83.9246,25.5543],[83.9575,25.5701],[84.0174,25.6147],[84.0813,25.6364],[84.0852,25.652],[84.075,25.6953],[84.0892,25.7134],[84.1045,25.721],[84.1289,25.7237],[84.1399,25.7317],[84.1416,25.722],[84.1353,25.724],[84.1299,25.7178],[84.1431,25.7163],[84.1557,25.7239],[84.1488,25.727],[84.1547,25.7293],[84.1989,25.7022],[84.2058,25.6697],[84.2233,25.6624],[84.2765,25.6593],[84.2998,25.6645],[84.2872,25.6766],[84.3165,25.6716],[84.3167,25.6663],[84.324,25.6703],[84.3286,25.7311],[84.3367,25.7435],[84.3646,25.7418],[84.3751,25.7346],[84.3737,25.7436],[84.3778,25.7385],[84.385,25.7468],[84.3911,25.7449],[84.3843,25.732],[84.4,25.7288],[84.4067,25.6978],[84.4269,25.6931],[84.4297,25.711],[84.4442,25.7081],[84.4535,25.7139],[84.4528,25.7091],[84.4621,25.7089],[84.4706,25.6869],[84.4934,25.6906],[84.4918,25.6761],[84.4992,25.6748],[84.5076,25.6817],[84.5202,25.675],[84.5292,25.6827],[84.5346,25.7242],[84.5398,25.7268],[84.5355,25.6905],[84.5575,25.6795],[84.5646,25.7172],[84.5603,25.7369],[84.6005,25.7384],[84.6347,25.7279],[84.6295,25.7432],[84.603,25.7619],[84.6135,25.7759],[84.6236,25.7709],[84.6249,25.7919],[84.5508,25.8406],[84.5485,25.8285],[84.5305,25.8316],[84.5307,25.8534],[84.5232,25.8601],[84.5337,25.8641],[84.5439,25.8589],[84.534,25.8762],[84.5109,25.8714],[84.4895,25.8883],[84.4725,25.8817],[84.4602,25.8895],[84.4276,25.8912],[84.4119,25.9307],[84.3874,25.9373],[84.354,25.9588],[84.3119,25.9438],[84.297,25.9452],[84.2823,25.9588],[84.245,25.9758],[84.2393,25.985],[84.2071,25.9998],[84.1963,25.9879],[84.1761,25.9965],[84.1701,25.9877],[84.1726,26.0246],[84.1377,26.052],[84.1178,26.08],[84.0888,26.1003],[84.056,26.1],[84.049,26.1087],[84.0498,26.1306],[84.0276,26.1423],[84.0338,26.1603],[84.0095,26.1754],[84.0085,26.1886],[84.0285,26.1981],[84.0312,26.2171],[84.0163,26.222],[84.0123,26.2323],[84.0269,26.2398],[84.0622,26.2221],[84.0865,26.2186],[84.0912,26.2337],[84.1174,26.24],[84.1219,26.2588],[84.1512,26.2578],[84.1663,26.241],[84.1617,26.2569],[84.177,26.265],[84.1748,26.2924],[84.1862,26.3129],[84.1728,26.3335],[84.177,26.3706],[84.1213,26.3851],[84.0793,26.3826],[84.0683,26.3884],[84.0637,26.4008],[84.034,26.4117],[84.0174,26.4476],[83.998,26.4464],[83.9915,26.4322],[83.9081,26.4471],[83.9153,26.5028],[83.907,26.5091],[83.9081,26.5191],[83.9167,26.5166],[83.9402,26.5252],[83.9529,26.5177],[83.951,26.509],[83.9712,26.5075],[83.9766,26.5334],[83.9925,26.533],[84.0086,26.5217],[84.0245,26.5321],[84.0478,26.5362],[84.0565,26.5445],[84.0607,26.5682],[84.0891,26.603],[84.0866,26.6391],[84.112,26.6306],[84.1587,26.6362],[84.1603,26.6245],[84.2012,26.6247],[84.2815,26.5995],[84.286,26.6057],[84.3004,26.6038],[84.3074,26.6163],[84.3256,26.6114],[84.3544,26.6198],[84.3795,26.6145],[84.3863,26.6216],[84.4199,26.6264],[84.41,26.6469],[84.4106,26.6701],[84.3304,26.6839],[84.3261,26.7141],[84.3061,26.7495],[84.2861,26.7501],[84.2561,26.7267],[84.2407,26.7387],[84.2326,26.7537],[84.2485,26.7709],[84.2599,26.8044],[84.257,26.8182],[84.2503,26.8193],[84.261,26.8303],[84.2541,26.8565],[84.2196,26.8716],[84.1902,26.8585],[84.1818,26.8335],[84.1662,26.8338],[84.1407,26.8527],[84.1465,26.8854],[84.1313,26.8844],[84.1291,26.8932],[84.118,26.8877],[84.1105,26.8986],[84.0982,26.8759],[84.0944,26.8816],[84.0815,26.8774],[84.0603,26.8881],[84.0524,26.9064],[84.06,26.9202],[84.0534,26.9297],[84.0433,26.9318],[84.0466,26.9392],[84.0322,26.9412],[84.0549,26.9601],[84.0538,26.9753],[84.0458,26.9823],[84.0567,26.9897],[84.0374,27.0091],[84.0496,27.0432],[84.0314,27.0456],[84.0001,27.0686],[84.0167,27.0718],[84.0304,27.0976],[84.0165,27.1054],[83.9645,27.0841],[83.9465,27.0908],[83.9477,27.1125],[83.9629,27.1277],[83.9591,27.1369],[83.9788,27.1648],[83.9942,27.1751],[83.987,27.1975],[83.9675,27.2095],[83.9702,27.224],[83.9538,27.2361],[83.9122,27.2457],[83.9053,27.2574],[83.9051,27.2735],[83.9311,27.2937],[83.9331,27.311],[83.9169,27.3265],[83.9014,27.3258],[83.8715,27.3072],[83.8368,27.3222],[83.8623,27.3353],[83.8638,27.3468],[83.8829,27.3706],[83.877,27.3861],[83.8621,27.3929],[83.8326,27.4256],[83.847,27.4459],[83.8783,27.4355],[83.9325,27.4501],[83.9471,27.4408],[83.9673,27.4461],[83.9781,27.4397],[83.9967,27.4461],[84.0269,27.4335],[84.0274,27.4397],[84.0516,27.4426],[84.0612,27.4527],[84.0591,27.4616],[84.0695,27.4806],[84.0948,27.489],[84.0977,27.5171],[84.1088,27.5217]],[[88.2745,26.3319],[88.2742,26.3307],[88.2758,26.3323],[88.2756,26.3325],[88.2745,26.3319]],[[88.2342,26.3038],[88.2341,26.3038],[88.2341,26.3035],[88.2342,26.3038]]]}},{"type":"Feature","properties":{"name":"Ladakh"},"geometry":{"type":"Polygon","coordinates":[[[76.8093,33.2435],[76.7936,33.2518],[76.7732,33.2803],[76.7756,33.3124],[76.7688,33.3247],[76.7489,33.3425],[76.7263,33.3454],[76.7134,33.357],[76.7017,33.3947],[76.7056,33.4097],[76.6334,33.4395],[76.6205,33.4614],[76.5762,33.4867],[76.5328,33.5348],[76.4892,33.5258],[76.4719,33.5344],[76.4203,33.592],[76.3992,33.5949],[76.3662,33.5696],[76.3224,33.5554],[76.3057,33.5618],[76.3323,33.6719],[76.3337,33.6928],[76.3252,33.7292],[76.3031,33.7502],[76.2271,33.8645],[76.196,33.8833],[76.1304,33.964],[76.0954,33.9864],[76.0604,33.9707],[75.9979,33.962],[75.9654,33.9673],[75.9371,33.9807],[75.8336,34.0716],[75.8072,34.1069],[75.7917,34.1495],[75.7683,34.177],[75.7417,34.1916],[75.7372,34.2032],[75.6329,34.2315],[75.5763,34.2763],[75.4763,34.3738],[75.4813,34.3922],[75.4509,34.4468],[75.4401,34.4873],[75.4624,34.5308],[75.464,34.5499],[75.4349,34.5771],[75.3948,34.5905],[75.3527,34.6438],[75.3432,34.6797],[75.3589,34.7318],[75.3578,34.7824],[75.3461,34.8121],[75.2848,34.8596],[75.2573,34.9068],[75.2442,34.9074],[75.2075,34.8591],[75.1888,34.8547],[75.1772,34.871],[75.1562,34.8609],[75.1431,34.8465],[75.1149,34.8376],[75.0946,34.8141],[75.0643,34.7972],[75.0266,34.8539],[75.0098,34.8621],[74.9029,34.8888],[74.8846,34.897],[74.8412,34.9339],[74.8086,34.9411],[74.7902,34.9148],[74.7927,35.0014],[74.8139,35.0467],[74.7763,35.0611],[74.7339,35.0902],[74.7049,35.0971],[74.6481,35.1399],[74.6374,35.155],[74.6157,35.1398],[74.5337,35.1122],[74.4878,35.0789],[74.46,35.0802],[74.4465,35.0844],[74.4199,35.115],[74.3592,35.1311],[74.2932,35.14],[74.2022,35.1409],[74.1142,35.1224],[74.1059,35.1257],[74.1121,35.1353],[74.0852,35.1489],[74.0317,35.1433],[73.9947,35.1764],[73.9745,35.1788],[73.9568,35.1681],[73.9152,35.208],[73.8497,35.2078],[73.7973,35.2384],[73.7705,35.236],[73.7294,35.2097],[73.708,35.2225],[73.7187,35.2417],[73.6948,35.3184],[73.6939,35.3594],[73.7094,35.4136],[73.7219,35.4275],[73.7608,35.4461],[73.7849,35.4797],[73.7787,35.5225],[73.7475,35.5211],[73.7139,35.5322],[73.6603,35.5344],[73.5841,35.5531],[73.5568,35.5468],[73.5143,35.5614],[73.5015,35.5576],[73.4789,35.5703],[73.3981,35.5571],[73.3636,35.5942],[73.2811,35.6139],[73.1989,35.67],[73.1572,35.6903],[73.1281,35.7164],[73.1116,35.76],[73.1241,35.8386],[73.0817,35.8636],[73.0636,35.8628],[72.9764,35.8339],[72.8917,35.8414],[72.8111,35.8572],[72.7648,35.8332],[72.7556,35.8362],[72.6769,35.8175],[72.5703,35.8486],[72.5491,35.8811],[72.5128,35.9003],[72.5131,35.9387],[72.5349,35.9506],[72.5424,35.9695],[72.5387,35.9851],[72.5578,35.986],[72.5669,36.0075],[72.5594,36.0333],[72.5167,36.0673],[72.5225,36.1069],[72.5439,36.1447],[72.5419,36.168],[72.5358,36.1755],[72.5528,36.2314],[72.5714,36.2514],[72.6117,36.2695],[72.6503,36.2591],[72.6747,36.2636],[72.7091,36.3033],[72.76,36.3227],[72.8508,36.3757],[72.8625,36.416],[72.8597,36.4356],[72.8752,36.4529],[72.9116,36.4682],[72.9597,36.4712],[72.9653,36.4787],[72.9641,36.4984],[72.9798,36.506],[72.9779,36.5115],[73.02,36.5254],[73.0355,36.5375],[73.0533,36.5786],[73.073,36.6053],[73.0475,36.6711],[73.0527,36.6858],[73.0693,36.6923],[73.0676,36.7006],[73.0793,36.6928],[73.1058,36.6966],[73.1419,36.7188],[73.1707,36.724],[73.2036,36.7116],[73.2477,36.7113],[73.3241,36.7313],[73.3555,36.7463],[73.4072,36.7515],[73.483,36.7265],[73.5239,36.7232],[73.563,36.729],[73.5793,36.7224],[73.5861,36.7074],[73.6602,36.7027],[73.7069,36.7207],[73.7366,36.7132],[73.7814,36.721],[73.8411,36.7056],[73.8547,36.7138],[73.863,36.7483],[73.8403,36.7913],[73.8316,36.7953],[73.8064,36.7908],[73.788,36.8189],[73.7588,36.8162],[73.7491,36.8274],[73.7055,36.8378],[73.7062,36.8428],[73.685,36.8557],[73.663,36.8882],[73.6419,36.9041],[73.6626,36.9112],[73.6972,36.9143],[73.7335,36.9007],[73.7513,36.9097],[73.7759,36.9014],[73.8423,36.9085],[74.0277,36.8466],[74.063,36.8404],[74.085,36.8463],[74.1197,36.8417],[74.1274,36.8481],[74.1412,36.8957],[74.152,36.9098],[74.2523,36.9004],[74.3108,36.9299],[74.3541,36.9647],[74.4012,36.9804],[74.4205,36.9961],[74.5174,36.9989],[74.5343,36.9832],[74.5403,36.9633],[74.5584,36.9603],[74.5689,36.9874],[74.5716,37.0344],[74.5794,37.0368],[74.5767,37.0481],[74.5681,37.0518],[74.6158,37.0608],[74.6122,37.0828],[74.644,37.0938],[74.6767,37.097],[74.6892,37.088],[74.7074,37.0873],[74.7159,37.0537],[74.7446,37.0219],[74.7534,37.0224],[74.7658,37.04],[74.79,37.0392],[74.8317,37.0624],[74.8348,37.0383],[74.8409,37.0321],[74.8352,37.0193],[74.8513,36.988],[74.8881,36.9509],[74.9224,36.9346],[75.0253,37.0114],[75.0474,37.0145],[75.0664,37.0055],[75.117,37.0098],[75.1469,37.0199],[75.1641,37.008],[75.1637,37.0001],[75.1737,37.0012],[75.1875,37.022],[75.2204,37.0516],[75.2649,37.0624],[75.3428,37.068],[75.3556,37.0609],[75.3602,37.0393],[75.3602,37.0015],[75.3523,36.9912],[75.3674,36.975],[75.397,36.9833],[75.414,36.9767],[75.4197,36.9569],[75.405,36.9411],[75.4101,36.9347],[75.4025,36.9279],[75.4057,36.9084],[75.4278,36.9069],[75.4408,36.8978],[75.4633,36.8281],[75.6073,36.779],[75.6171,36.7695],[75.6525,36.7688],[75.6975,36.7514],[75.7297,36.7465],[75.8524,36.6753],[75.8782,36.6488],[75.9189,36.6205],[75.9337,36.5871],[75.9288,36.5582],[75.9328,36.5491],[75.9605,36.5286],[75.9756,36.5075],[76.0835,36.4843],[76.1776,36.3976],[76.199,36.3944],[76.2508,36.3574],[76.2824,36.3553],[76.3553,36.3676],[76.407,36.3265],[76.4364,36.3218],[76.4365,36.3032],[76.4541,36.2755],[76.4382,36.2617],[76.4728,36.2351],[76.479,36.2227],[76.5548,36.1976],[76.5679,36.1779],[76.6163,36.1728],[76.6474,36.191],[76.6536,36.1789],[76.7111,36.1351],[76.7128,36.1179],[76.7283,36.0872],[76.8104,36.0532],[76.8136,36.0266],[76.784,36.0146],[76.7563,35.9905],[76.7588,35.9822],[76.731,35.9604],[76.7542,35.9295],[76.7884,35.8996],[76.7978,35.8624],[76.8135,35.8492],[76.8546,35.8401],[76.9211,35.7926],[76.9715,35.788],[77.0019,35.7762],[77.0591,35.7836],[77.0938,35.8001],[77.1123,35.8017],[77.1354,35.7943],[77.134,35.7838],[77.1467,35.7811],[77.1493,35.7696],[77.1728,35.7654],[77.1694,35.7458],[77.1765,35.735],[77.227,35.7284],[77.2279,35.7149],[77.2358,35.71],[77.2696,35.7082],[77.2842,35.7197],[77.3191,35.6969],[77.3346,35.7201],[77.3681,35.7169],[77.3817,35.6906],[77.4015,35.6831],[77.4034,35.662],[77.4377,35.6549],[77.4425,35.62],[77.4341,35.6091],[77.4653,35.5938],[77.4709,35.5667],[77.4618,35.5476],[77.4842,35.5339],[77.4712,35.5216],[77.4535,35.5255],[77.4346,35.5162],[77.4098,35.5288],[77.4051,35.54],[77.3884,35.5497],[77.3557,35.5467],[77.321,35.534],[77.3446,35.5196],[77.3609,35.4938],[77.3722,35.4931],[77.3906,35.4716],[77.4273,35.469],[77.5361,35.4959],[77.6055,35.4768],[77.649,35.4857],[77.6957,35.4804],[77.727,35.4929],[77.7225,35.511],[77.7367,35.5241],[77.7557,35.506],[77.7975,35.517],[77.8262,35.5149],[77.8697,35.4788],[77.8873,35.4817],[77.9072,35.4668],[77.914,35.4696],[77.9244,35.4951],[77.9529,35.4746],[77.9644,35.4807],[77.9648,35.4951],[77.9392,35.5093],[77.9348,35.5215],[77.9711,35.566],[77.9605,35.6044],[77.9991,35.5857],[78.0465,35.5875],[78.0847,35.5532],[78.1024,35.5563],[78.147,35.5396],[78.1522,35.5499],[78.1621,35.5525],[78.1583,35.5824],[78.1732,35.5995],[78.1675,35.6277],[78.1967,35.6247],[78.1948,35.6364],[78.2046,35.6453],[78.2095,35.6628],[78.2583,35.6425],[78.2828,35.6601],[78.278,35.7159],[78.2948,35.7212],[78.3415,35.7166],[78.4002,35.7308],[78.417,35.761],[78.4275,35.7649],[78.4276,35.7741],[78.4351,35.7782],[78.4782,35.7664],[78.5128,35.7656],[78.5269,35.7565],[78.5737,35.7848],[78.5834,35.7832],[78.5979,35.8021],[78.6468,35.8178],[78.675,35.8515],[78.7105,35.8513],[78.7237,35.8599],[78.7596,35.8577],[78.7814,35.8635],[78.7942,35.8547],[78.8274,35.8482],[78.9336,35.8662],[78.9678,35.8843],[79.0537,35.8411],[79.1561,35.832],[79.2202,35.8888],[79.2031,35.9254],[79.2134,35.9536],[79.2617,35.9843],[79.4068,35.9855],[79.4271,35.9037],[79.4351,35.8927],[79.5364,35.8745],[79.5933,35.8472],[79.7156,35.8145],[79.7481,35.7916],[79.8921,35.7718],[79.951,35.8185],[80.0081,35.8283],[80.0355,35.8077],[80.0557,35.783],[80.0822,35.7268],[80.1037,35.7076],[80.1229,35.6636],[80.2365,35.6324],[80.3072,35.5895],[80.3216,35.5535],[80.3253,35.5095],[80.3421,35.4615],[80.2914,35.4275],[80.2866,35.4039],[80.2941,35.3816],[80.2917,35.3593],[80.2684,35.2948],[80.2375,35.245],[80.2296,35.2004],[80.186,35.1483],[80.1957,35.0597],[80.1874,35.0117],[80.1583,34.9397],[80.1164,34.8625],[80.0742,34.8247],[80.0632,34.7067],[80.0389,34.6885],[79.9489,34.6664],[79.8894,34.6787],[79.8642,34.6764],[79.8289,34.6485],[79.8205,34.6329],[79.7754,34.6107],[79.7736,34.6034],[79.792,34.5729],[79.7651,34.5625],[79.7595,34.5376],[79.8087,34.5198],[79.8169,34.5074],[79.8134,34.4809],[79.7885,34.4657],[79.6628,34.4683],[79.6531,34.4763],[79.6262,34.4762],[79.5971,34.4857],[79.5138,34.4603],[79.5312,34.4354],[79.5298,34.4058],[79.5678,34.395],[79.5581,34.3786],[79.5646,34.3179],[79.5963,34.264],[79.5893,34.2281],[79.5685,34.2063],[79.5476,34.1931],[79.515,34.2005],[79.4976,34.1885],[79.4879,34.1452],[79.4952,34.1282],[79.4901,34.1202],[79.4611,34.0923],[79.4206,34.0777],[79.4137,34.0466],[79.4397,34.0235],[79.4341,34.013],[79.4133,34.0061],[79.3747,34.0262],[79.2979,34.0336],[79.2702,34.0298],[79.2284,34.0436],[79.2027,34.0413],[79.1762,34.0592],[79.1557,34.0542],[79.1436,34.0577],[79.1464,34.0274],[79.1367,34.0187],[79.0773,34.0136],[79.0111,34.044],[78.9121,34.0101],[78.8912,33.9744],[78.92,33.9432],[78.946,33.9018],[78.9556,33.8838],[78.9538,33.8738],[78.9624,33.8754],[78.966,33.844],[78.977,33.8222],[78.9957,33.8126],[79.0047,33.7723],[79.0315,33.7685],[79.0466,33.7541],[79.057,33.7585],[79.0535,33.7498],[79.0282,33.7493],[79.0319,33.7449],[79.0117,33.7086],[79.0141,33.6847],[79.033,33.6688],[79.0675,33.6638],[79.0935,33.6339],[79.0868,33.6172],[79.0286,33.6194],[79.0069,33.6079],[78.9079,33.6201],[78.8882,33.5738],[78.9142,33.5624],[78.919,33.5376],[78.9441,33.512],[78.9318,33.4799],[78.9283,33.4414],[78.9416,33.3895],[78.9548,33.3742],[78.9727,33.3673],[78.9887,33.3474],[79.0195,33.3308],[79.0332,33.3143],[79.0854,33.2887],[79.115,33.2837],[79.2335,33.2892],[79.3031,33.2666],[79.3523,33.2747],[79.4373,33.2515],[79.4348,33.2141],[79.4158,33.1685],[79.4155,33.1477],[79.368,33.062],[79.3776,33.0384],[79.3711,33.025],[79.3517,33.0157],[79.352,32.9825],[79.3681,32.9815],[79.3654,32.9607],[79.375,32.9549],[79.3928,32.9583],[79.4326,32.9252],[79.4714,32.8672],[79.4863,32.862],[79.5412,32.7826],[79.5624,32.7693],[79.5825,32.7716],[79.6052,32.7355],[79.5608,32.6859],[79.5643,32.6708],[79.5578,32.6306],[79.5454,32.6074],[79.5088,32.5915],[79.4803,32.593],[79.4456,32.5717],[79.4328,32.541],[79.4182,32.5242],[79.3951,32.5237],[79.3759,32.5315],[79.3706,32.5416],[79.3622,32.5376],[79.3122,32.4871],[79.2973,32.4885],[79.2584,32.5234],[79.2257,32.5166],[79.1847,32.4794],[79.1406,32.4766],[79.1265,32.4643],[79.1205,32.4539],[79.1286,32.4268],[79.1118,32.3993],[79.1045,32.3717],[79.0956,32.3679],[79.0675,32.385],[79.0492,32.3834],[79.025,32.367],[78.9938,32.3643],[78.9825,32.3458],[78.9627,32.3375],[78.95,32.3528],[78.9147,32.3671],[78.8548,32.4186],[78.8079,32.4399],[78.8015,32.4588],[78.7812,32.4753],[78.7709,32.5386],[78.7562,32.5653],[78.7799,32.6001],[78.7751,32.6173],[78.7401,32.6555],[78.7523,32.6908],[78.7423,32.696],[78.7104,32.6631],[78.6689,32.6586],[78.6544,32.6492],[78.6257,32.6071],[78.5976,32.5992],[78.5869,32.6081],[78.5449,32.6123],[78.5264,32.6065],[78.4856,32.5732],[78.4527,32.5795],[78.4185,32.5589],[78.4144,32.5364],[78.4049,32.5295],[78.4165,32.5151],[78.4092,32.512],[78.3975,32.5257],[78.3927,32.5146],[78.3633,32.4996],[78.3644,32.4848],[78.348,32.4776],[78.3472,32.4644],[78.3267,32.4651],[78.331,32.4462],[78.3163,32.4446],[78.2962,32.4624],[78.2857,32.4631],[78.2831,32.4701],[78.2897,32.4761],[78.2841,32.4825],[78.2909,32.4924],[78.2785,32.5079],[78.2992,32.5293],[78.2966,32.5775],[78.3318,32.5849],[78.3888,32.6232],[78.3709,32.6382],[78.3632,32.672],[78.3778,32.7193],[78.3712,32.7337],[78.3721,32.7555],[78.3565,32.7575],[78.309,32.7362],[78.3052,32.7333],[78.3146,32.7212],[78.3122,32.7091],[78.253,32.691],[78.2455,32.6714],[78.2003,32.6602],[78.195,32.6673],[78.184,32.6639],[78.1728,32.6755],[78.1608,32.673],[78.1378,32.6387],[78.124,32.6456],[78.1162,32.6424],[78.1031,32.655],[78.0932,32.6463],[78.0986,32.63],[78.0816,32.6207],[78.0488,32.6275],[78.0577,32.6017],[78.0519,32.5884],[78.0336,32.5834],[77.9826,32.5865],[77.9542,32.626],[77.9527,32.6404],[77.9389,32.648],[77.9202,32.6795],[77.9033,32.6931],[77.9094,32.7214],[77.9185,32.7308],[77.9118,32.7365],[77.9151,32.7661],[77.8809,32.7754],[77.867,32.7903],[77.869,32.8004],[77.8613,32.8162],[77.8476,32.8284],[77.8194,32.8387],[77.8082,32.836],[77.7614,32.8648],[77.7727,32.8909],[77.787,32.8917],[77.7925,32.8981],[77.7902,32.9054],[77.7125,32.9718],[77.7037,32.9661],[77.6948,32.9779],[77.6813,32.978],[77.67,32.9566],[77.6296,32.9387],[77.602,32.9388],[77.5942,32.925],[77.5617,32.9092],[77.5383,32.8851],[77.5125,32.8765],[77.4984,32.882],[77.4685,32.8576],[77.4036,32.8812],[77.3747,32.854],[77.38,32.8445],[77.3733,32.8226],[77.3389,32.816],[77.3216,32.8224],[77.3086,32.8504],[77.2813,32.8557],[77.2674,32.8687],[77.2613,32.8627],[77.2522,32.8698],[77.2389,32.8652],[77.2248,32.88],[77.2283,32.8956],[77.189,32.9101],[77.1786,32.9217],[77.1702,32.9096],[77.1561,32.9108],[77.1643,32.9174],[77.1635,32.9248],[77.1574,32.9132],[77.1462,32.914],[77.1488,32.9414],[77.1461,32.9564],[77.1353,32.9609],[77.1363,32.9792],[77.1162,32.9834],[77.1113,32.9743],[77.0949,32.9706],[77.0749,32.9734],[77.0659,32.9855],[77.0404,32.9971],[77.0321,32.9888],[76.9985,32.9896],[76.9175,33.0337],[76.8907,33.0808],[76.8943,33.0951],[76.8848,33.0974],[76.8772,33.1142],[76.8444,33.1123],[76.8341,33.1206],[76.8374,33.1264],[76.8281,33.1317],[76.8292,33.1377],[76.8035,33.1557],[76.7981,33.1733],[76.8066,33.1847],[76.8033,33.1939],[76.8186,33.2056],[76.8111,33.2155],[76.8212,33.235],[76.8093,33.2435]],[[76.8289,33.2425],[76.8285,33.2453],[76.8243,33.2384],[76.8289,33.2425]]]}},{"type":"Feature","properties":{"name":"Jammu and Kashmir"},"geometry":{"type":"Polygon","coordinates":[[[76.8093,33.2435],[76.8028,33.2367],[76.7861,33.2529],[76.7736,33.2505],[76.7809,33.2372],[76.7774,33.2196],[76.7483,33.1794],[76.6707,33.172],[76.6495,33.1624],[76.627,33.1625],[76.5996,33.1738],[76.5973,33.188],[76.584,33.1931],[76.582,33.2068],[76.5161,33.1965],[76.4861,33.1793],[76.4101,33.1865],[76.3745,33.1542],[76.3112,33.1204],[76.2918,33.1032],[76.2886,33.0776],[76.296,33.0606],[76.2819,33.0518],[76.2784,33.0378],[76.2609,33.0348],[76.2475,33.0216],[76.2259,33.0237],[76.2074,33.0167],[76.1867,33.0213],[76.1662,33.007],[76.1123,33.0063],[76.1116,32.9878],[76.0993,32.9661],[76.0874,32.9625],[76.0881,32.9562],[76.0734,32.9529],[76.0663,32.9419],[76.0438,32.9368],[76.0321,32.9167],[75.9858,32.8962],[75.9808,32.8875],[75.954,32.8734],[75.9033,32.9135],[75.878,32.9251],[75.8424,32.9293],[75.8185,32.8954],[75.8014,32.8857],[75.8235,32.8539],[75.8567,32.8358],[75.8701,32.8162],[75.8838,32.8122],[75.8947,32.7795],[75.9261,32.7456],[75.9011,32.6986],[75.9006,32.6809],[75.9241,32.6582],[75.9237,32.6439],[75.9368,32.6479],[75.9305,32.6319],[75.9242,32.6368],[75.9186,32.6332],[75.9159,32.613],[75.9009,32.5916],[75.8811,32.586],[75.8809,32.5707],[75.8692,32.5635],[75.8761,32.5505],[75.8578,32.5379],[75.8571,32.5291],[75.8413,32.5236],[75.8414,32.5151],[75.8334,32.5149],[75.8333,32.5043],[75.826,32.5039],[75.8206,32.4923],[75.8,32.4845],[75.7709,32.4621],[75.7349,32.454],[75.7296,32.439],[75.7438,32.432],[75.7285,32.4325],[75.7319,32.4229],[75.7225,32.4055],[75.7114,32.411],[75.687,32.3905],[75.6741,32.3936],[75.6311,32.3795],[75.5967,32.3777],[75.5509,32.3494],[75.5389,32.3338],[75.5429,32.3079],[75.5334,32.2777],[75.521,32.277],[75.508,32.2853],[75.5012,32.2761],[75.4947,32.2769],[75.4902,32.3102],[75.4678,32.3176],[75.4734,32.3393],[75.4686,32.339],[75.4676,32.3256],[75.4483,32.3265],[75.431,32.316],[75.3386,32.3422],[75.3414,32.3381],[75.3278,32.3261],[75.3242,32.3413],[75.3223,32.3373],[75.3022,32.3443],[75.2803,32.3673],[75.2581,32.3714],[75.2462,32.3869],[75.2383,32.386],[75.216,32.4007],[75.2076,32.3947],[75.194,32.4005],[75.1885,32.4245],[75.1314,32.4089],[75.1209,32.4415],[75.0931,32.4705],[75.0855,32.4688],[75.0341,32.4919],[75.0181,32.4822],[75.0193,32.4662],[74.9793,32.4478],[74.9583,32.4531],[74.9486,32.4478],[74.9336,32.4676],[74.8997,32.4661],[74.8792,32.4767],[74.8767,32.4856],[74.8562,32.4927],[74.8471,32.4892],[74.8186,32.4961],[74.8128,32.4796],[74.8005,32.4823],[74.7948,32.4764],[74.7711,32.4813],[74.7155,32.4767],[74.7124,32.483],[74.6879,32.4869],[74.6821,32.4936],[74.6812,32.5359],[74.6629,32.5445],[74.6524,32.5602],[74.639,32.6146],[74.6762,32.658],[74.6542,32.6925],[74.6501,32.7184],[74.6675,32.7666],[74.6946,32.8095],[74.7004,32.827],[74.697,32.8397],[74.6405,32.819],[74.6395,32.8008],[74.6584,32.7877],[74.654,32.7809],[74.6397,32.7821],[74.6323,32.7764],[74.6304,32.7684],[74.6384,32.7586],[74.6343,32.7495],[74.6192,32.7607],[74.5796,32.7478],[74.5765,32.7544],[74.5671,32.7552],[74.5315,32.7407],[74.5116,32.7455],[74.5145,32.7521],[74.5027,32.7599],[74.4498,32.7846],[74.4153,32.7846],[74.4029,32.7674],[74.3942,32.7721],[74.391,32.7632],[74.355,32.767],[74.3286,32.7874],[74.3115,32.786],[74.2752,32.8128],[74.256,32.8432],[74.2196,32.8488],[74.2192,32.8547],[74.1835,32.8657],[74.167,32.8748],[74.1539,32.8926],[74.069,32.9096],[74.0593,32.9215],[73.9997,32.9354],[74.0046,32.9482],[73.9638,32.9434],[73.9535,32.9498],[73.9532,32.9705],[73.9427,32.9827],[73.9116,32.9987],[73.8919,32.9955],[73.8694,33.0028],[73.8257,33.004],[73.826,32.9772],[73.7934,32.9658],[73.7899,32.9776],[73.7979,32.9929],[73.7945,33.0036],[73.787,33.0057],[73.7621,32.9757],[73.7538,32.9796],[73.7438,33.035],[73.7092,33.0522],[73.695,33.0719],[73.6796,33.0831],[73.6068,33.0886],[73.5909,33.1012],[73.5813,33.1201],[73.584,33.144],[73.605,33.1963],[73.6058,33.2181],[73.5844,33.2618],[73.5792,33.3148],[73.5503,33.3573],[73.5392,33.3879],[73.5446,33.4168],[73.583,33.464],[73.5894,33.4829],[73.5753,33.5084],[73.5966,33.5441],[73.5728,33.6068],[73.5367,33.6573],[73.5639,33.7286],[73.5594,33.7586],[73.5341,33.788],[73.5243,33.8123],[73.5388,33.8608],[73.541,33.9069],[73.5332,33.9279],[73.4916,33.9833],[73.5114,34.0494],[73.4997,34.0746],[73.4944,34.1251],[73.488,34.1253],[73.488,34.1697],[73.4782,34.222],[73.4471,34.2876],[73.4097,34.3231],[73.3961,34.3716],[73.4069,34.4244],[73.4322,34.4792],[73.4364,34.5088],[73.4308,34.5213],[73.4382,34.5262],[73.4427,34.555],[73.4538,34.5711],[73.5261,34.5736],[73.5447,34.5787],[73.5561,34.5898],[73.6111,34.5848],[73.6322,34.564],[73.6411,34.5669],[73.6544,34.5869],[73.6538,34.6005],[73.6744,34.6458],[73.6743,34.6597],[73.6588,34.67],[73.6636,34.6944],[73.7036,34.7247],[73.7205,34.7672],[73.7322,34.7811],[73.7603,34.7994],[73.7994,34.8036],[73.8339,34.8269],[73.9078,34.8267],[73.9372,34.8494],[73.9864,34.8705],[74.0103,34.9133],[74.0517,34.9556],[74.0558,34.9961],[74.0853,35.0183],[74.0867,35.0292],[74.0667,35.0463],[74.0703,35.0503],[74.0603,35.0747],[74.0719,35.0967],[74.1022,35.1178],[74.2022,35.1409],[74.2932,35.14],[74.3592,35.1311],[74.4199,35.115],[74.4465,35.0844],[74.4878,35.0789],[74.5337,35.1122],[74.6157,35.1398],[74.6374,35.155],[74.6481,35.1399],[74.7049,35.0971],[74.7339,35.0902],[74.7763,35.0611],[74.8139,35.0467],[74.7927,35.0014],[74.7902,34.9148],[74.8086,34.9411],[74.8412,34.9339],[74.8846,34.897],[74.9029,34.8888],[75.0098,34.8621],[75.0266,34.8539],[75.0643,34.7972],[75.0946,34.8141],[75.1149,34.8376],[75.1431,34.8465],[75.1562,34.8609],[75.1772,34.871],[75.1888,34.8547],[75.2075,34.8591],[75.2442,34.9074],[75.2573,34.9068],[75.2848,34.8596],[75.3461,34.8121],[75.3578,34.7824],[75.3589,34.7318],[75.3432,34.6797],[75.3527,34.6438],[75.3948,34.5905],[75.4349,34.5771],[75.464,34.5499],[75.4624,34.5308],[75.4401,34.4873],[75.4509,34.4468],[75.4813,34.3922],[75.4763,34.3738],[75.5763,34.2763],[75.6329,34.2315],[75.7372,34.2032],[75.7417,34.1916],[75.7683,34.177],[75.7917,34.1495],[75.8072,34.1069],[75.8336,34.0716],[75.9371,33.9807],[75.9654,33.9673],[75.9979,33.962],[76.0604,33.9707],[76.0954,33.9864],[76.1304,33.964],[76.196,33.8833],[76.2271,33.8645],[76.3031,33.7502],[76.3252,33.7292],[76.3337,33.6928],[76.3323,33.6719],[76.3057,33.5618],[76.3224,33.5554],[76.3662,33.5696],[76.3992,33.5949],[76.4203,33.592],[76.4719,33.5344],[76.4892,33.5258],[76.5328,33.5348],[76.5762,33.4867],[76.6205,33.4614],[76.6334,33.4395],[76.7056,33.4097],[76.7017,33.3947],[76.7134,33.357],[76.7263,33.3454],[76.7489,33.3425],[76.7688,33.3247],[76.7756,33.3124],[76.7732,33.2803],[76.7936,33.2518],[76.8093,33.2435]]]}},{"type":"Feature","properties":{"name":"Odisha"},"geometry":{"type":"Polygon","coordinates":[[[87.4764,21.6434],[87.4736,21.606],[87.4438,21.5962],[87.4142,21.5605],[87.4127,21.5506],[87.3781,21.559],[87.2592,21.5545],[87.1987,21.5461],[87.1248,21.5115],[87.1171,21.5173],[87.1039,21.491],[87.071,21.4685],[87.0599,21.4728],[87.0251,21.431],[86.945,21.3557],[86.8591,21.2129],[86.8413,21.2037],[86.8599,21.2084],[86.8613,21.2036],[86.8466,21.1731],[86.8468,21.1228],[86.8558,21.0853],[86.9443,20.9186],[86.986,20.8549],[86.9714,20.7867],[86.9554,20.7742],[86.9482,20.7772],[86.9508,20.774],[86.9423,20.7728],[86.9444,20.7663],[86.9768,20.7717],[87.0149,20.7659],[87.024,20.7696],[87.0415,20.7587],[87.0416,20.7372],[87.0585,20.7166],[86.8692,20.5907],[86.7755,20.5206],[86.7459,20.4678],[86.741,20.471],[86.7345,20.4639],[86.7288,20.4405],[86.7338,20.4146],[86.7246,20.3936],[86.7395,20.4006],[86.7379,20.3897],[86.7461,20.3914],[86.7436,20.3802],[86.7515,20.3875],[86.7467,20.3784],[86.7765,20.4052],[86.7812,20.3784],[86.7975,20.3755],[86.791,20.3656],[86.7892,20.3744],[86.7791,20.3564],[86.7918,20.3646],[86.7946,20.369],[86.7983,20.3632],[86.7784,20.3443],[86.7828,20.3407],[86.7751,20.3312],[86.7476,20.307],[86.6812,20.271],[86.6798,20.2642],[86.6755,20.2751],[86.6693,20.2757],[86.6721,20.2624],[86.6802,20.2599],[86.5956,20.2244],[86.5204,20.1701],[86.4921,20.118],[86.434,20.0521],[86.414,20.0106],[86.414,19.9973],[86.3751,19.9628],[86.3744,19.9567],[86.3868,19.9582],[86.4141,19.974],[86.3935,19.9545],[86.3121,19.9395],[86.2261,19.8971],[86.1461,19.8718],[85.9366,19.8231],[85.7833,19.7792],[85.6392,19.7237],[85.3488,19.5827],[85.1726,19.4671],[85.1026,19.4114],[85.0807,19.3757],[84.9882,19.3206],[84.932,19.2782],[84.8147,19.1629],[84.7652,19.0776],[84.704,19.1173],[84.6982,19.127],[84.7063,19.1396],[84.6993,19.1435],[84.7113,19.1466],[84.7153,19.1559],[84.6688,19.1669],[84.6652,19.1307],[84.642,19.1345],[84.628,19.1275],[84.5934,19.1333],[84.6008,19.1274],[84.6075,19.1016],[84.6176,19.1052],[84.6234,19.0999],[84.6234,19.0857],[84.6299,19.0874],[84.6291,19.0829],[84.645,19.0971],[84.6569,19.0952],[84.6688,19.0771],[84.661,19.0754],[84.6591,19.0638],[84.6396,19.0681],[84.6351,19.0608],[84.6162,19.0667],[84.6204,19.0607],[84.6114,19.0574],[84.6011,19.0245],[84.5937,19.0223],[84.5796,19.0309],[84.5752,19.0413],[84.581,19.0501],[84.5811,19.0727],[84.5765,19.0669],[84.5708,19.0746],[84.5545,19.0574],[84.5244,19.0471],[84.5143,19.0493],[84.4806,19.0174],[84.474,18.9902],[84.4396,19.0044],[84.4191,19.0228],[84.42,19.0136],[84.4305,19.0074],[84.4299,18.9957],[84.4413,18.9926],[84.45,18.9785],[84.4411,18.97],[84.4288,18.9699],[84.4302,18.9598],[84.4222,18.9483],[84.4289,18.9372],[84.4257,18.9331],[84.4363,18.9333],[84.4361,18.9217],[84.4263,18.9102],[84.417,18.9189],[84.4161,18.8984],[84.3981,18.8965],[84.3917,18.9055],[84.3789,18.9038],[84.3957,18.8912],[84.3902,18.8775],[84.3863,18.8853],[84.3794,18.8876],[84.3799,18.8826],[84.3582,18.8955],[84.3684,18.8816],[84.3822,18.8754],[84.3724,18.8626],[84.3602,18.862],[84.3367,18.8894],[84.3307,18.883],[84.3258,18.8758],[84.3332,18.8603],[84.3629,18.8399],[84.3501,18.8328],[84.3477,18.8214],[84.3289,18.8188],[84.3425,18.803],[84.3254,18.8001],[84.319,18.7879],[84.287,18.8049],[84.2845,18.7934],[84.2585,18.784],[84.2412,18.7895],[84.2388,18.798],[84.2243,18.7996],[84.2124,18.7963],[84.2118,18.7949],[84.2169,18.7921],[84.2161,18.791],[84.1934,18.7925],[84.188,18.7786],[84.1573,18.7887],[84.1384,18.7781],[84.1356,18.7624],[84.1204,18.7688],[84.0893,18.7584],[84.0854,18.7662],[84.076,18.7656],[84.0681,18.7821],[84.06,18.7822],[84.06,18.7989],[84.0447,18.8024],[84.0436,18.8137],[84.0365,18.8173],[84.0311,18.8125],[84.0135,18.8179],[84.0138,18.8098],[84.0037,18.8095],[83.9637,18.8156],[83.9482,18.8061],[83.9425,18.8152],[83.9139,18.8288],[83.8977,18.8253],[83.893,18.8157],[83.8879,18.8307],[83.8461,18.8689],[83.8459,18.9133],[83.8384,18.9194],[83.8267,18.916],[83.8291,18.9304],[83.8191,18.945],[83.8219,18.96],[83.8091,18.992],[83.7953,19.0034],[83.7948,19.0177],[83.778,19.0173],[83.7821,19.0082],[83.7517,18.9984],[83.745,18.9877],[83.7592,18.9513],[83.7698,18.9545],[83.7846,18.9334],[83.788,18.9156],[83.7784,18.9111],[83.7674,18.9152],[83.7617,18.9267],[83.754,18.9249],[83.7407,18.9498],[83.7332,18.9875],[83.7143,18.9928],[83.7098,19.0019],[83.7104,19.0069],[83.724,19.01],[83.7302,19.0217],[83.7003,19.0252],[83.6854,19.0583],[83.6612,19.0809],[83.663,19.0987],[83.6473,19.1184],[83.6551,19.1294],[83.6367,19.1327],[83.6318,19.1406],[83.6378,19.1529],[83.6262,19.1624],[83.6276,19.1504],[83.6209,19.1414],[83.6081,19.1395],[83.5993,19.1299],[83.5979,19.1186],[83.6107,19.0958],[83.5857,19.0863],[83.5846,19.0573],[83.5636,19.0576],[83.5605,19.0643],[83.5671,19.0715],[83.5603,19.0868],[83.5492,19.0803],[83.5577,19.056],[83.5419,19.0413],[83.5368,19.0093],[83.5011,19.0204],[83.4966,19.0352],[83.5086,19.0353],[83.515,19.0282],[83.5194,19.0388],[83.5118,19.0701],[83.5007,19.0604],[83.481,19.0783],[83.4835,19.092],[83.4681,19.0929],[83.4785,19.079],[83.4664,19.0797],[83.4625,19.0639],[83.4693,19.0609],[83.4709,19.0427],[83.4835,19.0333],[83.4798,19.0082],[83.4501,19.0094],[83.4554,18.991],[83.468,18.9908],[83.4643,18.9799],[83.4699,18.9691],[83.462,18.9545],[83.446,18.9575],[83.439,18.9761],[83.4157,18.99],[83.4197,19.0],[83.3987,19.0102],[83.3827,19.0021],[83.3697,19.0035],[83.3676,19.0162],[83.3486,19.0194],[83.3371,19.0064],[83.3388,18.997],[83.3272,19.0024],[83.3106,18.9986],[83.3187,18.9734],[83.3348,18.9685],[83.3325,18.9576],[83.339,18.9527],[83.3378,18.9463],[83.3271,18.9446],[83.3265,18.9319],[83.3352,18.9249],[83.3484,18.9263],[83.3438,18.9411],[83.3502,18.9432],[83.3482,18.9597],[83.354,18.9672],[83.3671,18.963],[83.3713,18.9426],[83.3874,18.9329],[83.3706,18.926],[83.3701,18.9417],[83.3525,18.9434],[83.3578,18.9156],[83.3697,18.9078],[83.3818,18.9139],[83.3895,18.9101],[83.3764,18.8978],[83.3967,18.8789],[83.4128,18.8744],[83.4031,18.8627],[83.404,18.8432],[83.3775,18.8317],[83.3639,18.844],[83.3264,18.8188],[83.3288,18.8071],[83.3071,18.8101],[83.2827,18.7987],[83.2735,18.7835],[83.2795,18.7749],[83.2695,18.7653],[83.2227,18.776],[83.2259,18.7561],[83.2106,18.7315],[83.2047,18.7523],[83.1913,18.754],[83.176,18.7717],[83.1546,18.7691],[83.1372,18.7862],[83.1133,18.769],[83.1209,18.7593],[83.0728,18.7056],[83.0562,18.6662],[83.0113,18.6469],[83.0178,18.636],[82.999,18.6214],[82.999,18.6086],[83.0134,18.6059],[83.0117,18.5952],[83.0238,18.5896],[83.051,18.6002],[83.0512,18.589],[83.0382,18.5874],[83.028,18.5745],[83.0432,18.5454],[83.0619,18.542],[83.0861,18.5542],[83.0932,18.5476],[83.0752,18.5271],[83.0732,18.5155],[83.0534,18.4966],[83.0533,18.4865],[83.0191,18.4571],[83.0391,18.4417],[83.0407,18.4251],[83.0586,18.4367],[83.0655,18.431],[83.0556,18.4203],[83.0753,18.404],[83.0528,18.3806],[83.0413,18.38],[83.0202,18.3924],[83.0036,18.3834],[82.9951,18.3862],[82.9815,18.3671],[82.9687,18.3607],[82.9584,18.3671],[82.938,18.3615],[82.9205,18.3761],[82.9114,18.3692],[82.8942,18.3815],[82.895,18.4241],[82.8696,18.4191],[82.8547,18.4261],[82.8511,18.421],[82.8458,18.4337],[82.8225,18.4477],[82.8014,18.4499],[82.7805,18.4315],[82.7852,18.4114],[82.7978,18.4074],[82.7898,18.3968],[82.7922,18.3867],[82.7809,18.3826],[82.7888,18.3639],[82.7726,18.3411],[82.758,18.3403],[82.7535,18.3309],[82.7412,18.3307],[82.7326,18.3209],[82.7133,18.3232],[82.7077,18.3139],[82.6928,18.313],[82.6827,18.3043],[82.6746,18.3072],[82.6651,18.2987],[82.6409,18.3027],[82.6421,18.2887],[82.6505,18.2818],[82.6406,18.2644],[82.6508,18.2507],[82.636,18.2374],[82.6122,18.2591],[82.5952,18.2655],[82.5951,18.2751],[82.5861,18.2767],[82.597,18.3049],[82.5796,18.3158],[82.5885,18.3179],[82.5949,18.3288],[82.6089,18.3271],[82.602,18.3522],[82.6145,18.3509],[82.6212,18.3597],[82.606,18.366],[82.6053,18.382],[82.5993,18.38],[82.5948,18.3892],[82.5869,18.3923],[82.5829,18.3875],[82.5607,18.4006],[82.554,18.3944],[82.5355,18.4061],[82.5471,18.4126],[82.5414,18.4219],[82.552,18.4285],[82.5614,18.4485],[82.5407,18.4583],[82.5385,18.4444],[82.5283,18.4642],[82.5194,18.4656],[82.5342,18.4777],[82.5278,18.4809],[82.5333,18.4883],[82.5265,18.4963],[82.5322,18.511],[82.5189,18.5182],[82.5039,18.5142],[82.4863,18.528],[82.4814,18.5397],[82.4929,18.542],[82.4919,18.5476],[82.4811,18.5494],[82.4536,18.5215],[82.438,18.5158],[82.4418,18.5103],[82.4302,18.4876],[82.4018,18.4649],[82.3803,18.4333],[82.3625,18.4222],[82.3779,18.4045],[82.3839,18.3682],[82.3682,18.3592],[82.3473,18.3311],[82.3365,18.3274],[82.3542,18.3166],[82.3734,18.3294],[82.3873,18.3292],[82.3934,18.3163],[82.3907,18.2986],[82.3748,18.2814],[82.343,18.2812],[82.3317,18.2536],[82.3349,18.2415],[82.3228,18.2319],[82.3354,18.225],[82.3092,18.2048],[82.3138,18.1847],[82.3357,18.1729],[82.3517,18.1724],[82.3707,18.1488],[82.3616,18.1355],[82.3381,18.1505],[82.3341,18.1065],[82.3369,18.0998],[82.3454,18.0989],[82.3501,18.0773],[82.3391,18.0555],[82.3325,18.052],[82.3206,18.0606],[82.3187,18.0457],[82.3065,18.0456],[82.3087,18.0546],[82.297,18.0562],[82.3027,18.0688],[82.2897,18.0696],[82.26,18.0425],[82.2719,18.022],[82.2646,17.9956],[82.2445,17.9937],[82.2356,18.0032],[82.2206,18.0024],[82.2042,18.0194],[82.1859,18.0158],[82.177,18.0212],[82.1827,18.0295],[82.1672,18.0526],[82.1515,18.0485],[82.1451,18.053],[82.1355,18.0446],[82.1318,18.0606],[82.119,18.0649],[82.1004,18.0609],[82.075,18.0759],[82.0599,18.0561],[82.0388,18.058],[82.0307,18.07],[82.0057,18.057],[82.0077,18.0307],[81.9926,18.028],[81.9622,18.0009],[81.9201,17.9963],[81.9036,17.9816],[81.8082,17.9564],[81.7879,17.926],[81.7688,17.9176],[81.7483,17.8996],[81.7484,17.8925],[81.7259,17.879],[81.7104,17.8739],[81.7009,17.9028],[81.6874,17.8864],[81.6716,17.888],[81.6619,17.8812],[81.6408,17.8402],[81.6231,17.8346],[81.6172,17.8231],[81.5744,17.8387],[81.5635,17.8272],[81.5295,17.8246],[81.4924,17.8127],[81.4766,17.8384],[81.446,17.8255],[81.4358,17.8326],[81.4169,17.814],[81.4028,17.8217],[81.391,17.8165],[81.3891,17.8299],[81.4038,17.853],[81.3943,17.8693],[81.4002,17.8935],[81.4139,17.8944],[81.4353,17.8808],[81.4446,17.8857],[81.4528,17.9075],[81.4491,17.9319],[81.4598,17.9529],[81.4829,17.9768],[81.4776,17.9884],[81.4808,18.0513],[81.5133,18.1],[81.5134,18.1394],[81.5258,18.1534],[81.5239,18.1654],[81.507,18.1862],[81.5304,18.2403],[81.5255,18.2581],[81.5374,18.2693],[81.5643,18.2752],[81.5976,18.3089],[81.6165,18.3073],[81.6622,18.3212],[81.6497,18.3369],[81.6591,18.3465],[81.7503,18.3536],[81.7695,18.4189],[81.8547,18.4902],[81.857,18.5074],[81.8682,18.5249],[81.8797,18.5252],[81.8893,18.5381],[81.9092,18.5379],[81.9014,18.5486],[81.909,18.5529],[81.9057,18.563],[81.9107,18.5706],[81.9208,18.5727],[81.9297,18.5661],[81.9506,18.57],[81.9529,18.5828],[81.9636,18.5904],[81.9369,18.6055],[81.9277,18.62],[81.8948,18.6291],[81.8989,18.6352],[81.8938,18.6574],[81.9009,18.6613],[81.9217,18.6429],[81.9489,18.6437],[81.9551,18.6642],[81.9691,18.6734],[81.9607,18.6886],[81.971,18.6986],[82.0309,18.7238],[82.0628,18.719],[82.0674,18.7265],[82.085,18.7186],[82.0935,18.7468],[82.0916,18.7657],[82.1208,18.7697],[82.1334,18.7653],[82.1335,18.7804],[82.1574,18.7855],[82.1654,18.7986],[82.1565,18.8043],[82.1661,18.814],[82.1603,18.8198],[82.169,18.836],[82.1602,18.8614],[82.1674,18.8736],[82.1604,18.8789],[82.1767,18.8871],[82.1761,18.9026],[82.2183,18.9225],[82.237,18.9142],[82.246,18.9191],[82.2328,19.0179],[82.2023,19.0666],[82.2184,19.0972],[82.2049,19.0971],[82.2058,19.1241],[82.1974,19.1216],[82.1825,19.1313],[82.174,19.1182],[82.1661,19.1327],[82.1757,19.1386],[82.1715,19.1502],[82.1809,19.1508],[82.1697,19.161],[82.1749,19.1629],[82.1782,19.1559],[82.1861,19.1663],[82.176,19.1721],[82.182,19.1741],[82.1751,19.1818],[82.1806,19.191],[82.1617,19.2022],[82.1688,19.2129],[82.1578,19.2275],[82.1584,19.2651],[82.1767,19.2995],[82.1812,19.3234],[82.1941,19.3259],[82.1786,19.3433],[82.1488,19.3527],[82.1471,19.3653],[82.1533,19.377],[82.1719,19.3726],[82.1788,19.379],[82.1894,19.4275],[82.1715,19.4372],[82.1261,19.4291],[82.1135,19.4482],[82.1134,19.46],[82.1028,19.4661],[82.108,19.4943],[82.098,19.4989],[82.1003,19.5166],[82.076,19.5236],[82.0654,19.5106],[82.0291,19.5076],[82.0373,19.5282],[82.0472,19.5333],[82.0507,19.5488],[82.045,19.5597],[82.0498,19.5739],[82.0399,19.5976],[82.059,19.6282],[82.0448,19.7089],[82.051,19.7191],[82.0504,19.7458],[82.0636,19.759],[82.0655,19.7906],[82.0602,19.7963],[82.053,19.7923],[82.0097,19.8044],[81.9954,19.7968],[81.9859,19.8011],[81.9654,19.8369],[81.9681,19.8599],[81.8997,19.8872],[81.8697,19.9025],[81.8532,19.9185],[81.8568,19.9475],[81.845,19.9518],[81.8453,19.9595],[81.8554,19.9723],[81.8709,20.0441],[81.876,20.052],[81.8819,20.0443],[81.8953,20.0482],[81.926,20.0917],[81.9464,20.1051],[81.9759,20.0817],[81.9953,20.0535],[82.0058,20.0556],[82.0177,20.049],[82.0215,20.0237],[82.0326,20.0157],[82.04,20.0226],[82.038,20.0301],[82.0705,20.0569],[82.0854,20.0507],[82.0895,20.0391],[82.1023,20.04],[82.1032,20.0311],[82.1268,20.0148],[82.1398,20.0187],[82.1535,20.0076],[82.1712,20.0055],[82.1843,19.9842],[82.2093,19.9857],[82.2166,19.9974],[82.2375,20.0035],[82.2692,19.9752],[82.3031,19.8894],[82.3263,19.8616],[82.3307,19.8448],[82.344,19.8351],[82.3645,19.851],[82.3608,19.8628],[82.3752,19.8596],[82.3949,19.888],[82.418,19.904],[82.446,19.9102],[82.4642,19.9008],[82.4723,19.9016],[82.4729,19.907],[82.4973,19.9041],[82.5049,19.8997],[82.5055,19.8898],[82.5191,19.8909],[82.5314,19.8782],[82.5349,19.8869],[82.5484,19.8757],[82.556,19.8806],[82.561,19.8743],[82.573,19.8775],[82.5829,19.8694],[82.5962,19.873],[82.6034,19.867],[82.5758,19.8334],[82.576,19.8082],[82.5847,19.8023],[82.5818,19.7832],[82.5947,19.7743],[82.6038,19.7881],[82.6271,19.7936],[82.6522,19.8321],[82.7073,19.835],[82.7246,19.8755],[82.7141,19.8778],[82.7074,19.902],[82.7131,19.9384],[82.7205,19.9483],[82.7147,19.9576],[82.7155,19.9946],[82.6425,20.0051],[82.6222,19.9907],[82.5967,19.9899],[82.5511,20.0161],[82.5101,20.0165],[82.4795,20.0366],[82.449,20.039],[82.3992,20.0566],[82.3986,20.1222],[82.3867,20.1449],[82.3951,20.1511],[82.3909,20.1621],[82.4125,20.1799],[82.4144,20.1978],[82.4218,20.2043],[82.4234,20.2193],[82.4107,20.2422],[82.4221,20.2475],[82.4114,20.2643],[82.433,20.2819],[82.4379,20.2934],[82.4299,20.3012],[82.4314,20.3128],[82.4098,20.3263],[82.4003,20.3408],[82.4212,20.3928],[82.4166,20.4076],[82.432,20.4166],[82.4297,20.4278],[82.438,20.4342],[82.4344,20.4442],[82.4257,20.4453],[82.4271,20.4689],[82.4186,20.4803],[82.4095,20.4618],[82.397,20.4581],[82.3896,20.5169],[82.3584,20.5281],[82.3321,20.562],[82.3507,20.5813],[82.3441,20.593],[82.347,20.6024],[82.3626,20.6102],[82.3644,20.6221],[82.3766,20.6324],[82.3685,20.6496],[82.3742,20.6672],[82.3552,20.6929],[82.3498,20.7063],[82.3549,20.7183],[82.3457,20.7316],[82.3535,20.7358],[82.3426,20.7664],[82.347,20.7963],[82.3395,20.8468],[82.3508,20.8895],[82.3647,20.8872],[82.3604,20.8725],[82.3655,20.8694],[82.3769,20.8667],[82.3906,20.874],[82.4064,20.8689],[82.4109,20.8435],[82.4209,20.8303],[82.4403,20.8343],[82.4654,20.8277],[82.4698,20.8339],[82.4655,20.8431],[82.4821,20.85],[82.4877,20.8604],[82.4881,20.9086],[82.5602,20.9467],[82.5724,20.971],[82.6294,21.0384],[82.6118,21.0736],[82.6307,21.0776],[82.65,21.1063],[82.6398,21.1152],[82.6529,21.1294],[82.6374,21.1446],[82.6405,21.1547],[82.6642,21.1549],[82.6931,21.1656],[82.6996,21.1583],[82.7213,21.1575],[82.7211,21.1659],[82.7559,21.1669],[82.7938,21.1426],[82.8004,21.1558],[82.851,21.1685],[82.8531,21.1594],[82.8659,21.1632],[82.8718,21.1573],[82.8765,21.1634],[82.8823,21.1483],[82.9022,21.1668],[82.9324,21.1629],[82.9378,21.1697],[82.9401,21.1608],[82.9478,21.1616],[82.944,21.1777],[82.9651,21.1931],[82.9657,21.1752],[82.9882,21.1827],[82.9807,21.1699],[83.0039,21.1668],[82.9859,21.1509],[82.9905,21.1397],[83.0047,21.1368],[83.0161,21.1462],[83.0454,21.1239],[83.0525,21.1261],[83.0779,21.1118],[83.1137,21.1125],[83.1316,21.1057],[83.167,21.1386],[83.1783,21.1351],[83.1982,21.1453],[83.1987,21.1641],[83.2048,21.1655],[83.203,21.1775],[83.2148,21.1946],[83.2107,21.2049],[83.2223,21.2286],[83.2178,21.2547],[83.2231,21.2656],[83.232,21.2726],[83.2381,21.2695],[83.2507,21.2822],[83.2714,21.2728],[83.2794,21.2948],[83.2764,21.3022],[83.2622,21.3077],[83.2575,21.3204],[83.2667,21.3307],[83.2579,21.3354],[83.2688,21.3453],[83.2748,21.3637],[83.2744,21.3771],[83.2689,21.3785],[83.2842,21.3802],[83.379,21.3444],[83.392,21.3425],[83.4069,21.3513],[83.4082,21.3612],[83.397,21.3674],[83.3991,21.4052],[83.376,21.4279],[83.3738,21.4423],[83.3545,21.4479],[83.3472,21.4888],[83.338,21.502],[83.3498,21.5125],[83.3603,21.5427],[83.3733,21.558],[83.3651,21.5759],[83.3698,21.6004],[83.3803,21.608],[83.3828,21.62],[83.3896,21.6176],[83.3926,21.6272],[83.4428,21.6553],[83.4509,21.6506],[83.4441,21.6239],[83.4526,21.6223],[83.4563,21.6099],[83.4664,21.6094],[83.4737,21.6324],[83.4898,21.6313],[83.4868,21.6432],[83.4495,21.6566],[83.4182,21.6798],[83.433,21.6989],[83.4609,21.6976],[83.4624,21.7081],[83.4907,21.7444],[83.4774,21.7514],[83.4836,21.7647],[83.4708,21.7866],[83.485,21.7933],[83.4943,21.8174],[83.524,21.7985],[83.5425,21.7984],[83.5415,21.8211],[83.5333,21.83],[83.5532,21.8398],[83.5783,21.8304],[83.591,21.851],[83.5744,21.875],[83.5761,21.8829],[83.5873,21.8958],[83.5862,21.9026],[83.5988,21.9053],[83.6058,21.914],[83.5905,21.9296],[83.5569,21.9352],[83.5617,21.948],[83.5392,21.9659],[83.5434,21.9943],[83.5556,22.0069],[83.5396,22.0207],[83.5366,22.0394],[83.548,22.059],[83.5505,22.0532],[83.5819,22.0545],[83.5869,22.0486],[83.6066,22.0666],[83.5634,22.095],[83.5627,22.1029],[83.6079,22.1536],[83.6274,22.2037],[83.6497,22.2232],[83.6555,22.2199],[83.6659,22.2326],[83.7041,22.2466],[83.7579,22.2402],[83.7599,22.2511],[83.7757,22.2572],[83.7768,22.2697],[83.7924,22.2764],[83.795,22.2858],[83.8265,22.2927],[83.8217,22.3127],[83.8301,22.3236],[83.8511,22.3264],[83.8536,22.3374],[83.8642,22.3432],[83.8905,22.3364],[83.9235,22.3583],[83.9428,22.3546],[83.9541,22.3621],[83.971,22.3589],[83.9968,22.3719],[84.0105,22.3715],[84.0066,22.3821],[84.0136,22.3973],[84.0305,22.4265],[84.0474,22.4381],[84.0474,22.4691],[84.0268,22.4752],[84.0176,22.4891],[83.9801,22.5023],[83.9747,22.512],[83.9818,22.5228],[84.0029,22.5321],[84.0116,22.5237],[84.0257,22.5257],[84.0367,22.5159],[84.0599,22.5163],[84.0653,22.5075],[84.0757,22.5061],[84.0711,22.5019],[84.0811,22.494],[84.1081,22.4837],[84.1118,22.477],[84.134,22.4781],[84.1427,22.4716],[84.1415,22.424],[84.1563,22.4076],[84.1969,22.378],[84.2504,22.3789],[84.269,22.3544],[84.2915,22.3428],[84.3658,22.3481],[84.3697,22.3539],[84.4005,22.3464],[84.4294,22.3524],[84.4345,22.3604],[84.4289,22.3648],[84.431,22.3729],[84.4853,22.3892],[84.4758,22.4009],[84.4802,22.4132],[84.5246,22.4199],[84.5353,22.427],[84.5476,22.4216],[84.5981,22.4347],[84.6028,22.4287],[84.6289,22.4344],[84.6666,22.4195],[84.75,22.4189],[84.7591,22.4466],[84.7938,22.4463],[84.8102,22.4532],[84.8176,22.437],[84.8369,22.4314],[84.8708,22.4398],[84.8801,22.4488],[84.8893,22.4281],[84.8862,22.4201],[84.9151,22.4255],[84.926,22.4349],[84.9216,22.444],[84.939,22.446],[84.9544,22.4587],[84.959,22.445],[85.0348,22.4739],[85.0383,22.4839],[85.0423,22.4795],[85.0672,22.4842],[85.0778,22.4774],[85.0769,22.4636],[85.0597,22.4486],[85.0678,22.428],[85.0817,22.417],[85.0878,22.3875],[85.0766,22.3561],[85.0833,22.3452],[85.0957,22.3446],[85.092,22.316],[85.1063,22.3214],[85.118,22.3175],[85.117,22.2944],[85.0996,22.2934],[85.0702,22.2733],[85.0782,22.2572],[85.0706,22.2482],[85.0724,22.2373],[85.0593,22.2057],[85.0498,22.1945],[85.0543,22.1836],[85.0299,22.1623],[85.0346,22.1444],[85.0284,22.1221],[84.9847,22.0955],[84.9869,22.0826],[85.0099,22.0888],[85.0214,22.1071],[85.0393,22.1154],[85.0985,22.1058],[85.1009,22.0938],[85.1219,22.0707],[85.1548,22.0784],[85.1678,22.0534],[85.1741,22.0515],[85.1676,22.0691],[85.1811,22.0727],[85.1873,22.0581],[85.2143,22.0493],[85.2217,22.018],[85.2381,22.0093],[85.2519,22.027],[85.2751,22.0822],[85.3106,22.1187],[85.3235,22.1276],[85.3462,22.1302],[85.3665,22.1229],[85.3603,22.1434],[85.3711,22.1609],[85.3847,22.1556],[85.3973,22.1631],[85.4233,22.158],[85.4921,22.1202],[85.512,22.1169],[85.542,22.101],[85.5452,22.0896],[85.5626,22.0952],[85.5684,22.088],[85.5994,22.0783],[85.609,22.079],[85.6134,22.0862],[85.6157,22.0807],[85.6272,22.0812],[85.6516,22.0954],[85.6853,22.0544],[85.6917,22.0622],[85.7102,22.0587],[85.7494,22.0735],[85.7673,22.0927],[85.799,22.1043],[85.8074,22.116],[85.8229,22.1063],[85.8153,22.0949],[85.8353,22.0929],[85.8384,22.0794],[85.8182,22.0734],[85.7956,22.0807],[85.7773,22.0555],[85.7854,22.0397],[85.7834,22.0314],[85.7615,22.0107],[85.766,21.9948],[85.784,21.9843],[85.818,21.9852],[85.8258,21.975],[85.8557,21.9829],[85.8839,21.9794],[85.8967,21.9838],[85.9092,21.9692],[85.9192,22.0081],[85.9335,22.0222],[85.9464,22.0218],[86.0093,22.1157],[85.9968,22.1324],[86.0313,22.1899],[85.9739,22.247],[85.9897,22.2543],[85.9883,22.2669],[86.0069,22.2798],[86.0171,22.2972],[86.0488,22.3079],[86.0158,22.3123],[86.0144,22.3217],[86.0291,22.3342],[86.0121,22.3405],[86.0056,22.3348],[85.998,22.3415],[86.024,22.3642],[86.0237,22.3756],[86.03,22.3798],[86.0271,22.395],[86.0181,22.4257],[85.9865,22.435],[85.9676,22.4512],[85.9698,22.4606],[85.9571,22.4647],[85.9627,22.485],[85.9723,22.4916],[85.9734,22.5058],[85.9851,22.5154],[86.0042,22.5138],[86.0231,22.5275],[86.0286,22.524],[86.0339,22.5344],[86.024,22.5446],[86.0469,22.5673],[86.0691,22.5558],[86.1185,22.4866],[86.2079,22.4734],[86.2259,22.453],[86.2693,22.4422],[86.2834,22.4478],[86.2942,22.4267],[86.3227,22.3967],[86.3229,22.3847],[86.3519,22.3635],[86.3596,22.3487],[86.4105,22.3199],[86.4297,22.3166],[86.4328,22.3064],[86.4446,22.3057],[86.4469,22.3276],[86.4639,22.325],[86.4715,22.3357],[86.4858,22.3372],[86.4873,22.3476],[86.4969,22.3471],[86.5102,22.3272],[86.5292,22.3226],[86.5301,22.3143],[86.5255,22.314],[86.5344,22.3011],[86.5408,22.3082],[86.5549,22.2983],[86.5689,22.3014],[86.5769,22.2955],[86.577,22.3012],[86.5849,22.3005],[86.5957,22.2776],[86.6129,22.2825],[86.6289,22.2705],[86.6386,22.2717],[86.6421,22.2645],[86.6467,22.2676],[86.6567,22.2497],[86.6524,22.243],[86.6561,22.2357],[86.6707,22.2421],[86.683,22.2232],[86.7253,22.2187],[86.7179,22.1815],[86.7219,22.1467],[86.7703,22.1491],[86.7949,22.1571],[86.8044,22.1503],[86.802,22.1304],[86.814,22.1258],[86.8089,22.1191],[86.8284,22.1177],[86.8379,22.0976],[86.8464,22.0961],[86.852,22.1028],[86.965,22.0858],[86.9926,22.0549],[87.0281,22.0366],[87.0234,22.0205],[87.0309,21.9855],[87.0094,21.9475],[87.0017,21.9138],[87.0378,21.8681],[87.0987,21.8657],[87.0995,21.8914],[87.0908,21.8996],[87.0964,21.9139],[87.1085,21.9238],[87.1374,21.9235],[87.1616,21.9355],[87.1627,21.9678],[87.1702,21.9793],[87.1962,21.9594],[87.2113,21.9661],[87.2359,21.957],[87.2373,21.9449],[87.2552,21.9266],[87.2387,21.9017],[87.2521,21.8767],[87.2488,21.8537],[87.2601,21.8488],[87.2708,21.8277],[87.264,21.8188],[87.2751,21.8168],[87.2766,21.8051],[87.2837,21.8027],[87.2969,21.8114],[87.2992,21.8008],[87.3098,21.7992],[87.3104,21.7939],[87.3212,21.7977],[87.3192,21.7908],[87.3357,21.7935],[87.3377,21.7848],[87.3548,21.7925],[87.3586,21.7827],[87.3712,21.7791],[87.3693,21.7652],[87.3853,21.7765],[87.3932,21.7761],[87.3975,21.7666],[87.4043,21.7713],[87.4444,21.7692],[87.4455,21.7436],[87.4545,21.7386],[87.4453,21.7386],[87.445,21.7339],[87.4695,21.7325],[87.4637,21.7256],[87.4736,21.7143],[87.4737,21.6969],[87.4684,21.664],[87.4614,21.6571],[87.4623,21.651],[87.4731,21.6523],[87.4764,21.6434]]]}}]}