{
"type": "FeatureCollection",
"name": "india_outline",
"crs": { "type": "name", "properties": { "name": "urn:ogc:def:crs:OGC:1.3:CRS84" } },
"features": [
{ "type": "Feature", "properties": { }, "geometry": { "type": "Polygon", "coordinates": [ [ [ 68.123828234497253, 23.612861712502866 ], [ 68.126571908122443, 23.619882699192161 ], [ 68.155851947399995, 23.6287509257 ], [ 68.176017671300002, 23.647202831200001 ], [ 68.1825125636, 23.664496832 ], [ 68.203145727399999, 23.68091855 ], [ 68.195105773, 23.705092391099999 ], [ 68.185622175268151, 23.716012944621397 ], [ 68.184026288400005, 23.7325496632 ], [ 68.205310346700003, 23.782785879599999 ], [ 68.199032294099993, 23.847526147300002 ], [ 68.210798740499996, 23.877403531900001 ], [ 68.250379522399996, 23.895785032100001 ], [ 68.280007298629172, 23.930725601895944 ], [ 68.319250875199998, 23.925172081900001 ], [ 68.331694921600004, 23.928182487899999 ], [ 68.342550884800005, 23.968924346 ], [ 68.361591892199996, 23.989434153200001 ], [ 68.375834303008901, 23.990701824124997 ], [ 68.385691428100003, 23.971721687399999 ], [ 68.393242481599998, 23.9673785524 ], [ 68.750821486600003, 23.974382161699999 ], [ 68.769255377299999, 24.264971379799999 ], [ 68.764540639182684, 24.29584357779429 ], [ 68.808003422522305, 24.313474275329451 ], [ 68.829065052100006, 24.314396140500001 ], [ 68.843414874558093, 24.277515722522381 ], [ 68.845425680899993, 24.246901504499998 ], [ 68.853106800099994, 24.2226447444 ], [ 68.857611978700007, 24.2150275286 ], [ 68.866067972300002, 24.212249014899999 ], [ 68.880832678299996, 24.218550497100001 ], [ 68.906749141442162, 24.279814439430286 ], [ 68.945222107045865, 24.302483090356436 ], [ 68.967072803099995, 24.272422107800001 ], [ 68.984124708799996, 24.229636964 ], [ 69.003812142900003, 24.223094185600001 ], [ 69.020416554400001, 24.228081434 ], [ 69.094856676688593, 24.274410895884358 ], [ 69.194583155299995, 24.237044421299998 ], [ 69.312796662752277, 24.281470046055681 ], [ 69.378547132099996, 24.269267639100001 ], [ 69.444653650899994, 24.2804029208 ], [ 69.492800497, 24.267753884 ], [ 69.559308575900005, 24.2805173299 ], [ 69.59427295759339, 24.292384232359876 ], [ 69.732200833199997, 24.1715000475 ], [ 70.023541534900005, 24.171085460600001 ], [ 70.038222520199994, 24.176224338499999 ], [ 70.067111285799996, 24.200370274200001 ], [ 70.109924477058215, 24.295001835803912 ], [ 70.139305591400003, 24.3029078619 ], [ 70.166984474399996, 24.303730885699999 ], [ 70.214573139300001, 24.321414564600001 ], [ 70.251497250699998, 24.3248727655 ], [ 70.284650054300002, 24.340681954099999 ], [ 70.326564695900004, 24.352015503 ], [ 70.367550303300007, 24.350836032 ], [ 70.390358709400004, 24.359693225200001 ], [ 70.411886608299994, 24.375523921199999 ], [ 70.535719178700006, 24.408113278599998 ], [ 70.561426092600001, 24.420808382600001 ], [ 70.573122343818525, 24.422302331574574 ], [ 70.602350423348994, 24.40819172681848 ], [ 70.580315825349018, 24.363166825876363 ], [ 70.563867002899997, 24.351710727099999 ], [ 70.584480370401508, 24.290384356636444 ], [ 70.584898351203265, 24.277973782639016 ], [ 70.573456448599998, 24.260543807800001 ], [ 70.575118506099997, 24.252068748100001 ], [ 70.645376243800001, 24.224500838899999 ], [ 70.714989908500002, 24.215650409 ], [ 70.805304681600006, 24.220889247700001 ], [ 70.835057224099998, 24.230955502 ], [ 70.851608599553117, 24.244861391484068 ], [ 70.877928799, 24.246711352 ], [ 70.891255926400007, 24.254678918300002 ], [ 70.8942233641, 24.2618268624 ], [ 70.874969381599996, 24.281083263199999 ], [ 70.873898975570967, 24.294985423775948 ], [ 70.878058168688767, 24.301886758240592 ], [ 70.916009318199997, 24.321622868 ], [ 70.947067759856438, 24.348537958194857 ], [ 70.985923872061875, 24.365194823959975 ], [ 71.002554759700004, 24.351642553400001 ], [ 71.017506627499998, 24.347763409399999 ], [ 71.041429666799999, 24.3536786881 ], [ 71.056480418899994, 24.361022912700001 ], [ 71.084208569591027, 24.394488347666904 ], [ 71.106761052699994, 24.3964435997 ], [ 71.120537641200002, 24.403875315899999 ], [ 71.122987741499998, 24.420661571899998 ], [ 71.1029942121, 24.435409505199999 ], [ 71.066979312300006, 24.4369769724 ], [ 71.037343264076256, 24.432043999197127 ], [ 71.009341988299994, 24.444604240099999 ], [ 70.998494033695266, 24.444415284426643 ], [ 70.99602623781395, 24.475004349191458 ], [ 71.004622376499995, 24.523322513099998 ], [ 70.987412205753728, 24.543550894634329 ], [ 70.992398874700001, 24.565074476900001 ], [ 70.986371054928114, 24.595548904223072 ], [ 71.008845649122208, 24.635371736227182 ], [ 71.050600624599994, 24.649134054699999 ], [ 71.074461474499998, 24.662186804400001 ], [ 71.089800410199999, 24.6785849362 ], [ 71.093230938299996, 24.689894000700001 ], [ 71.06530639324022, 24.717473696633174 ], [ 71.026316444399995, 24.808790646799999 ], [ 70.937711593299994, 24.938382798199999 ], [ 70.916009503500007, 25.0105127 ], [ 70.888125891499996, 25.148024207 ], [ 70.751591221073198, 25.277828638356034 ], [ 70.7359311572, 25.3330121873 ], [ 70.664825854828436, 25.396891839492657 ], [ 70.671948728800004, 25.4206273753 ], [ 70.677925857800005, 25.519846540300001 ], [ 70.667146854222295, 25.531350349315431 ], [ 70.673884764799993, 25.674406500100002 ], [ 70.660512782599994, 25.7012152617 ], [ 70.646063635499999, 25.712497946500001 ], [ 70.609318906599995, 25.714883667500001 ], [ 70.530150294173737, 25.683497468975389 ], [ 70.449023087900002, 25.681982212200001 ], [ 70.387000330656477, 25.673847101983704 ], [ 70.358241665899996, 25.680229149700001 ], [ 70.268865560199998, 25.7135208503 ], [ 70.247114198700004, 25.761772660599998 ], [ 70.221686658300001, 25.7937272126 ], [ 70.17446146429738, 25.828381070918262 ], [ 70.099772597618951, 25.938273054329166 ], [ 70.083397927036529, 26.083291218599818 ], [ 70.141581376600001, 26.1568264281 ], [ 70.1682315698, 26.218299074299999 ], [ 70.174724091800002, 26.250170980699998 ], [ 70.163518441959454, 26.294936232166272 ], [ 70.185093475499997, 26.373385644900001 ], [ 70.176913589737822, 26.42401551689651 ], [ 70.184579905, 26.481650410099999 ], [ 70.173004200799994, 26.551131167099999 ], [ 70.117320566399997, 26.5866892544 ], [ 70.057266844099999, 26.600231176600001 ], [ 69.934880619799998, 26.581572306200002 ], [ 69.887045422699998, 26.578894117800001 ], [ 69.822889721799996, 26.589100691599999 ], [ 69.791900008336924, 26.598328989534199 ], [ 69.719991255, 26.654557927500001 ], [ 69.510315738614565, 26.743518871460918 ], [ 69.484435169700006, 26.805082400900002 ], [ 69.497837116200003, 26.868160076100001 ], [ 69.51332285050718, 27.009987238752267 ], [ 69.586422043400006, 27.182647895199999 ], [ 69.642728567600003, 27.223423940100002 ], [ 69.702613735900002, 27.284244490700001 ], [ 69.759930316600006, 27.320958438 ], [ 69.862479537799999, 27.401877254599999 ], [ 69.890899705, 27.433524839699999 ], [ 69.933899050585083, 27.497826712282649 ], [ 70.025448413299998, 27.563109100599998 ], [ 70.132401963886466, 27.80595557698059 ], [ 70.197667701100002, 27.867331875 ], [ 70.227018975207642, 27.901363914432597 ], [ 70.296504434400006, 27.9363742727 ], [ 70.372195382096038, 28.01182689212575 ], [ 70.439461931300002, 28.020278015199999 ], [ 70.505817324201871, 28.037029428210896 ], [ 70.554308114600005, 28.026311954800001 ], [ 70.589449680495491, 28.01043702446999 ], [ 70.599235526300006, 27.992575492299999 ], [ 70.67738466595047, 27.921846144048232 ], [ 70.684519569900004, 27.828764933 ], [ 70.732297261100001, 27.760502154699999 ], [ 70.740623621200001, 27.741445741500002 ], [ 70.762600786700006, 27.720802706800001 ], [ 70.871495149200001, 27.7057069072 ], [ 70.905663563, 27.709578091499999 ], [ 70.951202554327338, 27.728844223838756 ], [ 70.963581947899996, 27.729909624699999 ], [ 70.982887590100006, 27.742325215499999 ], [ 71.205537159100004, 27.835408255699999 ], [ 71.383062397, 27.872623663799999 ], [ 71.666345864099995, 27.877919443500002 ], [ 71.896220784500002, 27.9619248578 ], [ 71.927366903703998, 28.121741146964094 ], [ 72.004293943573572, 28.218656260891844 ], [ 72.132202566800004, 28.313145716099999 ], [ 72.205484451399997, 28.3935663478 ], [ 72.299249244015257, 28.669751220933446 ], [ 72.390555283400005, 28.7702026071 ], [ 72.403773305556825, 28.782993585521385 ], [ 72.479754402899999, 28.812281102299998 ], [ 72.732829848500003, 28.947964521199999 ], [ 72.9466350565, 29.0300312508 ], [ 73.004367405249241, 29.152951529093293 ], [ 73.085009743200004, 29.2372585279 ], [ 73.281324575, 29.570640240500001 ], [ 73.39693161718607, 29.94599478897403 ], [ 73.596764779099999, 30.018900264700001 ], [ 73.805198985, 30.067924472600001 ], [ 73.827595504200005, 30.0921645353 ], [ 73.968728941500004, 30.195204760799999 ], [ 73.971843156700004, 30.203354817200001 ], [ 73.959438526599996, 30.270696906200001 ], [ 73.929988678900003, 30.320842583699999 ], [ 73.903076002199995, 30.348536324 ], [ 73.879789100063263, 30.359732290477307 ], [ 73.884055129277627, 30.366989508708119 ], [ 73.913773134799996, 30.383191833200001 ], [ 73.921959487099997, 30.3978967436 ], [ 73.938106205699995, 30.403272907200002 ], [ 73.954914957200003, 30.423284288800001 ], [ 73.950724473700006, 30.435322996899998 ], [ 73.926285105406691, 30.438939875281811 ], [ 73.936151922099995, 30.448621171500001 ], [ 73.927761984305945, 30.465905060576819 ], [ 73.934404681962604, 30.490131623097497 ], [ 73.948806732977289, 30.482804745615198 ], [ 73.948498901799994, 30.465409654799998 ], [ 73.960220176600004, 30.460447299 ], [ 73.968936352399993, 30.473499045699999 ], [ 73.963665003100374, 30.484849445930383 ], [ 73.992690985184439, 30.514258042619328 ], [ 74.008352912800007, 30.517266710299999 ], [ 74.012034567780205, 30.533578209464171 ], [ 74.030431738499999, 30.527077475 ], [ 74.037369901600002, 30.532530531300001 ], [ 74.03922763081971, 30.542608203592902 ], [ 74.049849497300002, 30.5373433416 ], [ 74.057276979, 30.5204392007 ], [ 74.073704972900003, 30.525082365300001 ], [ 74.083672782199997, 30.5411516132 ], [ 74.073435572379935, 30.554682192902558 ], [ 74.098247199100001, 30.578206742700001 ], [ 74.096049594182162, 30.611609807376176 ], [ 74.105111330857767, 30.619260050092176 ], [ 74.118392551300005, 30.618722216 ], [ 74.127379022716084, 30.634775388287895 ], [ 74.1372764762, 30.6289184852 ], [ 74.149056353899994, 30.631706644699999 ], [ 74.163364372492666, 30.648412573320073 ], [ 74.195018716099995, 30.6666794522 ], [ 74.218790644400002, 30.694155458200001 ], [ 74.232659130292674, 30.724550295497533 ], [ 74.265694975700001, 30.726505040599999 ], [ 74.274426778600002, 30.7461488981 ], [ 74.261433846392151, 30.775056839818664 ], [ 74.296694381199998, 30.778745173899999 ], [ 74.299707806100002, 30.786779251700001 ], [ 74.294890411073851, 30.794515826579872 ], [ 74.317947198, 30.8258740152 ], [ 74.320394052010798, 30.84662406242845 ], [ 74.362750956200003, 30.855243648199998 ], [ 74.366868564399994, 30.8653984462 ], [ 74.360777299825898, 30.873714070175037 ], [ 74.365917266090236, 30.892933672625592 ], [ 74.3829418949, 30.896731709 ], [ 74.397292100716797, 30.909383345983894 ], [ 74.408003141099996, 30.912527031900002 ], [ 74.416416187468897, 30.940331599721965 ], [ 74.437015125900004, 30.943505627699999 ], [ 74.457547085300007, 30.964837413200001 ], [ 74.479682185598065, 30.974275924456592 ], [ 74.491892945423515, 30.97441615857489 ], [ 74.497386440100001, 30.967584157499999 ], [ 74.505822485, 30.966848790099998 ], [ 74.516157925146857, 30.979469249148973 ], [ 74.538897274600004, 30.989913526 ], [ 74.542584650699993, 30.996827015400001 ], [ 74.539680408917746, 31.008844808709441 ], [ 74.547853607416769, 31.032219890004711 ], [ 74.568236311525709, 31.054682626673326 ], [ 74.574996452799994, 31.056574721400001 ], [ 74.603025885199997, 31.040829045100001 ], [ 74.6688614559, 31.052895926600002 ], [ 74.690376661800002, 31.069934100200001 ], [ 74.690653588663565, 31.081495305493434 ], [ 74.698096333500004, 31.086088826899999 ], [ 74.701149584700005, 31.095202123300002 ], [ 74.6965243633, 31.1133152182 ], [ 74.683618743500006, 31.1250071473 ], [ 74.666691356833695, 31.124377247904292 ], [ 74.655735163100005, 31.130145562199999 ], [ 74.63623191366095, 31.118275766508138 ], [ 74.626430603800003, 31.131118729400001 ], [ 74.610780237599997, 31.1309605748 ], [ 74.604159008500005, 31.122254691199998 ], [ 74.610025786356061, 31.111728348085851 ], [ 74.609592747108323, 31.097647099397399 ], [ 74.600799616573269, 31.088014984258201 ], [ 74.571261153070111, 31.08144039047232 ], [ 74.551504139499826, 31.08639825975996 ], [ 74.544597084800003, 31.1198166601 ], [ 74.510376331711385, 31.131915803397209 ], [ 74.514262281100002, 31.142916145200001 ], [ 74.510715711800003, 31.1809043815 ], [ 74.519378049899998, 31.188297957300001 ], [ 74.524866371200005, 31.212716861200001 ], [ 74.517021118462864, 31.22792402380027 ], [ 74.531116616199995, 31.248059081699999 ], [ 74.520612389177217, 31.268929669020281 ], [ 74.535951974, 31.298699218 ], [ 74.526439641398682, 31.312325713973781 ], [ 74.548265888700001, 31.343870902199999 ], [ 74.551808099048813, 31.364640490699919 ], [ 74.583438356900004, 31.379871013100001 ], [ 74.59662742039707, 31.416230323732741 ], [ 74.622436370257219, 31.430115799866424 ], [ 74.635715674599993, 31.431127681900001 ], [ 74.639084869074892, 31.446526941151134 ], [ 74.649356181, 31.459814798 ], [ 74.644862070399995, 31.4682144571 ], [ 74.627628421403884, 31.476790129232068 ], [ 74.608790064600001, 31.497496631800001 ], [ 74.587005276604231, 31.496335754385616 ], [ 74.575333615616998, 31.500943011269623 ], [ 74.584336707618377, 31.520917120337 ], [ 74.611567776499996, 31.5295628605 ], [ 74.613816718799995, 31.5549379102 ], [ 74.603873307, 31.5704430298 ], [ 74.585532971081861, 31.581414079948143 ], [ 74.571243206899993, 31.6047874329 ], [ 74.555327529772896, 31.607856280258503 ], [ 74.546027057399996, 31.6415113869 ], [ 74.539072657961199, 31.648468943443593 ], [ 74.535667276400005, 31.661985669100002 ], [ 74.528707813645795, 31.666620890604573 ], [ 74.529642536799997, 31.681030046499998 ], [ 74.50191059948898, 31.695802263415846 ], [ 74.498735116600002, 31.708234407300001 ], [ 74.486607355016645, 31.71501056393911 ], [ 74.490631192631085, 31.723772277135048 ], [ 74.5012014956, 31.730045235399999 ], [ 74.503717929227903, 31.740476506799652 ], [ 74.542764641900007, 31.74919125 ], [ 74.554591018, 31.756843476 ], [ 74.551411800400004, 31.778979245399999 ], [ 74.559130565399997, 31.796443117300001 ], [ 74.557918905995081, 31.804772213121861 ], [ 74.570686726100007, 31.815423959499999 ], [ 74.570710488435168, 31.836944919518132 ], [ 74.605970388499998, 31.872446703200001 ], [ 74.607866977213703, 31.890378966778911 ], [ 74.6346920326, 31.8850034747 ], [ 74.656341085799994, 31.905606614900002 ], [ 74.666714023588383, 31.922725104940906 ], [ 74.707876246200001, 31.9256516626 ], [ 74.722421818898056, 31.9427167680943 ], [ 74.751088327100007, 31.942974401 ], [ 74.755602761833686, 31.955749351002137 ], [ 74.76971455, 31.950104302900002 ], [ 74.806162754437707, 31.962844836734131 ], [ 74.819304431199996, 31.962884326899999 ], [ 74.830540609799996, 31.980085674800002 ], [ 74.828883092413022, 31.998618615738451 ], [ 74.845786087600004, 32.011500788799999 ], [ 74.848365052965917, 32.020471167716941 ], [ 74.860434681399994, 32.0245124076 ], [ 74.879551019834395, 32.053789253169278 ], [ 74.906162424100003, 32.051214272599999 ], [ 74.928250798700006, 32.066419975099997 ], [ 74.973895363681265, 32.053472009158199 ], [ 74.984552926700005, 32.042687513700002 ], [ 75.010950797500001, 32.0409638394 ], [ 75.032375338975569, 32.051086456735256 ], [ 75.045549763300002, 32.047948977300003 ], [ 75.06870132191969, 32.067184930798625 ], [ 75.080191342800006, 32.060370121200002 ], [ 75.087274072599996, 32.063234531299997 ], [ 75.091210632867401, 32.07182714549765 ], [ 75.103384785900005, 32.067979753 ], [ 75.122907485230655, 32.08137643685501 ], [ 75.157667516305111, 32.081745859470431 ], [ 75.166283335, 32.073532683099998 ], [ 75.174993775100006, 32.072929892499999 ], [ 75.195801790800004, 32.086745998600001 ], [ 75.197899865217195, 32.098602905088519 ], [ 75.205158831700004, 32.106484183100001 ], [ 75.202470407201886, 32.12023067636818 ], [ 75.215816241250693, 32.121096065008757 ], [ 75.220934371499993, 32.109417907299999 ], [ 75.23951378, 32.100527351799997 ], [ 75.255580859, 32.102011260099999 ], [ 75.262734986405377, 32.111846809722586 ], [ 75.278155532599996, 32.116623221499999 ], [ 75.281570092500004, 32.128934177 ], [ 75.277275651185676, 32.136981197962477 ], [ 75.282386591900007, 32.1470676494 ], [ 75.298273914899994, 32.1553499113 ], [ 75.315207938200004, 32.175342170299999 ], [ 75.316293466499999, 32.184343762700003 ], [ 75.310157611365895, 32.196085155572902 ], [ 75.316389797331354, 32.208031468066643 ], [ 75.331379410982237, 32.219572525681301 ], [ 75.360848044600004, 32.219140214100001 ], [ 75.371424126899996, 32.2297533176 ], [ 75.373715057599995, 32.273362593199998 ], [ 75.365977387399994, 32.278958955299998 ], [ 75.343725562693095, 32.278567564394116 ], [ 75.341248001500006, 32.291358754900003 ], [ 75.320510229761538, 32.297400904312525 ], [ 75.331743723200006, 32.317530524 ], [ 75.323096970899996, 32.336806877900003 ], [ 75.302164383314548, 32.344303770750258 ], [ 75.278513067199995, 32.368121702300002 ], [ 75.258137190243332, 32.371425401383576 ], [ 75.249007842500006, 32.383613828800001 ], [ 75.218367547, 32.397535161299999 ], [ 75.207554234568889, 32.394705798657682 ], [ 75.193963324699993, 32.400489857399997 ], [ 75.192038476700006, 32.416414794200001 ], [ 75.185844597499994, 32.422167624899998 ], [ 75.131430009480511, 32.408880067194247 ], [ 75.119585150500001, 32.442977122400002 ], [ 75.096512454800006, 32.467320042399997 ], [ 75.085313277699996, 32.468868990600001 ], [ 75.0743585389, 32.477230515499997 ], [ 75.029964323399994, 32.4906916479 ], [ 75.017372504099995, 32.480338868399997 ], [ 75.019288019661118, 32.466176810891668 ], [ 75.003283284442901, 32.457245344469683 ], [ 74.979632354200007, 32.447829151100002 ], [ 74.961501625699995, 32.452432505300003 ], [ 74.951531113100003, 32.447495631 ], [ 74.934008574499998, 32.467036151099997 ], [ 74.899660459545004, 32.466142490632961 ], [ 74.879258577510029, 32.476734372060911 ], [ 74.872987389299993, 32.485070419199999 ], [ 74.834305705199995, 32.494762530800003 ], [ 74.819577142, 32.493845581 ], [ 74.812805670700328, 32.479656481589856 ], [ 74.797437180900005, 32.476506176800001 ], [ 74.770629113499993, 32.481199305099999 ], [ 74.715260998600002, 32.4767587686 ], [ 74.705340463100001, 32.483751420600001 ], [ 74.687920179862786, 32.486890660185878 ], [ 74.682111458160904, 32.493593830845938 ], [ 74.679186749541131, 32.515410974182153 ], [ 74.681977997700002, 32.532085056600003 ], [ 74.66288809077318, 32.544534279606609 ], [ 74.652406679929598, 32.560168037099118 ], [ 74.639041521199999, 32.614409647400002 ], [ 74.6757544118, 32.658105391 ], [ 74.674117477500005, 32.668010427799999 ], [ 74.654203657547967, 32.692456740322378 ], [ 74.650149832678096, 32.718409619390464 ], [ 74.669087371042309, 32.775127706341671 ], [ 74.676299149900004, 32.7794258849 ], [ 74.6948228591, 32.810252892699999 ], [ 74.699934086300004, 32.828008679200003 ], [ 74.693952404, 32.836564137800003 ], [ 74.683559792200001, 32.836396450800002 ], [ 74.667874055116485, 32.825060685024241 ], [ 74.648143714100001, 32.8244584762 ], [ 74.640324807400006, 32.818417615599998 ], [ 74.639505248199995, 32.801798056499997 ], [ 74.658185395, 32.787831728699999 ], [ 74.658409972498944, 32.782425508347927 ], [ 74.6348505725, 32.777910715200001 ], [ 74.632158884500001, 32.767597004499997 ], [ 74.638338950489327, 32.758626716992154 ], [ 74.634255924705457, 32.749562147905301 ], [ 74.6201018422, 32.758305818700002 ], [ 74.6013072959, 32.757161853299998 ], [ 74.579634654328871, 32.74785987581312 ], [ 74.564470006799993, 32.753928010599999 ], [ 74.531533585046461, 32.740743276570598 ], [ 74.511594343798137, 32.745519935775128 ], [ 74.503014908200001, 32.759655112700003 ], [ 74.448820349, 32.784073551600002 ], [ 74.415459249899996, 32.783538426900002 ], [ 74.40292118488064, 32.767400659187807 ], [ 74.390995548716475, 32.763180877280476 ], [ 74.355054610245361, 32.767013800893068 ], [ 74.327492825799993, 32.786119734099998 ], [ 74.311542459954595, 32.785978263588902 ], [ 74.275384121499997, 32.812610371399998 ], [ 74.255980838400006, 32.842511336299999 ], [ 74.219643645231969, 32.848834526534915 ], [ 74.213196639499998, 32.856190035700003 ], [ 74.183491965200005, 32.865707788100003 ], [ 74.167006214538972, 32.874775176497941 ], [ 74.151008390599998, 32.893218585699998 ], [ 74.068957096797504, 32.909574016652641 ], [ 74.056929820500002, 32.921872224399998 ], [ 73.999682526491853, 32.935417823984302 ], [ 73.991162140100002, 32.9454609163 ], [ 73.963823996729232, 32.943382112970767 ], [ 73.953473034113941, 32.949804885405158 ], [ 73.953424264399999, 32.968802302100002 ], [ 73.944529724700004, 32.980432867200001 ], [ 73.911166393200006, 32.997324187799997 ], [ 73.891917277204641, 32.995554255291665 ], [ 73.868653000199998, 33.002793292900002 ], [ 73.835747955, 33.002250183299999 ], [ 73.827837697199996, 32.995795740200002 ], [ 73.825957649827217, 32.977252060783506 ], [ 73.809301593953506, 32.967594958593942 ], [ 73.79043851672958, 32.966824020801049 ], [ 73.788784687, 32.981602632700003 ], [ 73.781282593699999, 32.9870775475 ], [ 73.761825554699996, 32.975856579499997 ], [ 73.753817208836381, 32.979599133076405 ], [ 73.7434085724, 33.034699811300001 ], [ 73.709213306881878, 33.052229525366066 ], [ 73.6936947839, 33.072878949500002 ], [ 73.678673275, 33.08273176 ], [ 73.606845795197742, 33.088634309730878 ], [ 73.591124251099998, 33.100943279799999 ], [ 73.58128023420015, 33.120115550665147 ], [ 73.583946253700006, 33.143653795 ], [ 73.604787004, 33.196376873600002 ], [ 73.605676213300001, 33.218096061200001 ], [ 73.584437070157378, 33.261847634004617 ], [ 73.579009761500004, 33.314763651699998 ], [ 73.550309928068458, 33.357285666014612 ], [ 73.539001265099998, 33.394311462 ], [ 73.544764279500001, 33.416986514 ], [ 73.583802618600004, 33.466369435099999 ], [ 73.588361700199997, 33.484729159899999 ], [ 73.575277408935534, 33.508421021538481 ], [ 73.595802552, 33.546895190199997 ], [ 73.572494951899998, 33.607205489800002 ], [ 73.536739850027601, 33.657299421791798 ], [ 73.5361199755, 33.665419496399998 ], [ 73.563416300499995, 33.728132367100002 ], [ 73.562668164100003, 33.749404052199999 ], [ 73.555477101799994, 33.764644273099996 ], [ 73.534129938093329, 33.787982069963178 ], [ 73.524266911161135, 33.812260141281882 ], [ 73.539834901500001, 33.866777885 ], [ 73.540496519100003, 33.908455684 ], [ 73.533192375900001, 33.927884888599998 ], [ 73.491642855490838, 33.983325061553636 ], [ 73.511411383099997, 34.048824760499997 ], [ 73.507481341200005, 34.065280113199996 ], [ 73.499685776558366, 34.074579174587413 ], [ 73.495118784200002, 34.118839729 ], [ 73.488047157937629, 34.125276138301899 ], [ 73.487832342600001, 34.1701657857 ], [ 73.478370795199993, 34.221256618300004 ], [ 73.448047832399993, 34.2857509185 ], [ 73.409724798751284, 34.323057078823368 ], [ 73.39610631623043, 34.371617957486386 ], [ 73.400904534399999, 34.404986470700003 ], [ 73.422624615399997, 34.455709441300002 ], [ 73.421952579243708, 34.466051777999901 ], [ 73.432436222, 34.480904132799999 ], [ 73.436106056, 34.507849733199997 ], [ 73.430817677920459, 34.521335232044372 ], [ 73.438290365900002, 34.529277314700003 ], [ 73.442690642299993, 34.554782568 ], [ 73.4504677139508, 34.569940091854747 ], [ 73.525710286399999, 34.573544399100001 ], [ 73.544502329799997, 34.579135859099999 ], [ 73.556128442412543, 34.589830581181033 ], [ 73.611143318975252, 34.58481710700692 ], [ 73.631485540499995, 34.5677177974 ], [ 73.641083373800001, 34.567558182399999 ], [ 73.654310053200007, 34.586658461399999 ], [ 73.653765688255149, 34.600529540846402 ], [ 73.664601999499993, 34.614767287100001 ], [ 73.674279545399997, 34.645111853300001 ], [ 73.673031159100006, 34.657754252799997 ], [ 73.6588624868306, 34.669957638464112 ], [ 73.663615643286306, 34.694428035789883 ], [ 73.703572136600002, 34.724730453900001 ], [ 73.720544953520545, 34.767206577473608 ], [ 73.732439487199997, 34.781305784200001 ], [ 73.760275003900034, 34.799425380897375 ], [ 73.799851575, 34.803903628800001 ], [ 73.833880074600003, 34.826933500899997 ], [ 73.908245054, 34.826953354899999 ], [ 73.937203370544282, 34.849421640516319 ], [ 73.986324957099995, 34.870586920100003 ], [ 74.010401275, 34.913483961099999 ], [ 74.051489800900001, 34.955638292300002 ], [ 74.055828422978053, 34.996092971091713 ], [ 74.085117476700006, 35.018400170600003 ], [ 74.085901553100001, 35.030663186799998 ], [ 74.066748068530231, 35.046281886433476 ], [ 74.0603011571, 35.0749462518 ], [ 74.07200185, 35.096728717600001 ], [ 74.103989209700003, 35.119793964599999 ], [ 74.106084067400005, 35.134421740900002 ], [ 74.076959385, 35.150477316600004 ], [ 74.049743612900002, 35.141910083399999 ], [ 74.031665192383002, 35.143334720331282 ], [ 74.015812676, 35.162587648 ], [ 73.993827652600004, 35.176451769400003 ], [ 73.974141256300001, 35.178150188799997 ], [ 73.956847560841894, 35.168062015337668 ], [ 73.922864463, 35.204645991900001 ], [ 73.899429764, 35.211157423899998 ], [ 73.849718520476983, 35.207783513146751 ], [ 73.798494309399999, 35.238109000800002 ], [ 73.769653913, 35.235391563299999 ], [ 73.733519914019325, 35.208548012981367 ], [ 73.708191618699999, 35.222351072499997 ], [ 73.717689631900001, 35.243189445299997 ], [ 73.694855077500307, 35.318414405780828 ], [ 73.695444740748059, 35.369073585070545 ], [ 73.705148462500006, 35.4043705574 ], [ 73.715005728812287, 35.420540196571324 ], [ 73.7607810075, 35.446149454500002 ], [ 73.781277552500001, 35.473953060600003 ], [ 73.784216068199996, 35.482996094100002 ], [ 73.778581613, 35.5176249879 ], [ 73.741940020900003, 35.522162031900002 ], [ 73.715401336599996, 35.531923032599998 ], [ 73.660264218199998, 35.534446393700001 ], [ 73.5857970948, 35.552755394899997 ], [ 73.556800182961183, 35.546859149445829 ], [ 73.515981408, 35.559643647 ], [ 73.501504635399812, 35.557585714414564 ], [ 73.479935743400006, 35.5701514215 ], [ 73.398126477654358, 35.557100376756971 ], [ 73.374158336600004, 35.587887161399998 ], [ 73.36357737, 35.594099310799997 ], [ 73.281300784199999, 35.613788209600003 ], [ 73.230027238, 35.6440694725 ], [ 73.198364919900001, 35.670281947100001 ], [ 73.157218500655389, 35.690281661387033 ], [ 73.128114526139001, 35.716399892057701 ], [ 73.111662810936124, 35.759996092530287 ], [ 73.125021712199995, 35.8347241811 ], [ 73.118232463799998, 35.845094920400001 ], [ 73.101597759599997, 35.8559831679 ], [ 73.081657273199994, 35.863572143399999 ], [ 73.063613634500001, 35.862703497600002 ], [ 73.028818242457092, 35.847079060047456 ], [ 72.971465338100003, 35.833877563500003 ], [ 72.891664125099993, 35.841391486500001 ], [ 72.812111029199997, 35.857123276700001 ], [ 72.791970777399996, 35.8513057292 ], [ 72.786508664480351, 35.842513552324647 ], [ 72.776056176099999, 35.8415860223 ], [ 72.764629608299998, 35.833098693899998 ], [ 72.7330545019, 35.831901773200002 ], [ 72.676926049100004, 35.817512220200001 ], [ 72.619323801, 35.837520811200001 ], [ 72.575001729700006, 35.845835466399997 ], [ 72.548997614300006, 35.880935083300002 ], [ 72.5127828739611, 35.900273745900066 ], [ 72.516216448600005, 35.917915217199997 ], [ 72.513087327286541, 35.938671782251269 ], [ 72.5317104011, 35.952900531799997 ], [ 72.540881963199993, 35.967586504899998 ], [ 72.539327527279227, 35.986215576384659 ], [ 72.555288315, 35.9851496004 ], [ 72.566889246299993, 36.0085480467 ], [ 72.558633437599994, 36.033986013400003 ], [ 72.546017384300001, 36.045344037900001 ], [ 72.535744034213664, 36.047308570610205 ], [ 72.516691858608823, 36.067345192358104 ], [ 72.522486140400005, 36.106944995699997 ], [ 72.543817972599996, 36.1447229475 ], [ 72.542273208300003, 36.166005372699999 ], [ 72.535785330741945, 36.175521612914594 ], [ 72.540261954215651, 36.202473742456029 ], [ 72.552863371499996, 36.231489932199999 ], [ 72.571513877800001, 36.251443477 ], [ 72.611684333503362, 36.269481231536226 ], [ 72.650795705199997, 36.259177359600002 ], [ 72.674333551100005, 36.263480816300003 ], [ 72.709336792200006, 36.303380847200003 ], [ 72.761697557700003, 36.323604854199999 ], [ 72.807469957600006, 36.354063376200003 ], [ 72.846615016100003, 36.372688790700003 ], [ 72.855520798699999, 36.383317091 ], [ 72.861719871399998, 36.410988589600002 ], [ 72.859676795319899, 36.435557793442769 ], [ 72.875249912898013, 36.452888673854538 ], [ 72.911695205, 36.468167324100001 ], [ 72.959287748799994, 36.471060803900002 ], [ 72.965036716200004, 36.478730081099997 ], [ 72.964155430706384, 36.498400018977023 ], [ 72.977921018222958, 36.511519140848016 ], [ 73.020540178700003, 36.525896488299999 ], [ 73.035793349900004, 36.537884029499999 ], [ 73.0533089499081, 36.578616143225126 ], [ 73.072470025499996, 36.604369624299999 ], [ 73.047479964669435, 36.671081446413829 ], [ 73.050117752, 36.682118348899998 ], [ 73.067654806498794, 36.700611728493399 ], [ 73.080915679599997, 36.693168016 ], [ 73.104908144199996, 36.696563784200002 ], [ 73.141926499485564, 36.718816506799421 ], [ 73.170667020891727, 36.724019009407257 ], [ 73.203261149, 36.711644546899997 ], [ 73.247239715899994, 36.711243126699998 ], [ 73.324089707900001, 36.731441114799999 ], [ 73.355218244400007, 36.746163452300003 ], [ 73.40686209, 36.751519124200001 ], [ 73.4833457517, 36.726495526 ], [ 73.523400560799999, 36.723280736100001 ], [ 73.563288188100003, 36.728953976100001 ], [ 73.579292593366546, 36.722373608397135 ], [ 73.592323913300007, 36.7068935271 ], [ 73.659786171, 36.702719077600001 ], [ 73.701083044200004, 36.720148061899998 ], [ 73.737136299, 36.713515364099997 ], [ 73.767967375799998, 36.721282542600001 ], [ 73.795812066500005, 36.718792869200001 ], [ 73.843664049899999, 36.706180880600002 ], [ 73.855550447799999, 36.715693171700003 ], [ 73.862949203699998, 36.747378121099999 ], [ 73.853576214399993, 36.773237802300002 ], [ 73.840226161700002, 36.791270031099998 ], [ 73.832128024, 36.794982688300003 ], [ 73.815043923499999, 36.7890713253 ], [ 73.806654098500005, 36.790761035199999 ], [ 73.785289395600003, 36.815661876500002 ], [ 73.758836070163341, 36.816170433190443 ], [ 73.747010926800002, 36.826563508900001 ], [ 73.738662910814568, 36.826013943100257 ], [ 73.723657166799995, 36.835455943900001 ], [ 73.708952660799994, 36.835613766 ], [ 73.68497973983537, 36.855753925684546 ], [ 73.662576083700003, 36.888523632 ], [ 73.641913583155997, 36.904056512181995 ], [ 73.690337449500007, 36.914277370500002 ], [ 73.705049899093282, 36.912717782875617 ], [ 73.7307383972, 36.900910349699998 ], [ 73.751058436299999, 36.909660297599999 ], [ 73.775440615299999, 36.901514083 ], [ 73.840263919500003, 36.908822237 ], [ 74.028079325500002, 36.8465150233 ], [ 74.062261613399997, 36.840501018799998 ], [ 74.085281072800001, 36.846302829099997 ], [ 74.117527010499998, 36.841605407 ], [ 74.127542289100006, 36.849222171500003 ], [ 74.141207363177912, 36.895709237155877 ], [ 74.152044431497359, 36.909834446892923 ], [ 74.190467960800007, 36.910051181299998 ], [ 74.236393149500003, 36.899725324800002 ], [ 74.253661322200003, 36.900864050899997 ], [ 74.311301348599997, 36.930180122800003 ], [ 74.354094625486795, 36.964692362202491 ], [ 74.40164073, 36.980786210700003 ], [ 74.420554782678252, 36.996103981930695 ], [ 74.51735220123858, 36.998895964067714 ], [ 74.534298366200005, 36.983235616100004 ], [ 74.541454588, 36.963074465600002 ], [ 74.5585861701, 36.961018165200002 ], [ 74.568761975800001, 36.986873829700002 ], [ 74.573229376300006, 37.020297835599997 ], [ 74.575118214100002, 37.043662535099998 ], [ 74.568146058732395, 37.051767202444729 ], [ 74.6075462668, 37.060377947100001 ], [ 74.6127920383, 37.067148207400002 ], [ 74.612225202086918, 37.082836717564177 ], [ 74.619771265656198, 37.088940395890006 ], [ 74.643796461600004, 37.0937692392 ], [ 74.676741362860099, 37.096999512888651 ], [ 74.690952498200005, 37.088611845700001 ], [ 74.7073783570752, 37.087284544689311 ], [ 74.715952563299993, 37.053681767500002 ], [ 74.745072478099999, 37.022598164400002 ], [ 74.753340072699999, 37.024589836899999 ], [ 74.765775978099995, 37.040035979 ], [ 74.790631918100004, 37.0410648533 ], [ 74.831741381373291, 37.062374962325087 ], [ 74.840859565210593, 37.032147455899498 ], [ 74.836678694200003, 37.016821537200002 ], [ 74.851094411, 36.988458182499997 ], [ 74.888750615500001, 36.950389270599999 ], [ 74.921000148600001, 36.9354913381 ], [ 75.025565915300007, 37.011502889699997 ], [ 75.040103821499997, 37.015494199199999 ], [ 75.069050156100005, 37.005700684099999 ], [ 75.116951575100003, 37.009889495199999 ], [ 75.146864968361399, 37.019877032352113 ], [ 75.172965789499997, 37.005602021599998 ], [ 75.220360096127962, 37.051619566094566 ], [ 75.2651720068, 37.062414255299998 ], [ 75.349933705321845, 37.065526759775594 ], [ 75.355541862461237, 37.060896537587077 ], [ 75.360248275700002, 37.039038389700004 ], [ 75.356320460500001, 36.988079630900003 ], [ 75.368842997900003, 36.975601338899999 ], [ 75.397211315, 36.983248638299997 ], [ 75.414165442300003, 36.976525158699999 ], [ 75.419626888799996, 36.956645645400002 ], [ 75.406462359499997, 36.9293518494 ], [ 75.407724322099995, 36.914958470199998 ], [ 75.413359483199997, 36.908740717800001 ], [ 75.431784453038162, 36.905458956624074 ], [ 75.442617790300005, 36.895063615300003 ], [ 75.463033175099994, 36.828374663399998 ], [ 75.607291967532376, 36.779037173627444 ], [ 75.618881071700002, 36.769646835499998 ], [ 75.652449037564722, 36.768829834947937 ], [ 75.696586144799994, 36.751734987900001 ], [ 75.715680883246222, 36.751857004498838 ], [ 75.730010679200007, 36.746290409700002 ], [ 75.852348912312266, 36.675290318445583 ], [ 75.878196130800006, 36.648789405300001 ], [ 75.918858786140021, 36.620469990527184 ], [ 75.933661558599994, 36.587057206399997 ], [ 75.929304798700002, 36.559272447 ], [ 75.932438145700004, 36.5500977811 ], [ 75.960449360848983, 36.528621520357973 ], [ 75.976390594199998, 36.507643153399997 ], [ 76.083698237299998, 36.484199329900001 ], [ 76.176644172400003, 36.398311132700002 ], [ 76.198964863, 36.394353178899998 ], [ 76.251366484800002, 36.357166352900002 ], [ 76.282921072700006, 36.355339986799997 ], [ 76.340897472400002, 36.368220923099997 ], [ 76.355527504899996, 36.367497885799999 ], [ 76.408092861300005, 36.325981565100001 ], [ 76.423026382299994, 36.320197322 ], [ 76.436350365573091, 36.321741284037778 ], [ 76.436691097099995, 36.303257280700002 ], [ 76.454056774134742, 36.275549870233853 ], [ 76.445346672100001, 36.2629908129 ], [ 76.445568000400002, 36.255416287099997 ], [ 76.472649616300004, 36.235256831500003 ], [ 76.479147635900006, 36.222860250399997 ], [ 76.55477351839339, 36.19757357308508 ], [ 76.566679960900004, 36.178723697300001 ], [ 76.614121013900004, 36.172683506399999 ], [ 76.6358523444963, 36.188358948326126 ], [ 76.647422139488157, 36.19094675992222 ], [ 76.654597457099996, 36.178098912 ], [ 76.711079698773347, 36.135111235178194 ], [ 76.713203214499998, 36.118047093199998 ], [ 76.727683484500005, 36.087845439399999 ], [ 76.753444995400002, 36.072711833 ], [ 76.78168205575362, 36.066868582573079 ], [ 76.810342806214493, 36.053219202114029 ], [ 76.813582145101435, 36.026606191874059 ], [ 76.784097553099997, 36.014391106300003 ], [ 76.760563135400005, 35.994548325 ], [ 76.758781102834149, 35.982208002121659 ], [ 76.733357273199999, 35.958124585500002 ], [ 76.753702350500006, 35.930080509699998 ], [ 76.788415107655965, 35.899576408529498 ], [ 76.7975494744, 35.863309665400003 ], [ 76.812551762599995, 35.849805294699998 ], [ 76.839764052899994, 35.8401787317 ], [ 76.854618646838503, 35.840102397719193 ], [ 76.874669134, 35.821574872600003 ], [ 76.899119962200004, 35.810116240600003 ], [ 76.922031769599997, 35.792301449299998 ], [ 76.971480017900006, 35.787946611199999 ], [ 77.002492081, 35.776685546899998 ], [ 77.059822429799993, 35.783764053100001 ], [ 77.09382230760589, 35.800039766818458 ], [ 77.11233071150312, 35.801651511980324 ], [ 77.135371769717665, 35.794335847375422 ], [ 77.136412403500003, 35.785753266299999 ], [ 77.146682547935583, 35.781104970678236 ], [ 77.150610843, 35.768816497700001 ], [ 77.172835193631528, 35.76540218177702 ], [ 77.169541312899995, 35.745748987699997 ], [ 77.175825438199993, 35.735752545499999 ], [ 77.226944178868976, 35.728408617769851 ], [ 77.228558154799998, 35.7156692585 ], [ 77.235944744899996, 35.709918723800001 ], [ 77.270018544, 35.708378287199999 ], [ 77.283977896799996, 35.719765216900001 ], [ 77.319728199400004, 35.699404936599997 ], [ 77.327201515499993, 35.703282495499998 ], [ 77.334593239670752, 35.720136333431228 ], [ 77.368061785551589, 35.716851858354588 ], [ 77.383177295, 35.693237866600001 ], [ 77.399250301699993, 35.686320620799997 ], [ 77.405929058400005, 35.664487510400001 ], [ 77.429127143200006, 35.660651826 ], [ 77.437764289699999, 35.6546945021 ], [ 77.442709080614407, 35.636246252862236 ], [ 77.439110265899998, 35.606837138899998 ], [ 77.465282735223127, 35.593744030407713 ], [ 77.470891024599993, 35.566915869 ], [ 77.464067118100004, 35.548506674800002 ], [ 77.484145487943749, 35.533916896423612 ], [ 77.471436796500001, 35.521703302699997 ], [ 77.452851075799998, 35.525271185299999 ], [ 77.434586618584561, 35.516223181421609 ], [ 77.409945809099995, 35.528644679599999 ], [ 77.404656265200003, 35.540148623299999 ], [ 77.388352673599996, 35.549652667700002 ], [ 77.357124292400002, 35.546981460200001 ], [ 77.338485234900006, 35.540113374900002 ], [ 77.335251775900005, 35.527751781399999 ], [ 77.357820649199994, 35.497874201499997 ], [ 77.37221748275924, 35.493055289242307 ], [ 77.378021271899996, 35.481176244399997 ], [ 77.391074359300006, 35.471745346 ], [ 77.428040921800005, 35.469173050499997 ], [ 77.474347944300007, 35.477312842899998 ], [ 77.536118208506053, 35.495937624912841 ], [ 77.604874322499995, 35.476911620400003 ], [ 77.624305118699993, 35.476788481699998 ], [ 77.648994181208963, 35.485650535985094 ], [ 77.660092950600003, 35.481084933699996 ], [ 77.695669479100005, 35.480440718 ], [ 77.721506189799996, 35.490556863099997 ], [ 77.722553315871735, 35.510990274579896 ], [ 77.736660924899994, 35.5241040533 ], [ 77.758023873799999, 35.507517684100002 ], [ 77.797547546900006, 35.516970495599999 ], [ 77.825994879800007, 35.514956284100002 ], [ 77.866980035200001, 35.481282505700001 ], [ 77.887061433524778, 35.481823677989105 ], [ 77.901303693200006, 35.468946218900001 ], [ 77.9095962703, 35.467648285099997 ], [ 77.9168084545, 35.474422166499998 ], [ 77.924403430689352, 35.495126647732476 ], [ 77.938668121199996, 35.500340730600001 ], [ 77.934942189300003, 35.521694572500003 ], [ 77.970428221899994, 35.564454487299997 ], [ 77.970894464, 35.581404001499997 ], [ 77.958714657931935, 35.599433546042533 ], [ 77.960508289420872, 35.604426026003729 ], [ 77.998627170199995, 35.5860610374 ], [ 78.046448114190753, 35.587492230477395 ], [ 78.084838407099994, 35.553640424500003 ], [ 78.102440770853619, 35.556282474630386 ], [ 78.144466276299994, 35.539495088099997 ], [ 78.160010960700006, 35.555906484899999 ], [ 78.158296202036112, 35.582362995749634 ], [ 78.173348525700007, 35.600480211600001 ], [ 78.167476634910329, 35.627663726707866 ], [ 78.190986238700006, 35.628042534099997 ], [ 78.204066414899998, 35.6448877682 ], [ 78.209474389103192, 35.662835772201618 ], [ 78.253429052300007, 35.644368752200002 ], [ 78.262622070199996, 35.6459256459 ], [ 78.279769225099997, 35.66444055 ], [ 78.278008514616019, 35.715900594665548 ], [ 78.295010772599994, 35.721248291599998 ], [ 78.342115584400005, 35.716731809700001 ], [ 78.398433885299994, 35.730190033600003 ], [ 78.4061846309, 35.736784112499997 ], [ 78.417039503563103, 35.760982193267026 ], [ 78.435136961599994, 35.778173468799999 ], [ 78.455259729800005, 35.775836673699999 ], [ 78.477544116299995, 35.766489347399997 ], [ 78.512843326620811, 35.765567777583428 ], [ 78.529371847, 35.758795054700002 ], [ 78.573461214700004, 35.784656135699997 ], [ 78.584808938500004, 35.785208777299999 ], [ 78.59790486663185, 35.802106810978152 ], [ 78.620295099, 35.8052629297 ], [ 78.646797301899994, 35.817808322499999 ], [ 78.67503159549625, 35.851496784489385 ], [ 78.709528284599998, 35.851378270200001 ], [ 78.723863824899993, 35.859928823 ], [ 78.758950083200006, 35.857721677699999 ], [ 78.781120043900003, 35.863496099899997 ], [ 78.794178234200004, 35.854747381 ], [ 78.828143148899997, 35.848312573599998 ], [ 78.933989095499996, 35.866332728099998 ], [ 78.967612374400005, 35.884263016200002 ], [ 79.025678881700003, 35.851443843399998 ], [ 79.052487235499996, 35.8414391847 ], [ 79.155021812300006, 35.831908710699999 ], [ 79.191018862299998, 35.857859789599999 ], [ 79.219386267800004, 35.887967031199999 ], [ 79.219070602100004, 35.899662001899998 ], [ 79.203101848951007, 35.925398179659481 ], [ 79.213445904447866, 35.953555455548702 ], [ 79.261956434599995, 35.9842898757 ], [ 79.406824936288288, 35.985521963787981 ], [ 79.426656316199995, 35.905078720500001 ], [ 79.435792235400001, 35.892738997400002 ], [ 79.536356250799997, 35.874470588299999 ], [ 79.593040473599999, 35.847291954100001 ], [ 79.715604765500004, 35.8144917232 ], [ 79.748595825799995, 35.791712094099999 ], [ 79.889916815500001, 35.772112700599997 ], [ 79.951055228900003, 35.818485266499998 ], [ 79.972952245599998, 35.825695162 ], [ 80.008092480514946, 35.828319630351388 ], [ 80.035534688400006, 35.807737457199998 ], [ 80.055470270900003, 35.783323341299997 ], [ 80.081607339, 35.727911984400002 ], [ 80.1036889489, 35.707553264700003 ], [ 80.124286136799995, 35.6626180636 ], [ 80.236689570600007, 35.632279309200001 ], [ 80.307141421842218, 35.589471825890442 ], [ 80.321479120800007, 35.553755449 ], [ 80.325346898, 35.510042252799998 ], [ 80.342135391174608, 35.461508573664645 ], [ 80.335176349299999, 35.453426834299997 ], [ 80.303628369400002, 35.438569184400002 ], [ 80.290929630299999, 35.426053730500001 ], [ 80.286569312500006, 35.405678468700003 ], [ 80.294106481794316, 35.381563350949271 ], [ 80.291702252099995, 35.359265284199999 ], [ 80.268376096998281, 35.294765106938819 ], [ 80.237952117600003, 35.245381934199997 ], [ 80.229611324398761, 35.200413916585362 ], [ 80.185904185, 35.147844589800002 ], [ 80.184088673900007, 35.132809760599997 ], [ 80.195644585139561, 35.059737218189376 ], [ 80.188827703599998, 35.040284802499997 ], [ 80.18741124769295, 35.011705889419169 ], [ 80.158154199199998, 34.9394413793 ], [ 80.116376175200003, 34.862405291800002 ], [ 80.0742650814, 34.824689174699998 ], [ 80.068365285900001, 34.795874264299997 ], [ 80.067672421599994, 34.719728533599998 ], [ 80.063046315400001, 34.706488311900003 ], [ 80.039113819799994, 34.6886029235 ], [ 79.948587893400003, 34.666400772400003 ], [ 79.889994276099998, 34.678580945500002 ], [ 79.864827083500003, 34.676608377800001 ], [ 79.830546132199999, 34.650041019699998 ], [ 79.820279404900006, 34.632701013800002 ], [ 79.800918040400006, 34.6269080816 ], [ 79.779628950499998, 34.612903513699997 ], [ 79.776805716, 34.602274519700003 ], [ 79.792026642814122, 34.572898846698521 ], [ 79.765455470099994, 34.562201195299998 ], [ 79.760172709200006, 34.542777772900003 ], [ 79.765296869899998, 34.536926361299997 ], [ 79.808714770955476, 34.519758194954619 ], [ 79.816933697735479, 34.507373719371344 ], [ 79.81341238027413, 34.480950940499362 ], [ 79.798833134800006, 34.476191955499999 ], [ 79.788480200803036, 34.465714298256522 ], [ 79.663032579900005, 34.4682858221 ], [ 79.652041891500005, 34.476325412599998 ], [ 79.62620677936026, 34.476216925621408 ], [ 79.598296868700004, 34.485738284500002 ], [ 79.5770598135, 34.476354926100001 ], [ 79.538537308499997, 34.468470051499999 ], [ 79.523482033099995, 34.458377153699999 ], [ 79.521715224600001, 34.448359334199999 ], [ 79.531181849299998, 34.435058356200003 ], [ 79.530116959500006, 34.4064609566 ], [ 79.567827901810006, 34.394978442305721 ], [ 79.558436553600004, 34.377552785299997 ], [ 79.563699220100006, 34.322319615799998 ], [ 79.595692079700001, 34.271982758699998 ], [ 79.590844951, 34.2337035591 ], [ 79.574909608499993, 34.21177431 ], [ 79.547806275599996, 34.193202754300003 ], [ 79.515805065799995, 34.200440462899998 ], [ 79.497383066799998, 34.187998382799996 ], [ 79.487945000400003, 34.144746831500001 ], [ 79.494016479899997, 34.125621157499999 ], [ 79.465462395, 34.0952827343 ], [ 79.426500916799995, 34.081642939399998 ], [ 79.419363636200003, 34.07456607 ], [ 79.413891525300002, 34.046667574300002 ], [ 79.439711314234685, 34.023471685680356 ], [ 79.433873503599997, 34.012832915200001 ], [ 79.413345477600004, 34.006098489 ], [ 79.374690738300004, 34.026168069800001 ], [ 79.298793734300006, 34.033532360400002 ], [ 79.270234108196632, 34.029798383853034 ], [ 79.260196102699993, 34.036730801899999 ], [ 79.228826946300003, 34.043511031500003 ], [ 79.202656705534793, 34.04132494545145 ], [ 79.179600583400003, 34.057580438 ], [ 79.170637037700004, 34.058940934799999 ], [ 79.147190965799993, 34.050479137899998 ], [ 79.146428466155157, 34.027435537548527 ], [ 79.140972976300006, 34.0210535533 ], [ 79.107377222599993, 34.012300456799998 ], [ 79.077035077299996, 34.013691928100002 ], [ 79.008819565500005, 34.043483724300003 ], [ 78.913105047299993, 34.010311109299998 ], [ 78.893913845300006, 33.974615850699998 ], [ 78.903580613399996, 33.955588755400001 ], [ 78.919996417623651, 33.943177514080837 ], [ 78.9267708016, 33.925855840399997 ], [ 78.962380436656602, 33.875414963265285 ], [ 78.966121273400006, 33.844024473700003 ], [ 78.977600304600003, 33.823191416 ], [ 78.995666198671998, 33.81257738169748 ], [ 79.005247268, 33.773545895 ], [ 79.031544061378071, 33.768466330381138 ], [ 79.046109178, 33.755407814100003 ], [ 79.056961731245636, 33.758512236694628 ], [ 79.057185511965457, 33.751388078501577 ], [ 79.036778136300001, 33.749838055399998 ], [ 79.023273648900002, 33.736925334799999 ], [ 79.010991441300007, 33.704870956500002 ], [ 79.015372193100006, 33.6841628106 ], [ 79.033560868, 33.668720448400002 ], [ 79.067451279776364, 33.663793856365871 ], [ 79.093504056790977, 33.633935307581254 ], [ 79.086766768584184, 33.617224534021361 ], [ 79.076059973900001, 33.621002153 ], [ 79.0317313316, 33.619473593099997 ], [ 79.006881066544707, 33.607933688949018 ], [ 78.977600753245241, 33.608380451239768 ], [ 78.9507735623, 33.617068513299998 ], [ 78.9393980720115, 33.613491861113175 ], [ 78.927091561, 33.619980316 ], [ 78.908968900199994, 33.615946259600001 ], [ 78.89403529, 33.5906435594 ], [ 78.891984683, 33.577173626399997 ], [ 78.896130988899998, 33.5706394738 ], [ 78.914187855866402, 33.56236942735466 ], [ 78.918678468799996, 33.539462030499998 ], [ 78.944038656182173, 33.511973959945912 ], [ 78.931866749099996, 33.4798718228 ], [ 78.928366966200002, 33.441561293699998 ], [ 78.943326477, 33.388198317200001 ], [ 78.954594233, 33.374727932100001 ], [ 78.972678322756153, 33.367309455009199 ], [ 78.989799099899997, 33.346561469800001 ], [ 79.01953813936035, 33.330787196647201 ], [ 79.033679529699995, 33.314087122700002 ], [ 79.084770598099993, 33.288884803899997 ], [ 79.114457642299996, 33.283693103399997 ], [ 79.166939903499994, 33.289271313699999 ], [ 79.233229498, 33.289241317299997 ], [ 79.301975382199998, 33.266890501100001 ], [ 79.352630529500004, 33.274600800800002 ], [ 79.437332691586406, 33.251495024319354 ], [ 79.434846801500001, 33.214460777699998 ], [ 79.426977992820355, 33.185851342830475 ], [ 79.417389059900003, 33.1699231423 ], [ 79.415366797900006, 33.147407007 ], [ 79.373909007500004, 33.073873448500002 ], [ 79.369898266700005, 33.059567039400001 ], [ 79.377612767126564, 33.038361579393651 ], [ 79.371114020912643, 33.024981487690866 ], [ 79.3526387669, 33.013802394800003 ], [ 79.350704004899995, 32.991449058100002 ], [ 79.355258174799999, 32.984409837699999 ], [ 79.368063898880877, 32.981489327637924 ], [ 79.365418922900005, 32.965777686700001 ], [ 79.369197905899995, 32.958343481900002 ], [ 79.397569096500007, 32.955670284900002 ], [ 79.436404976399999, 32.921068973099999 ], [ 79.472192343499998, 32.869241245399998 ], [ 79.486300571648641, 32.861948959275693 ], [ 79.540612353900002, 32.783342602899999 ], [ 79.563407315600003, 32.7703783989 ], [ 79.582445588554677, 32.77154759775739 ], [ 79.605226361983483, 32.735540256123244 ], [ 79.562733565900004, 32.687370978300002 ], [ 79.564254120300006, 32.670522418300003 ], [ 79.553549438, 32.620274369599997 ], [ 79.545347688379422, 32.607370584613747 ], [ 79.522000125460139, 32.59479927104379 ], [ 79.482656873899998, 32.592496751100001 ], [ 79.4472548854, 32.572461555399997 ], [ 79.432770707499998, 32.5408406058 ], [ 79.418217802639973, 32.524181634745943 ], [ 79.394767692299993, 32.5237517825 ], [ 79.369182255799998, 32.537182742900001 ], [ 79.360742798299995, 32.536445324200002 ], [ 79.31221406684034, 32.487103795936392 ], [ 79.297346260594338, 32.488539033265916 ], [ 79.270741406799999, 32.517046719500001 ], [ 79.255621169799994, 32.523100150399998 ], [ 79.227880971, 32.516745351399997 ], [ 79.1811285215, 32.477857215199997 ], [ 79.140337637599998, 32.4758077615 ], [ 79.123320015800005, 32.4584248524 ], [ 79.128588049900003, 32.426601825399999 ], [ 79.112260749200004, 32.400040262300003 ], [ 79.104460233044463, 32.37172062086389 ], [ 79.095641319014447, 32.367951438197586 ], [ 79.067911785500002, 32.384493336200002 ], [ 79.051132483299995, 32.383771594499997 ], [ 79.024981885389963, 32.367024401430896 ], [ 78.995216724599999, 32.363728022099998 ], [ 78.982519629355181, 32.345830673898526 ], [ 78.962747009536855, 32.33747402642485 ], [ 78.947522376400002, 32.353554922500003 ], [ 78.91467950330771, 32.367101426673059 ], [ 78.899641404400001, 32.384287075499998 ], [ 78.854835463699999, 32.418569402099997 ], [ 78.807909538170605, 32.439869632067882 ], [ 78.800014447600006, 32.460626713400003 ], [ 78.781189578975827, 32.475306963244201 ], [ 78.769463348499997, 32.539064681100001 ], [ 78.75619736669681, 32.565342547134499 ], [ 78.758028617680978, 32.572701404545761 ], [ 78.776907267599995, 32.590290829300002 ], [ 78.779649468599999, 32.600654753 ], [ 78.766293865, 32.629525103500001 ], [ 78.740257613300003, 32.655283778200001 ], [ 78.740905942699996, 32.675484151 ], [ 78.729136851800007, 32.677872877399999 ], [ 78.702821936677736, 32.659508467824722 ], [ 78.667531901399997, 32.657934408800003 ], [ 78.654584307600004, 32.649089455499997 ], [ 78.632330187980315, 32.611070227637384 ], [ 78.625666808430395, 32.60706521409557 ], [ 78.597862886, 32.599241868100002 ], [ 78.5851144218, 32.608389682099997 ], [ 78.544450142900004, 32.612105050899999 ], [ 78.525217283200007, 32.605689291700003 ], [ 78.485605643665963, 32.573232552318871 ], [ 78.453783474900007, 32.579419843 ], [ 78.417700797899997, 32.555851957500003 ], [ 78.409834121900005, 32.527320662400001 ], [ 78.418650914300002, 32.510376498500001 ], [ 78.452458371215897, 32.503970454973576 ], [ 78.465972269604549, 32.481228604048923 ], [ 78.453222326800002, 32.466985552300002 ], [ 78.454679948500001, 32.4536602258 ], [ 78.483366527978291, 32.438676309816707 ], [ 78.4918376806, 32.420657558199999 ], [ 78.515181105, 32.423511327299998 ], [ 78.532172396175952, 32.415917931598813 ], [ 78.512302848700003, 32.3922210323 ], [ 78.507776620200005, 32.372638205100003 ], [ 78.494632920300006, 32.363853407599997 ], [ 78.478222365899995, 32.341999882 ], [ 78.481457637199995, 32.284742962300001 ], [ 78.4633231575, 32.244302114600004 ], [ 78.469167281300003, 32.237926644600002 ], [ 78.484092508399996, 32.237007371399997 ], [ 78.560150592200003, 32.247447150500001 ], [ 78.596824404900005, 32.221607427499997 ], [ 78.610869583447482, 32.200690394346957 ], [ 78.606155182744487, 32.169933939945956 ], [ 78.593995555199996, 32.151263056200001 ], [ 78.60891745028691, 32.135572861047322 ], [ 78.615710306699995, 32.1119106234 ], [ 78.622746140800004, 32.1083586158 ], [ 78.655205061096822, 32.109057236739282 ], [ 78.667134130352594, 32.099181319992361 ], [ 78.674759883099995, 32.071445874799998 ], [ 78.694230998154211, 32.060055404375156 ], [ 78.717186485400006, 32.029319750600003 ], [ 78.733197007224689, 32.018828943854572 ], [ 78.744816763399996, 32.002899004200003 ], [ 78.778334582832684, 31.994354074663054 ], [ 78.772649692399995, 31.975094157200001 ], [ 78.777948346247896, 31.964863116966335 ], [ 78.763658977800006, 31.9545649447 ], [ 78.76801477078493, 31.930595526038093 ], [ 78.744644546299995, 31.9008270209 ], [ 78.742359667299993, 31.883466963 ], [ 78.748173415620883, 31.871904658026885 ], [ 78.743797744600002, 31.863357630700001 ], [ 78.743096284363588, 31.838258580000293 ], [ 78.720278625099994, 31.825987367700002 ], [ 78.70530172, 31.811325310099999 ], [ 78.704665868600003, 31.7782102422 ], [ 78.724076196599995, 31.757813878 ], [ 78.729023431, 31.733959712200001 ], [ 78.743000879899995, 31.7157572 ], [ 78.754131606100003, 31.679461098899999 ], [ 78.766578932100003, 31.675462507799999 ], [ 78.797074781684643, 31.683160451379237 ], [ 78.802928212200001, 31.6463138839 ], [ 78.839734872408897, 31.623806880724608 ], [ 78.846102895339726, 31.608282661277386 ], [ 78.840322799334714, 31.598782396980713 ], [ 78.830750575300002, 31.595690564400002 ], [ 78.821145765089042, 31.579507114868402 ], [ 78.780586168, 31.5564144654 ], [ 78.773790910235817, 31.545924022771541 ], [ 78.761151824899997, 31.546059516100001 ], [ 78.733526550600004, 31.5362152559 ], [ 78.721668283, 31.5112628971 ], [ 78.722043019699996, 31.500689748700001 ], [ 78.731334005500003, 31.484578227099998 ], [ 78.763244945948287, 31.485478645424511 ], [ 78.776750512899994, 31.469222241499999 ], [ 78.809688561282698, 31.44761441624275 ], [ 78.809797946, 31.425463192799999 ], [ 78.799514423600002, 31.4048522111 ], [ 78.800115054399996, 31.397114987799998 ], [ 78.830845515423064, 31.383193449243446 ], [ 78.848324718511577, 31.367265823053533 ], [ 78.854341396413872, 31.349161341187916 ], [ 78.848699018199994, 31.3277960279 ], [ 78.881402599547883, 31.296066883330543 ], [ 78.895915330799994, 31.2636453211 ], [ 78.919394415, 31.2545802299 ], [ 78.928096415599995, 31.257708078499999 ], [ 78.929997943809354, 31.281889298330476 ], [ 78.938701704099998, 31.301386591699998 ], [ 78.939380033055755, 31.326464144738249 ], [ 78.951348392200003, 31.3373248726 ], [ 79.009061479300001, 31.3568326989 ], [ 79.023744122076508, 31.396360334765546 ], [ 79.050823970899998, 31.4202785011 ], [ 79.0523884909, 31.446587281700001 ], [ 79.06174294759181, 31.461338065028698 ], [ 79.070259666200002, 31.460216084 ], [ 79.089222829700006, 31.445427247600001 ], [ 79.127419214760224, 31.434850407783415 ], [ 79.143757430700006, 31.425292399700002 ], [ 79.173740115200005, 31.395459843299999 ], [ 79.199146735799999, 31.356650955500001 ], [ 79.246464208870819, 31.330031832814917 ], [ 79.241738347899997, 31.311354765299999 ], [ 79.26576564562238, 31.293204028909436 ], [ 79.271830664299998, 31.283436980400001 ], [ 79.252487983500004, 31.2657392857 ], [ 79.251771972300006, 31.2459199364 ], [ 79.257727144100002, 31.2400458557 ], [ 79.280386155100004, 31.234823541800001 ], [ 79.292714752600006, 31.221046748500001 ], [ 79.303154046825796, 31.190373655919032 ], [ 79.301121629700006, 31.1683662909 ], [ 79.3103502437, 31.1459165835 ], [ 79.332155382600007, 31.127595291799999 ], [ 79.3987934488555, 31.107775498343688 ], [ 79.407440262600005, 31.078583182900001 ], [ 79.424558404112204, 31.071067194808368 ], [ 79.422864459, 31.040429422300001 ], [ 79.428311060300004, 31.029688741099999 ], [ 79.491320075700003, 31.0335438183 ], [ 79.518801145699996, 31.026816928900001 ], [ 79.556089203699997, 30.961244109399999 ], [ 79.6002372767, 30.938375467499998 ], [ 79.653672489, 30.962450935700002 ], [ 79.670780673324984, 30.979244640823481 ], [ 79.704288161799994, 30.9729583835 ], [ 79.730214986299998, 30.9806190278 ], [ 79.757289241006291, 30.997960959253717 ], [ 79.770872501200003, 30.988086730599999 ], [ 79.808017682, 30.9765583388 ], [ 79.864139723600005, 30.969873080799999 ], [ 79.879462639, 30.952234388099999 ], [ 79.890786250299996, 30.922156506499999 ], [ 79.910378972193598, 30.91505679490902 ], [ 79.929656403199999, 30.886166361499999 ], [ 79.952225296, 30.885009977799999 ], [ 79.962148937264814, 30.89000478517417 ], [ 79.969747303, 30.882647130199999 ], [ 79.99249040410524, 30.876929541260491 ], [ 80.038947517500006, 30.838296362600001 ], [ 80.056011897460436, 30.841493879584743 ], [ 80.060181360599998, 30.828181688600001 ], [ 80.080393982700002, 30.811300137100002 ], [ 80.089318148100006, 30.7945461485 ], [ 80.110090486700003, 30.779937953600001 ], [ 80.123686069599998, 30.7782774862 ], [ 80.138090071700006, 30.784658428 ], [ 80.151620743699993, 30.7930164769 ], [ 80.158151369796443, 30.805871335998138 ], [ 80.177544203899998, 30.804080905599999 ], [ 80.20320160313544, 30.77651109525285 ], [ 80.200394909400003, 30.765084095100001 ], [ 80.211376998399999, 30.753398408799999 ], [ 80.219887336400006, 30.752181521099999 ], [ 80.239652976797089, 30.762049647689295 ], [ 80.241556455, 30.749660074299999 ], [ 80.250426027688377, 30.742342775034395 ], [ 80.250500554799999, 30.736959329299999 ], [ 80.247611647029586, 30.717816284092908 ], [ 80.237562107399995, 30.707760812 ], [ 80.236411259255448, 30.690388790854421 ], [ 80.202394480600006, 30.6832265251 ], [ 80.197250906500003, 30.666628467399999 ], [ 80.199776530400001, 30.659617542399999 ], [ 80.22115815169191, 30.641809212747624 ], [ 80.22181297608418, 30.633345550812219 ], [ 80.213600793500007, 30.618480124800001 ], [ 80.217729208500003, 30.609456120699999 ], [ 80.228790365335456, 30.60348645549745 ], [ 80.226916885700007, 30.584462505299999 ], [ 80.231312455700007, 30.577376447599999 ], [ 80.255730986, 30.564618521500002 ], [ 80.276157299399998, 30.566251988600001 ], [ 80.283070957593267, 30.572179732700715 ], [ 80.312708462299994, 30.5619519179 ], [ 80.360648146100004, 30.527409237899999 ], [ 80.387056632599993, 30.515714855300001 ], [ 80.415573706765201, 30.525322567224151 ], [ 80.420154736800001, 30.515661228199999 ], [ 80.434175245500001, 30.5055301475 ], [ 80.4559790295, 30.494287308 ], [ 80.498326867146602, 30.484164441858827 ], [ 80.517096601842084, 30.473163473507299 ], [ 80.538309620299998, 30.452373513400001 ], [ 80.546776338100003, 30.453955278500001 ], [ 80.555544691504778, 30.464853924192731 ], [ 80.569637024, 30.468160852299999 ], [ 80.580209663323004, 30.480918598206365 ], [ 80.597822493300001, 30.478838098400001 ], [ 80.652904866200004, 30.443871771800001 ], [ 80.678070610064765, 30.437439044163295 ], [ 80.713545156899997, 30.40820875 ], [ 80.751959844500007, 30.393492305100001 ], [ 80.783570762899998, 30.357838096399998 ], [ 80.7874648791, 30.3427288836 ], [ 80.8215865863, 30.315586404600001 ], [ 80.862128783, 30.299674866099998 ], [ 81.005539431557793, 30.263079707698338 ], [ 81.014286259299993, 30.253830093800001 ], [ 81.033193089415192, 30.24638715153915 ], [ 81.030759032500001, 30.223790696599998 ], [ 81.04503181, 30.209695866099999 ], [ 81.029032380568509, 30.19576447491178 ], [ 80.944427042282484, 30.178702649851477 ], [ 80.918296425483661, 30.18984023787284 ], [ 80.921635261600002, 30.2047063915 ], [ 80.917781324900005, 30.212740524 ], [ 80.900854388400006, 30.213583374500001 ], [ 80.887574765899998, 30.190418642699999 ], [ 80.868413112799999, 30.1717628848 ], [ 80.876817201373854, 30.134384648655779 ], [ 80.8742836582, 30.1257811756 ], [ 80.849335451800002, 30.116625024200001 ], [ 80.845424746095148, 30.102672243856556 ], [ 80.839760167506071, 30.098723162445257 ], [ 80.821579736700002, 30.0978926871 ], [ 80.805428088200003, 30.0892701555 ], [ 80.779532614897022, 30.056813085457886 ], [ 80.762615686499998, 30.049754964400002 ], [ 80.756336782299996, 30.0368887807 ], [ 80.757634163124763, 30.023994386617488 ], [ 80.746762140189375, 30.005788844168144 ], [ 80.737390975849834, 29.999441566096301 ], [ 80.718109941099996, 29.997969213400001 ], [ 80.674412724700005, 29.9571719962 ], [ 80.649014710273178, 29.955701158584663 ], [ 80.629521769299998, 29.965182022699999 ], [ 80.600938804699993, 29.9572686391 ], [ 80.574085994699999, 29.9226566422 ], [ 80.572372411142069, 29.894890593843915 ], [ 80.553111418100002, 29.851341963599999 ], [ 80.539379286599996, 29.844657568300001 ], [ 80.521941306200006, 29.827445114500001 ], [ 80.506680497100007, 29.822080764399999 ], [ 80.493849692792651, 29.795813098582972 ], [ 80.456802318800001, 29.802314745499999 ], [ 80.418671491599994, 29.795525982600001 ], [ 80.408662124499998, 29.787901679099999 ], [ 80.397516777723993, 29.759053365043297 ], [ 80.369732005900005, 29.745414843199999 ], [ 80.369188518399994, 29.727938120499999 ], [ 80.375860379792584, 29.720041800728559 ], [ 80.3748433608, 29.709112519800001 ], [ 80.385153043299994, 29.676312564100002 ], [ 80.393907152099999, 29.664416875400001 ], [ 80.415841367499993, 29.652571250699999 ], [ 80.420217920666218, 29.638446189091713 ], [ 80.420862357864905, 29.629856092554249 ], [ 80.408630725099997, 29.6197121105 ], [ 80.407926627600006, 29.595977007 ], [ 80.378577345167471, 29.561129679422315 ], [ 80.369161144100005, 29.561200638599999 ], [ 80.350399002700001, 29.551545948 ], [ 80.348789812600003, 29.541442585 ], [ 80.357865133858013, 29.531837474330775 ], [ 80.344709761294752, 29.513011214459375 ], [ 80.317876302200006, 29.500703966500001 ], [ 80.313055889578521, 29.484824765054132 ], [ 80.301759544600003, 29.486119036400002 ], [ 80.295141058799999, 29.4820398582 ], [ 80.290994083900003, 29.469763590900001 ], [ 80.302189541522552, 29.453216268904573 ], [ 80.252691766, 29.4471689903 ], [ 80.244480725900004, 29.423844542600001 ], [ 80.248887525200004, 29.406832936 ], [ 80.275703989121766, 29.392218193894752 ], [ 80.279148991267775, 29.378841778675618 ], [ 80.273050490399996, 29.367630760899999 ], [ 80.279945780320503, 29.359062932292584 ], [ 80.281899869100002, 29.3439875348 ], [ 80.295070130499994, 29.326073016700001 ], [ 80.309189642099994, 29.322518498200001 ], [ 80.316869687486445, 29.315243867076116 ], [ 80.318379098257196, 29.302330805946319 ], [ 80.304883324900004, 29.284418288400001 ], [ 80.300246526199999, 29.241910966100001 ], [ 80.292703939600003, 29.232430182400002 ], [ 80.29736176553233, 29.204930873891509 ], [ 80.289213303599993, 29.1952955571 ], [ 80.273429381100001, 29.2067612952 ], [ 80.259912875699996, 29.205418876 ], [ 80.2543970376, 29.200151295200001 ], [ 80.260418421663218, 29.176515619934332 ], [ 80.258944415200006, 29.163683275899999 ], [ 80.271905965867546, 29.141209488139296 ], [ 80.254950055799995, 29.137093656800001 ], [ 80.233301717, 29.1185180901 ], [ 80.209696399199998, 29.121984765400001 ], [ 80.200987371, 29.129702372 ], [ 80.1836356365, 29.1335545333 ], [ 80.143792097399995, 29.100635031900001 ], [ 80.132770439, 29.0714853078 ], [ 80.137170488734142, 29.060464535406371 ], [ 80.128947888400006, 29.0374436279 ], [ 80.127966538799996, 29.0174484948 ], [ 80.135410511995147, 29.007406164786602 ], [ 80.126039476800003, 29.003003696899999 ], [ 80.117915811126153, 28.981562718606824 ], [ 80.106565147699996, 28.9845823729 ], [ 80.098709677100004, 28.980752511599999 ], [ 80.0591128131, 28.9169423835 ], [ 80.064657776100006, 28.8396478015 ], [ 80.072106316, 28.828145452299999 ], [ 80.079381464099995, 28.8250143954 ], [ 80.118048548547918, 28.828968896592823 ], [ 80.170721675099998, 28.782865131099999 ], [ 80.212404799699996, 28.7577307185 ], [ 80.234763556978024, 28.759419535970082 ], [ 80.256402009699997, 28.754357241400001 ], [ 80.265557009415787, 28.743603044181775 ], [ 80.264820015699996, 28.723303809600001 ], [ 80.277782925699995, 28.710995323199999 ], [ 80.293721704800006, 28.7116649612 ], [ 80.317114232484016, 28.70013395009823 ], [ 80.327251592500005, 28.666860869600001 ], [ 80.360268429453839, 28.645806120156678 ], [ 80.364776536600004, 28.6363000009 ], [ 80.3744073859, 28.630631166400001 ], [ 80.386101442099999, 28.630689562200001 ], [ 80.420636374799997, 28.6399029472 ], [ 80.45084133733053, 28.629530948750897 ], [ 80.463496976570738, 28.616483369853729 ], [ 80.473257918599998, 28.589155480900001 ], [ 80.502051021400007, 28.569724998800002 ], [ 80.514915970100006, 28.567398153 ], [ 80.5213754862, 28.576537960900001 ], [ 80.503424624, 28.6648953939 ], [ 80.506038065649761, 28.671020720911461 ], [ 80.539534021318232, 28.690742652081042 ], [ 80.568655624800002, 28.6881259502 ], [ 80.590504432349491, 28.680030873433338 ], [ 80.586536781299998, 28.661857662700001 ], [ 80.606190347233436, 28.652419528357854 ], [ 80.614701028200002, 28.6397103778 ], [ 80.631633652399998, 28.637861282199999 ], [ 80.641417030778612, 28.643308778384913 ], [ 80.653676704399999, 28.636130081899999 ], [ 80.667617074900576, 28.642171876198613 ], [ 80.671127579100002, 28.628681499199999 ], [ 80.679729472588761, 28.621084456135346 ], [ 80.680850698900002, 28.6078462149 ], [ 80.695771802677726, 28.603465171207318 ], [ 80.692427039699993, 28.592195531200002 ], [ 80.695601194399998, 28.584500093199999 ], [ 80.712915205900003, 28.571753316700001 ], [ 80.738303074383623, 28.574812951190907 ], [ 80.768588761256311, 28.565897513316042 ], [ 80.771581013900004, 28.551413394400001 ], [ 80.789585701438227, 28.543381975286152 ], [ 80.786441558199996, 28.532081634699999 ], [ 80.791683375800005, 28.523923236 ], [ 80.815442644295402, 28.520697555334991 ], [ 80.849550711600003, 28.4969873382 ], [ 80.875435686379575, 28.510694687684943 ], [ 80.896086940746869, 28.507007272603722 ], [ 80.908725741815374, 28.498101659075122 ], [ 80.902489776500005, 28.483162044 ], [ 80.904460708100004, 28.473341369100002 ], [ 80.922971851100002, 28.4621001398 ], [ 80.942566316494649, 28.468876156508678 ], [ 80.956398315599998, 28.452935528800001 ], [ 80.96700045236004, 28.457141755961317 ], [ 80.98015740403342, 28.455230935989345 ], [ 80.988584846199998, 28.447921203 ], [ 80.998891675708762, 28.453047890298482 ], [ 81.016742048074022, 28.451278765840826 ], [ 81.019126788899996, 28.441322691900002 ], [ 81.02941782357567, 28.438780096410088 ], [ 81.035240915900005, 28.4149388636 ], [ 81.080677307200006, 28.3848295126 ], [ 81.210590843777922, 28.360821017753668 ], [ 81.234471454102192, 28.324735316001611 ], [ 81.234609994500005, 28.286890525699999 ], [ 81.2858105448, 28.2289388684 ], [ 81.32093099199021, 28.19755009156701 ], [ 81.319122430600004, 28.184253995100001 ], [ 81.324648803907451, 28.17528534527834 ], [ 81.320099900100004, 28.162186411099999 ], [ 81.331634975100002, 28.1422174189 ], [ 81.3431785752, 28.1396858373 ], [ 81.371136399400001, 28.144164330199999 ], [ 81.374378166200003, 28.153376238900002 ], [ 81.367168940207833, 28.165508904877985 ], [ 81.373516053899252, 28.1772895918057 ], [ 81.417492281299999, 28.1737849503 ], [ 81.446458764499994, 28.1611195849 ], [ 81.452587344099996, 28.139024687700001 ], [ 81.483990697949935, 28.118562139753188 ], [ 81.478417694900003, 28.091398570599999 ], [ 81.4824426558, 28.080280691399999 ], [ 81.547690172399996, 28.049139882199999 ], [ 81.644015756, 27.994000921400001 ], [ 81.698434332993088, 27.988178231438905 ], [ 81.803338790500007, 27.905284312300001 ], [ 81.834085187849794, 27.897219380581372 ], [ 81.885674575899998, 27.857177810900001 ], [ 81.901801346300005, 27.8542010416 ], [ 81.922614033100004, 27.860092158400001 ], [ 81.9296920755, 27.882421237 ], [ 81.968328482356696, 27.92910831722546 ], [ 82.069957293096309, 27.923631484159422 ], [ 82.092604294699996, 27.893279578 ], [ 82.113912478246576, 27.878215966065529 ], [ 82.122347310500004, 27.865973290300001 ], [ 82.144089281800007, 27.8594391303 ], [ 82.154013305065362, 27.866793121220422 ], [ 82.20829844956495, 27.843566082356304 ], [ 82.230071299200006, 27.821596777900002 ], [ 82.252705624200004, 27.810343188499999 ], [ 82.304034240500002, 27.772515588699999 ], [ 82.367707055944052, 27.742908184840129 ], [ 82.400628436199995, 27.70459909 ], [ 82.448730591, 27.6795026898 ], [ 82.471946691599996, 27.677014141600001 ], [ 82.516609358706376, 27.690546864248375 ], [ 82.531982642800003, 27.6868028176 ], [ 82.554101347599996, 27.688770058300001 ], [ 82.5935427868, 27.698446768699998 ], [ 82.605193654927035, 27.706056704270654 ], [ 82.618880965599999, 27.703606348600001 ], [ 82.627354666303489, 27.711422871786663 ], [ 82.653403594899999, 27.7130350523 ], [ 82.664319786705505, 27.722624468938225 ], [ 82.669942921, 27.715247527199999 ], [ 82.680892142, 27.7139587992 ], [ 82.707646765292267, 27.722898760583064 ], [ 82.706009177, 27.7025452655 ], [ 82.71832511283948, 27.6873597274367 ], [ 82.716062132600001, 27.667079420899999 ], [ 82.736591554600579, 27.64344556513894 ], [ 82.737104136400006, 27.610633672700001 ], [ 82.755755427404267, 27.587795158442006 ], [ 82.742211889100005, 27.547329548099999 ], [ 82.749634788697804, 27.522569016896888 ], [ 82.743585524099998, 27.509940711799999 ], [ 82.750107403300007, 27.502080493400001 ], [ 82.801445229699993, 27.4965738414 ], [ 82.8325106377617, 27.501928447228913 ], [ 82.866088408099998, 27.4985580359 ], [ 82.92929039701562, 27.501158219173664 ], [ 82.954682324800004, 27.467766053599998 ], [ 83.034601466500007, 27.448935562 ], [ 83.165494485300002, 27.457447481100001 ], [ 83.187942434550607, 27.454303388285215 ], [ 83.218878282199995, 27.416237036 ], [ 83.272136750504146, 27.383344126637628 ], [ 83.266352935699999, 27.365973582199999 ], [ 83.271980773300001, 27.353543727600002 ], [ 83.292678757800005, 27.336176655700001 ], [ 83.3054807993, 27.333293507899999 ], [ 83.317844225703425, 27.337402921130739 ], [ 83.337056062299993, 27.3339304446 ], [ 83.348918914699993, 27.340294098699999 ], [ 83.369943638099997, 27.3590039258 ], [ 83.374641706803629, 27.369983569314474 ], [ 83.3845134038, 27.374165358500001 ], [ 83.384765872599999, 27.390462874499999 ], [ 83.403743321, 27.403470363 ], [ 83.404396780599996, 27.414929024100001 ], [ 83.383923424498505, 27.436279430591423 ], [ 83.383520590756305, 27.442235802308119 ], [ 83.400261957599994, 27.455432522900001 ], [ 83.397600965199999, 27.4644705513 ], [ 83.388204650413826, 27.470904254052822 ], [ 83.388192463994443, 27.479742175991657 ], [ 83.614262535904345, 27.469427112460664 ], [ 83.815748903699998, 27.378186468700001 ], [ 83.861450388099996, 27.350730632800001 ], [ 83.879984075099998, 27.365372554299999 ], [ 83.883004287600002, 27.376695334899999 ], [ 83.832593415306548, 27.42555577930959 ], [ 83.846990938798015, 27.445843396007852 ], [ 83.878298079299995, 27.435526272200001 ], [ 83.9129875462, 27.441104540600001 ], [ 83.932449979514061, 27.45013033201726 ], [ 83.949829971499994, 27.442614387599999 ], [ 83.996683287556806, 27.446036527150348 ], [ 84.0214108909, 27.4363544102 ], [ 84.0526010735, 27.446470874500001 ], [ 84.069602504672716, 27.480698881930429 ], [ 84.087410590100006, 27.4854326323 ], [ 84.095196651199998, 27.492765142100001 ], [ 84.097707122416779, 27.517084799351995 ], [ 84.108708540603885, 27.521765375554498 ], [ 84.127144902799998, 27.512016847 ], [ 84.145855628357978, 27.518644314374328 ], [ 84.151360669285609, 27.516663408666144 ], [ 84.150957005699993, 27.487666580599999 ], [ 84.185622769600002, 27.4720839746 ], [ 84.205419165562063, 27.470416615773637 ], [ 84.212916441199994, 27.450014866 ], [ 84.221339320300004, 27.449502021400001 ], [ 84.231122699312479, 27.456327447530299 ], [ 84.254251852470375, 27.454039064126533 ], [ 84.262100036899994, 27.4379706424 ], [ 84.27342233603261, 27.427987679010474 ], [ 84.279941212699995, 27.400831068 ], [ 84.289999994400006, 27.389151984600002 ], [ 84.30049460930978, 27.390641947569549 ], [ 84.347601998, 27.374759013399999 ], [ 84.373389846557458, 27.37661123197131 ], [ 84.392972818499999, 27.3701724475 ], [ 84.440443540174556, 27.370466718657106 ], [ 84.462480218699994, 27.3597597499 ], [ 84.47660631408128, 27.36227161149861 ], [ 84.621885327182639, 27.336915594953123 ], [ 84.651237997699994, 27.2923816584 ], [ 84.691131366226458, 27.214826966387619 ], [ 84.683189965400004, 27.201146140399999 ], [ 84.685703051759361, 27.181046935611832 ], [ 84.681219513299993, 27.1671566861 ], [ 84.686764369430946, 27.158372330736011 ], [ 84.674479706922739, 27.095911988431808 ], [ 84.646274677, 27.0692087529 ], [ 84.649675948500004, 27.044474427800001 ], [ 84.752946832800006, 27.0050396281 ], [ 84.773140600447874, 27.017813184842094 ], [ 84.798731466199996, 27.005212093600001 ], [ 84.811756706341569, 27.02046905573787 ], [ 84.825401951056833, 27.020901159469979 ], [ 84.855038208447283, 27.007677650647693 ], [ 84.859734096300002, 26.989465642399999 ], [ 84.872000010199997, 26.981898810600001 ], [ 84.908121948300007, 26.968527255800002 ], [ 84.929842957542604, 26.968677204060526 ], [ 84.962574925445111, 26.960516175527339 ], [ 84.978495047076706, 26.940084433204611 ], [ 84.973147088900006, 26.924590565900001 ], [ 84.977299767800005, 26.916291712900001 ], [ 85.000055826189026, 26.911867658815169 ], [ 85.0093828049, 26.8945088533 ], [ 85.061187168806768, 26.886575939927553 ], [ 85.033415908500004, 26.869869456499998 ], [ 85.031141519299993, 26.859047399 ], [ 85.037949877299994, 26.852239611400002 ], [ 85.051618863599998, 26.8507973697 ], [ 85.063314115233055, 26.858166159668912 ], [ 85.072832291599994, 26.855817326299999 ], [ 85.099882058356144, 26.871052666777658 ], [ 85.190837036523632, 26.869814664279268 ], [ 85.191198818881304, 26.830820610111218 ], [ 85.1778043618, 26.80939817 ], [ 85.192914638513102, 26.790395248959349 ], [ 85.196169019400003, 26.772738471899999 ], [ 85.210777275300003, 26.7588552104 ], [ 85.239992579200006, 26.761946322899998 ], [ 85.334701786300002, 26.743507371900002 ], [ 85.355635362300006, 26.760232809 ], [ 85.374670067599993, 26.761149909099998 ], [ 85.38444588415534, 26.774255971585884 ], [ 85.398536549799999, 26.779191261499999 ], [ 85.407744120828895, 26.791332383672728 ], [ 85.432671138378396, 26.790072670843745 ], [ 85.451555969500006, 26.782572543800001 ], [ 85.472929330599996, 26.790349364600001 ], [ 85.479188505330896, 26.80213454863674 ], [ 85.491620306599998, 26.801629355799999 ], [ 85.502347849546965, 26.814982678505665 ], [ 85.521132070199997, 26.816547301899998 ], [ 85.543291193355756, 26.838368942477477 ], [ 85.551273193499995, 26.837708135300002 ], [ 85.565452914800005, 26.845726812 ], [ 85.575562034043713, 26.860978688338601 ], [ 85.595739458099999, 26.852297459 ], [ 85.624145320099998, 26.873742627599999 ], [ 85.634545132295258, 26.872199998472155 ], [ 85.6454505496, 26.852696873799999 ], [ 85.704308059699997, 26.832276438400001 ], [ 85.721121241393277, 26.820348713213477 ], [ 85.728761071299999, 26.808330498499998 ], [ 85.734466821284059, 26.795867742429355 ], [ 85.729251713300002, 26.750732581299999 ], [ 85.733967618782771, 26.737136848176824 ], [ 85.726174824400005, 26.711918350600001 ], [ 85.724725915799993, 26.680166437099999 ], [ 85.728702664699995, 26.6697434895 ], [ 85.736694586166493, 26.664159120971672 ], [ 85.738362684500004, 26.648293464799998 ], [ 85.769690662399995, 26.630222124300001 ], [ 85.801758650967585, 26.624261055702153 ], [ 85.805029332399997, 26.614065219 ], [ 85.818038023400007, 26.603548295300001 ], [ 85.826524141600004, 26.604461216699999 ], [ 85.831204403693121, 26.611527907281332 ], [ 85.851255757132023, 26.608645913454108 ], [ 85.859250197199998, 26.584720859299999 ], [ 85.866218061599994, 26.579606077099999 ], [ 85.885731297899994, 26.5852904628 ], [ 85.8920006911911, 26.594698507545356 ], [ 85.929104651922202, 26.616801642970412 ], [ 85.943576263, 26.618533060299999 ], [ 85.952097989099997, 26.627959134099999 ], [ 85.953354106171759, 26.643654263421233 ], [ 85.9601292953474, 26.65099934109292 ], [ 85.975815317406912, 26.658439501587619 ], [ 86.007026530399997, 26.656485589 ], [ 86.027580289241556, 26.666774119264041 ], [ 86.06979330688425, 26.65732885521555 ], [ 86.076090076599996, 26.6488227028 ], [ 86.118207919, 26.630571507700001 ], [ 86.138754293291498, 26.628838597557831 ], [ 86.141811145299997, 26.6150446119 ], [ 86.147532993799999, 26.610151960900001 ], [ 86.171446347300005, 26.617033799 ], [ 86.192520532800003, 26.614724418800002 ], [ 86.198742564400007, 26.599579828300001 ], [ 86.217280446299995, 26.590555009100001 ], [ 86.231481289300007, 26.5936696469 ], [ 86.252689981569176, 26.617096774052513 ], [ 86.292582701, 26.613665386800001 ], [ 86.307857302412515, 26.619947742885394 ], [ 86.333156431199995, 26.619078981200001 ], [ 86.34482724063605, 26.616901404437467 ], [ 86.350927951800003, 26.605271887899999 ], [ 86.397093524742075, 26.593311301738765 ], [ 86.403402726, 26.582359597899998 ], [ 86.45593276542148, 26.567957510016232 ], [ 86.498016148600001, 26.5423769822 ], [ 86.513023185600005, 26.539815943 ], [ 86.52335352953159, 26.543596590385704 ], [ 86.541545479944531, 26.538710484162738 ], [ 86.572701146699998, 26.4963651857 ], [ 86.62108163623958, 26.484140184660237 ], [ 86.641464106599997, 26.462981622600001 ], [ 86.693221930737266, 26.45118889943161 ], [ 86.702753478600002, 26.4376659329 ], [ 86.720261233483754, 26.434846641806065 ], [ 86.734467599200002, 26.425845536899999 ], [ 86.766499730191924, 26.459429625517284 ], [ 86.8301898964, 26.440138139799998 ], [ 86.854731244800007, 26.450072926699999 ], [ 86.861418117964504, 26.457932861671967 ], [ 86.8807793637, 26.4587090998 ], [ 86.8918167864, 26.467119772899999 ], [ 86.893095449354306, 26.487765349998469 ], [ 86.926210632, 26.4924342447 ], [ 86.932167014036494, 26.516941594962564 ], [ 86.961347995318292, 26.524028327941963 ], [ 86.991814550200004, 26.523571371700001 ], [ 87.012742815600006, 26.531291731 ], [ 87.041729243899994, 26.567647124600001 ], [ 87.044686397389327, 26.587222096537079 ], [ 87.071812320132594, 26.585802251428294 ], [ 87.072818334100006, 26.543996182299999 ], [ 87.094071421799995, 26.448560690299999 ], [ 87.139340334, 26.414848186099999 ], [ 87.162597717400004, 26.4040412668 ], [ 87.179712541100002, 26.4045486807 ], [ 87.185805814049019, 26.414197729020614 ], [ 87.220360548100004, 26.409335332200001 ], [ 87.246961335506683, 26.414113393275105 ], [ 87.260845173, 26.409346098899999 ], [ 87.266243680245864, 26.405640233365784 ], [ 87.264757638, 26.3845592678 ], [ 87.268959354900005, 26.374695139 ], [ 87.28954636164481, 26.373706279077286 ], [ 87.301156780499994, 26.3676122245 ], [ 87.31252629434394, 26.371551960987457 ], [ 87.322305875400005, 26.359948530299999 ], [ 87.339821463899995, 26.350377233 ], [ 87.355309978700006, 26.359243812 ], [ 87.356401381244694, 26.387922326348178 ], [ 87.368898746933908, 26.407924636761756 ], [ 87.377256323200001, 26.4086669635 ], [ 87.388557001505106, 26.419085468087491 ], [ 87.427284863599994, 26.422768084400001 ], [ 87.466273571299993, 26.4401407579 ], [ 87.516301989, 26.4308419527 ], [ 87.547696459390608, 26.418365775916719 ], [ 87.554966759199999, 26.404908203400002 ], [ 87.587494020099513, 26.392635041417936 ], [ 87.591898064700004, 26.383557467700001 ], [ 87.602518003900002, 26.381215872 ], [ 87.612299541227941, 26.390087735710239 ], [ 87.644235029900003, 26.394411377499999 ], [ 87.650215100132669, 26.405949526147833 ], [ 87.673816273100002, 26.414734877400001 ], [ 87.677570083861795, 26.435444508982158 ], [ 87.692299744541018, 26.435649778743667 ], [ 87.728855029, 26.4139865892 ], [ 87.748435232853126, 26.417938547566873 ], [ 87.762144365200001, 26.412766861600002 ], [ 87.770267946700002, 26.4227413174 ], [ 87.774028725252322, 26.45035390305852 ], [ 87.783905055600002, 26.457429268799999 ], [ 87.789265945899999, 26.469370559400001 ], [ 87.817231093001084, 26.459170995882168 ], [ 87.8297195098298, 26.45001301848794 ], [ 87.833563803299995, 26.440231718 ], [ 87.844466814100002, 26.4383953034 ], [ 87.857012161200004, 26.4498926188 ], [ 87.858441581735704, 26.463892855721941 ], [ 87.883491918800004, 26.47606034 ], [ 87.88830052995003, 26.486740790039246 ], [ 87.900197885231719, 26.477274651907692 ], [ 87.912166480799996, 26.450508020299999 ], [ 87.924175635599994, 26.446476062199999 ], [ 87.923947337399994, 26.432021410899999 ], [ 87.929611871500001, 26.419917250200001 ], [ 87.966046004600003, 26.397414145599999 ], [ 87.991908179613091, 26.392553076651641 ], [ 87.993717936600007, 26.370940887300002 ], [ 88.012032025099998, 26.3617509631 ], [ 88.025876137599994, 26.366857004900002 ], [ 88.027430003279534, 26.381599311519356 ], [ 88.034646428521228, 26.391927044302189 ], [ 88.077803592600006, 26.419316844 ], [ 88.095593204400004, 26.440326590200002 ], [ 88.0970736827, 26.451844343499999 ], [ 88.092125564599996, 26.462793748399999 ], [ 88.102121633199999, 26.488694005700001 ], [ 88.090294250839349, 26.507236238003131 ], [ 88.102902066799999, 26.524548150800001 ], [ 88.098033719244, 26.537833270856897 ], [ 88.105087677, 26.544731647700001 ], [ 88.105661942731032, 26.561081108526512 ], [ 88.112532395499997, 26.5715263335 ], [ 88.1283791245, 26.583226459399999 ], [ 88.130041239838633, 26.60113014380584 ], [ 88.1387208915, 26.609321408300001 ], [ 88.142220189934221, 26.625641333578947 ], [ 88.155284763, 26.6327261683 ], [ 88.1620645072, 26.645775559299999 ], [ 88.167190928302418, 26.699226808274979 ], [ 88.1816842442, 26.7200974024 ], [ 88.187201960300001, 26.748660539900001 ], [ 88.187704174, 26.771790783 ], [ 88.177279351129314, 26.804718663334018 ], [ 88.1780123944, 26.816311340799999 ], [ 88.167840723699996, 26.837626108199998 ], [ 88.171909305599996, 26.863821270700001 ], [ 88.161835949700006, 26.880100531299998 ], [ 88.136297685610444, 26.89891391342162 ], [ 88.144182513499999, 26.921060238199999 ], [ 88.120328120349924, 26.950685626370642 ], [ 88.124993828300006, 26.982061969099998 ], [ 88.088601945011376, 27.007986348393899 ], [ 88.079512378399997, 27.030666740499999 ], [ 88.059590291075324, 27.02942047929799 ], [ 88.037883323433078, 27.036330377718382 ], [ 88.016232769913643, 27.073483041793956 ], [ 88.017612661900003, 27.0842059971 ], [ 88.011447414499997, 27.095657328600002 ], [ 88.003656951500005, 27.102783041799999 ], [ 87.991354741570248, 27.105088891778184 ], [ 87.987003165261584, 27.119035751672829 ], [ 88.009196323599994, 27.1523176615 ], [ 88.015196351200004, 27.1943732465 ], [ 88.012489399400451, 27.216074757775779 ], [ 88.029966178899997, 27.2530658015 ], [ 88.032113932783361, 27.286343874876334 ], [ 88.039924620099995, 27.293701821 ], [ 88.052405053512956, 27.324175285882145 ], [ 88.063572099799998, 27.336099127899999 ], [ 88.058207805099997, 27.3533058712 ], [ 88.041680459099993, 27.372252383799999 ], [ 88.046928081229296, 27.405939189400449 ], [ 88.068738538700003, 27.427222801399999 ], [ 88.069230223700004, 27.4448447294 ], [ 88.058345581699996, 27.464618506800001 ], [ 88.044278412921642, 27.478195219217469 ], [ 88.044258594699997, 27.495943545500001 ], [ 88.057671384399995, 27.509938271799999 ], [ 88.058808730615496, 27.534900861168342 ], [ 88.076609908500004, 27.561083040100002 ], [ 88.075534403970039, 27.571649153123371 ], [ 88.081880317045318, 27.58413634184571 ], [ 88.090326406807236, 27.595638527457115 ], [ 88.110316718099995, 27.607553607300002 ], [ 88.120392687576498, 27.645242686255159 ], [ 88.144214394299993, 27.665645312500001 ], [ 88.152363634400004, 27.690246332 ], [ 88.147770591891913, 27.702876597871931 ], [ 88.154512234199998, 27.715950020299999 ], [ 88.156344199204256, 27.736052986989026 ], [ 88.158659194920432, 27.74061318947879 ], [ 88.176359875200006, 27.746064029399999 ], [ 88.182273973006701, 27.775589264144276 ], [ 88.193812632800004, 27.788497722300001 ], [ 88.184437979099997, 27.810666084499999 ], [ 88.173594869591469, 27.820235979941284 ], [ 88.189345263, 27.827006656599998 ], [ 88.198514468100001, 27.839857544699999 ], [ 88.197338389199999, 27.8490366423 ], [ 88.133358001869496, 27.882077823114287 ], [ 88.135597498400003, 27.8934156955 ], [ 88.1202843142446, 27.915769051528283 ], [ 88.135990924300003, 27.9363798483 ], [ 88.132610963746743, 27.949148480957721 ], [ 88.145973544986447, 27.964339843398449 ], [ 88.1842658602, 27.943487353799998 ], [ 88.196273003100004, 27.941904104900001 ], [ 88.203615439199993, 27.946129152699999 ], [ 88.211839790296736, 27.964123157519971 ], [ 88.224173480900006, 27.9623874973 ], [ 88.237220992879756, 27.970699333952545 ], [ 88.245149399200002, 27.951157069699999 ], [ 88.253668391399998, 27.946718760100001 ], [ 88.265236727096706, 27.956705619639489 ], [ 88.277636307400002, 27.956824423 ], [ 88.287618152902326, 27.967478025116304 ], [ 88.3058477342, 27.967488232899999 ], [ 88.315283912975033, 27.977541576455724 ], [ 88.326255629100004, 27.977304932100001 ], [ 88.347386369231415, 27.988823216899181 ], [ 88.374390960834745, 27.98942974400719 ], [ 88.385148881399999, 27.9796407563 ], [ 88.3964994066, 27.979310328 ], [ 88.407001945, 27.9848874612 ], [ 88.414412876505068, 27.999682614055803 ], [ 88.466563458600007, 28.017012535900001 ], [ 88.479911920136075, 28.043514998684167 ], [ 88.494680227570143, 28.054377959162917 ], [ 88.509360726599994, 28.0432198988 ], [ 88.519352894234814, 28.044000120122845 ], [ 88.5344511001, 28.033652675799999 ], [ 88.543794782700004, 28.035053013199999 ], [ 88.553939350299999, 28.072637582799999 ], [ 88.551217001733463, 28.082362436724022 ], [ 88.565987307324633, 28.091404784279472 ], [ 88.582812619199998, 28.084920350400001 ], [ 88.613585815299999, 28.102210156799998 ], [ 88.616902818200003, 28.113361259800001 ], [ 88.607441777489271, 28.124154618783258 ], [ 88.608820078596992, 28.129382158737219 ], [ 88.631937767311271, 28.122357770288293 ], [ 88.644847772700004, 28.1006537988 ], [ 88.662488113302942, 28.089792499028871 ], [ 88.670401338199994, 28.077347327599998 ], [ 88.757169310256344, 28.078482180636975 ], [ 88.779172100899999, 28.058421983 ], [ 88.794578361661607, 28.051621915588708 ], [ 88.814571645800001, 28.0255894252 ], [ 88.837346978270645, 28.017658310198438 ], [ 88.843486138739181, 27.992652429220751 ], [ 88.839450676599995, 27.9358938562 ], [ 88.845281641, 27.929766782400002 ], [ 88.860237807785566, 27.928445089459593 ], [ 88.866959090600005, 27.919614895799999 ], [ 88.871438143700004, 27.9012397453 ], [ 88.881898605855042, 27.889018619029848 ], [ 88.877449869700001, 27.8747158951 ], [ 88.887057919645969, 27.856502292786736 ], [ 88.881715229099996, 27.8492341828 ], [ 88.880112292922348, 27.82991285995384 ], [ 88.8582811908, 27.812793606100001 ], [ 88.8539865292, 27.760440959499999 ], [ 88.868228642527356, 27.742227255067931 ], [ 88.862126051800004, 27.736970127399999 ], [ 88.855119216057659, 27.715015749449854 ], [ 88.844386399699999, 27.7064240598 ], [ 88.847626036069798, 27.692509224845299 ], [ 88.844277220500004, 27.680587133700001 ], [ 88.851931346074366, 27.671705006702538 ], [ 88.830077695898865, 27.644871758112849 ], [ 88.8140319611, 27.6402426734 ], [ 88.808024762100004, 27.627485292399999 ], [ 88.8102863477, 27.5990528546 ], [ 88.793677398900002, 27.586962088700002 ], [ 88.791808937300004, 27.573795293300002 ], [ 88.772629651299994, 27.563562888300002 ], [ 88.776418565, 27.535587892900001 ], [ 88.782608658300006, 27.529907394799999 ], [ 88.793497911316408, 27.529820950030402 ], [ 88.794452393458698, 27.524638131274415 ], [ 88.783960210199993, 27.499277227699999 ], [ 88.786985744801527, 27.48841703730378 ], [ 88.778332755299999, 27.4653218413 ], [ 88.785067662, 27.449805249099999 ], [ 88.794559885387997, 27.445669440811844 ], [ 88.795288885100007, 27.428764693400002 ], [ 88.808982801026787, 27.423650884062635 ], [ 88.8058549613, 27.4151265655 ], [ 88.809638498799998, 27.4042400523 ], [ 88.821309389773774, 27.39907247855443 ], [ 88.837388148200006, 27.382325006 ], [ 88.860444254520701, 27.387108992713387 ], [ 88.865333895399999, 27.367257051700001 ], [ 88.88106141402929, 27.359601928096271 ], [ 88.886045628700003, 27.341448771300001 ], [ 88.904659553299993, 27.329017728899998 ], [ 88.915912839704106, 27.329778843612047 ], [ 88.919243026, 27.320620701599999 ], [ 88.910069371800006, 27.302900265800002 ], [ 88.913551372192657, 27.290092209428508 ], [ 88.903284302766522, 27.272596246545206 ], [ 88.879102799535701, 27.261151815189773 ], [ 88.865084669, 27.2646066382 ], [ 88.834245096299995, 27.262298385600001 ], [ 88.8063396453, 27.2478798257 ], [ 88.803257378475323, 27.219999626584183 ], [ 88.786883888099993, 27.182205824899999 ], [ 88.768962494700006, 27.180195870199999 ], [ 88.758956140099997, 27.168015977700001 ], [ 88.760033743199998, 27.1460936378 ], [ 88.774268717799998, 27.135621991200001 ], [ 88.802274606200001, 27.139414965299999 ], [ 88.811519559499999, 27.127987724699999 ], [ 88.832656304, 27.117156473600001 ], [ 88.852941703599996, 27.1092346726 ], [ 88.870037812009173, 27.109805201869566 ], [ 88.881157235201499, 27.061997686638939 ], [ 88.881019035666156, 27.037719344615276 ], [ 88.871498778800003, 26.994886373300002 ], [ 88.877242380799999, 26.961148552899999 ], [ 88.889331218400002, 26.9606758746 ], [ 88.921681405904764, 26.993914105322823 ], [ 88.952463638007885, 26.968401321718659 ], [ 88.954612929252335, 26.954148403284076 ], [ 88.9491793535, 26.937044197500001 ], [ 88.954817920400004, 26.928912907299999 ], [ 88.9827436498, 26.918296484900001 ], [ 89.021567174128535, 26.940668969709236 ], [ 89.029783053599999, 26.925457552600001 ], [ 89.050884733662656, 26.915963972560775 ], [ 89.054660741199996, 26.903625624 ], [ 89.069505385573578, 26.903664941279352 ], [ 89.095685903755779, 26.891665948276735 ], [ 89.0939072667, 26.872692671 ], [ 89.106233469057671, 26.860347054248656 ], [ 89.103008622800004, 26.8415058836 ], [ 89.114636883900005, 26.825590668299998 ], [ 89.136271943599994, 26.809415136599998 ], [ 89.176295880738323, 26.819129282797462 ], [ 89.194124993700001, 26.811326229700001 ], [ 89.228827771300004, 26.818269685400001 ], [ 89.258919185899998, 26.815341728100002 ], [ 89.274652262438266, 26.828649689960109 ], [ 89.318498317958259, 26.851310200432629 ], [ 89.333383144400003, 26.845847053499998 ], [ 89.378980834701878, 26.862167007103505 ], [ 89.393886005699997, 26.8419322162 ], [ 89.423272480400001, 26.8365790782 ], [ 89.439293770487964, 26.840444662101365 ], [ 89.450340773589161, 26.83080372886074 ], [ 89.451893315500001, 26.8160809689 ], [ 89.468565938500006, 26.803109598500001 ], [ 89.497493371499999, 26.8041854935 ], [ 89.512089043737348, 26.814292902446745 ], [ 89.560162654840653, 26.812847005993699 ], [ 89.571913647900004, 26.797865106700002 ], [ 89.6211665095, 26.781148912700001 ], [ 89.638629830854001, 26.78224294483752 ], [ 89.649863526331345, 26.776727417380346 ], [ 89.653253547078918, 26.766887201175564 ], [ 89.643711306200004, 26.748847442799999 ], [ 89.627164307900003, 26.737810960600001 ], [ 89.632790374199999, 26.725685462600001 ], [ 89.656822455599993, 26.7192358818 ], [ 89.671755973654655, 26.7398005976215 ], [ 89.688076077, 26.7344356499 ], [ 89.700274847160529, 26.737331078556711 ], [ 89.725726217399995, 26.724625571800001 ], [ 89.752804149144438, 26.735298256787949 ], [ 89.758666163813402, 26.728825930580214 ], [ 89.759301040099999, 26.716651366800001 ], [ 89.774015549300003, 26.702063285400001 ], [ 89.806878686600001, 26.710594886 ], [ 89.856399962200001, 26.704580413 ], [ 89.862260727899994, 26.712251635699999 ], [ 89.858970552033796, 26.734917141112462 ], [ 89.862917408677603, 26.73705487009029 ], [ 89.8984187521, 26.724314892199999 ], [ 89.966654858699997, 26.723526503 ], [ 90.008244254742678, 26.732144105169464 ], [ 90.050055804099998, 26.7305149357 ], [ 90.140232310399995, 26.753740567800001 ], [ 90.190510608500006, 26.773205163699998 ], [ 90.193039212499997, 26.780432275500001 ], [ 90.187681852678338, 26.806810333579325 ], [ 90.200669623600007, 26.835057453899999 ], [ 90.230504214696495, 26.858893979931057 ], [ 90.301093022700002, 26.849175448299999 ], [ 90.345302896700005, 26.874093437300001 ], [ 90.356570740186712, 26.900643771009438 ], [ 90.416470442299996, 26.9045197941 ], [ 90.5471113264, 26.8165189248 ], [ 90.634436864020245, 26.793800479091441 ], [ 90.648284373400003, 26.778282929700001 ], [ 90.675976500597528, 26.784081977469011 ], [ 90.693400349800001, 26.771009343300001 ], [ 90.716466262899999, 26.7683960365 ], [ 90.742361120400005, 26.7748134944 ], [ 90.816862014, 26.776030084 ], [ 90.991874766202457, 26.790626050011952 ], [ 91.0522204942, 26.781703870299999 ], [ 91.09756574477079, 26.82197887364044 ], [ 91.146393296200003, 26.810957776199999 ], [ 91.236884465100005, 26.811985844799999 ], [ 91.277083854744987, 26.800303175501533 ], [ 91.297303476, 26.7869831398 ], [ 91.337716864800001, 26.781240716500001 ], [ 91.3757616125, 26.795596773300002 ], [ 91.407649921013927, 26.83958536860758 ], [ 91.446003387900006, 26.811994539800001 ], [ 91.494812833899999, 26.791547227 ], [ 91.592108099599997, 26.805209307399998 ], [ 91.625525627857712, 26.820853475628624 ], [ 91.690206345500002, 26.807017267 ], [ 91.704589815545859, 26.812942821422855 ], [ 91.722402868800003, 26.812670127699999 ], [ 91.822663277100006, 26.863400678400001 ], [ 91.859119148844258, 26.913326783147021 ], [ 91.891736102018186, 26.919050381833451 ], [ 91.964197207658202, 26.882518904627176 ], [ 91.984140078699994, 26.858265724799999 ], [ 92.017149700100006, 26.8500371085 ], [ 92.057704438, 26.847792027099999 ], [ 92.098922899100003, 26.865813921800001 ], [ 92.10193181426952, 26.881052739209423 ], [ 92.1154876, 26.895325027399998 ], [ 92.116931105899994, 26.9401031483 ], [ 92.113561708504619, 26.950496479439128 ], [ 92.120053122900003, 26.9663406393 ], [ 92.116587324600005, 26.973717929500001 ], [ 92.104770921133905, 26.979915820151376 ], [ 92.101640789200005, 27.0052071227 ], [ 92.078425986493826, 27.017373276700983 ], [ 92.078136757099998, 27.039890127300001 ], [ 92.056692326399997, 27.050836257099999 ], [ 92.044134097652375, 27.051375915585417 ], [ 92.030742284499993, 27.0801570418 ], [ 92.031463047100004, 27.091074518799999 ], [ 92.023147475860497, 27.109550516276435 ], [ 92.035762232400003, 27.135704433200001 ], [ 92.026735093517445, 27.168274312913134 ], [ 92.03709185892545, 27.17928870393137 ], [ 92.057544378900005, 27.189347461600001 ], [ 92.071775997399996, 27.232013885099999 ], [ 92.058078883700006, 27.251259532399999 ], [ 92.037758788419495, 27.257442562206769 ], [ 92.04528412304937, 27.269039114635632 ], [ 92.073792773837567, 27.27846782993889 ], [ 92.087994699899994, 27.2701761428 ], [ 92.115144645499996, 27.270935871100001 ], [ 92.123017474, 27.277365899100001 ], [ 92.1223915777, 27.287403659599999 ], [ 92.088285526700005, 27.305018888799999 ], [ 92.064596282152266, 27.326984943599463 ], [ 92.062308159200001, 27.342188326599999 ], [ 92.048253444635321, 27.363136009092617 ], [ 92.054273755200001, 27.4009357073 ], [ 92.043707596499999, 27.414816222700001 ], [ 92.040353427100001, 27.434573305400001 ], [ 92.026810806771209, 27.440128947580064 ], [ 92.022295212700001, 27.4477959327 ], [ 92.022426705300006, 27.463354998100002 ], [ 92.014409379699998, 27.4766755835 ], [ 91.997401669499993, 27.4769332099 ], [ 91.978883944272241, 27.463351135297344 ], [ 91.943645582750676, 27.459750434333539 ], [ 91.922331213500001, 27.4729044499 ], [ 91.897610113900001, 27.471239602200001 ], [ 91.885540865199999, 27.475159341099999 ], [ 91.871602982047989, 27.470813231162008 ], [ 91.864996737599995, 27.481729239300002 ], [ 91.850841540299996, 27.482826748699999 ], [ 91.825255265957608, 27.467866332335991 ], [ 91.811826679500001, 27.474235419500001 ], [ 91.766983078281768, 27.464768505910612 ], [ 91.758495525, 27.475211239299998 ], [ 91.732980856899999, 27.469359753599999 ], [ 91.714637762817574, 27.474546994029453 ], [ 91.712674594099994, 27.4926708283 ], [ 91.694400495699995, 27.502566726 ], [ 91.652459050628622, 27.483055825753837 ], [ 91.6456036334, 27.499719457099999 ], [ 91.624040122037258, 27.51415481763409 ], [ 91.611399680199995, 27.537521044599998 ], [ 91.593945376299999, 27.541929660600001 ], [ 91.582272403600001, 27.556572244400002 ], [ 91.581358241199993, 27.566478611699999 ], [ 91.566044660515814, 27.583898057001036 ], [ 91.580471274100006, 27.6105468065 ], [ 91.562193827200005, 27.631586457800001 ], [ 91.573081332509204, 27.660681460412956 ], [ 91.591685820500004, 27.669407394499999 ], [ 91.607228608265942, 27.690799879054705 ], [ 91.627480524199996, 27.699720622 ], [ 91.626862093487702, 27.715796687970855 ], [ 91.637536934799996, 27.731377033800001 ], [ 91.634677338700001, 27.745240954700002 ], [ 91.642442019499995, 27.7562445786 ], [ 91.643819163399996, 27.768043874499998 ], [ 91.633019016099993, 27.804579268 ], [ 91.614686323599997, 27.820937715700001 ], [ 91.604116194400007, 27.823131822099999 ], [ 91.580771442, 27.811984257100001 ], [ 91.566156234199994, 27.818438498500001 ], [ 91.554033005780667, 27.846305254518324 ], [ 91.556276006333903, 27.856195685821302 ], [ 91.568510415899993, 27.855175923699999 ], [ 91.576420929656294, 27.864353937967614 ], [ 91.608549865699999, 27.851863058300001 ], [ 91.667958700886473, 27.85273660479568 ], [ 91.698463176600001, 27.814967281400001 ], [ 91.734203066700005, 27.800532638699998 ], [ 91.770537295699995, 27.796130532300001 ], [ 91.823747936900006, 27.808209290400001 ], [ 91.830217878499994, 27.7860216674 ], [ 91.845847496880211, 27.776849328563994 ], [ 91.851524772, 27.753813792199999 ], [ 91.861635031899993, 27.736588921 ], [ 91.878676263499997, 27.7233768838 ], [ 91.902961902995315, 27.729705613773827 ], [ 91.922368524899994, 27.718730810899999 ], [ 91.9469702512, 27.7318213223 ], [ 91.95423263633279, 27.745766244056782 ], [ 91.963264691399999, 27.7474053165 ], [ 91.989762122434257, 27.768985445747333 ], [ 92.003350563869745, 27.770884174791345 ], [ 92.0263402633, 27.7611269955 ], [ 92.050093738, 27.758787026099998 ], [ 92.151021863599993, 27.831382241899998 ], [ 92.221217017081969, 27.864031484421794 ], [ 92.2455545925, 27.867929903299999 ], [ 92.258846956963467, 27.867311054244031 ], [ 92.272614836599999, 27.8594873949 ], [ 92.288516169100006, 27.811661567400002 ], [ 92.303327467700001, 27.7853784705 ], [ 92.312954027, 27.778293197 ], [ 92.378892414, 27.793628060900001 ], [ 92.384419241900005, 27.800030892399999 ], [ 92.384296627293566, 27.813078697727644 ], [ 92.388845939600003, 27.8153421361 ], [ 92.415876026199996, 27.8193437127 ], [ 92.4409737716, 27.806633714699998 ], [ 92.454899558299999, 27.808655874100001 ], [ 92.499855630579788, 27.845528030832838 ], [ 92.520519473815668, 27.84316063426272 ], [ 92.537401245699996, 27.824713891599998 ], [ 92.557566427, 27.819082257400002 ], [ 92.616470958663214, 27.887660681141664 ], [ 92.668531682099996, 27.902615813499999 ], [ 92.738535421899996, 27.9885916233 ], [ 92.738434332200001, 27.999432050500001 ], [ 92.720008304499999, 28.016610563099999 ], [ 92.708530167299998, 28.0403381727 ], [ 92.690327414099997, 28.0554566938 ], [ 92.662950047799995, 28.0682883727 ], [ 92.687268796095111, 28.129124326892889 ], [ 92.759484983, 28.169240078 ], [ 92.785986617899994, 28.187853610400001 ], [ 92.800519560394562, 28.204532351759813 ], [ 92.813742910592481, 28.21043251134143 ], [ 92.817449864668902, 28.209658900007806 ], [ 92.816430898, 28.1929375731 ], [ 92.820636968900004, 28.183095698 ], [ 92.834931672899998, 28.176052154800001 ], [ 92.897306806200007, 28.208216639 ], [ 92.921088276600003, 28.239111291499999 ], [ 92.963434448100003, 28.261146736800001 ], [ 92.976652474900007, 28.257904243700001 ], [ 92.994144304800002, 28.239155038300002 ], [ 93.003455000299994, 28.239066569 ], [ 93.0292773125, 28.269233090099998 ], [ 93.023504133800003, 28.298072352599998 ], [ 93.028798596991336, 28.309764886101441 ], [ 93.095438144200003, 28.308075470599999 ], [ 93.113795186700003, 28.315133036300001 ], [ 93.131091875600006, 28.330154353800001 ], [ 93.175985608399998, 28.3199025226 ], [ 93.196157501499997, 28.3201264452 ], [ 93.220567277399994, 28.327587565799998 ], [ 93.228771490400007, 28.406620544500001 ], [ 93.21787838, 28.417807145800001 ], [ 93.188604463734919, 28.4319502179297 ], [ 93.184730150728939, 28.44151413078864 ], [ 93.214823502499996, 28.456940849599999 ], [ 93.234880710699997, 28.479658265800001 ], [ 93.280186585600006, 28.507435648400001 ], [ 93.293914504100002, 28.551301108899999 ], [ 93.307893019100007, 28.569605020299999 ], [ 93.302819337900004, 28.593675082800001 ], [ 93.30572101, 28.5991421917 ], [ 93.330284104, 28.610617510299999 ], [ 93.334632135437104, 28.63429558631983 ], [ 93.33897591248035, 28.638014996657233 ], [ 93.361271880800004, 28.6380079847 ], [ 93.419249787699997, 28.6526197076 ], [ 93.451310457843817, 28.673991097986786 ], [ 93.472597540899997, 28.661896872500002 ], [ 93.483415984682281, 28.677166788773878 ], [ 93.494852634212322, 28.683406594942682 ], [ 93.521400666199995, 28.673945158199999 ], [ 93.531715305500001, 28.658956045099998 ], [ 93.576614834500006, 28.654533303299999 ], [ 93.642502105, 28.657608534400001 ], [ 93.686460671600003, 28.675544725599998 ], [ 93.734162265400002, 28.685746402199999 ], [ 93.748305380699151, 28.684205418843376 ], [ 93.778026356200002, 28.666357757 ], [ 93.843601001799996, 28.707432889900002 ], [ 93.857552435399995, 28.704757835500001 ], [ 93.903850349199999, 28.6759895036 ], [ 93.931694071099997, 28.671034842699999 ], [ 93.962745802399994, 28.711859978900002 ], [ 93.9695867139, 28.7496838028 ], [ 93.995995256800001, 28.772442550800001 ], [ 93.996485487900003, 28.7889234051 ], [ 93.986061999334169, 28.804880683918043 ], [ 93.996000826300005, 28.821461774900001 ], [ 93.996228520157658, 28.842922097593529 ], [ 94.028289323199999, 28.855010848 ], [ 94.039031630849948, 28.87125064316222 ], [ 94.068776712100004, 28.897789977 ], [ 94.151062119200006, 28.959214745899999 ], [ 94.167432288770584, 29.001477794010029 ], [ 94.218137974661346, 29.081558259631251 ], [ 94.296450488278765, 29.147396381107228 ], [ 94.338417302300002, 29.147093631600001 ], [ 94.364677838199995, 29.1553422942 ], [ 94.378894003900001, 29.1887887452 ], [ 94.4049127137, 29.202193426800001 ], [ 94.433680258699994, 29.225573084899999 ], [ 94.471436742700007, 29.219029726900001 ], [ 94.548718221300007, 29.222739306800001 ], [ 94.574817485300002, 29.249806020499999 ], [ 94.581540192494558, 29.27544623589322 ], [ 94.6028788335, 29.288884604100001 ], [ 94.625194975900001, 29.319592349699999 ], [ 94.627972461834162, 29.339322128954155 ], [ 94.633971270462268, 29.345838431086005 ], [ 94.688334843500002, 29.3242336249 ], [ 94.739637372600001, 29.281774311500001 ], [ 94.798942261770904, 29.216200527351695 ], [ 94.794299985099997, 29.189295788599999 ], [ 94.799669362800003, 29.172955002399998 ], [ 94.806889588700002, 29.1662214505 ], [ 94.815778615900001, 29.1655072569 ], [ 94.848506977900001, 29.17746889 ], [ 94.894591951699994, 29.174748560200001 ], [ 94.904210839800001, 29.178263250200001 ], [ 94.910024302099998, 29.1763740799 ], [ 94.912624688600005, 29.1640068735 ], [ 94.918486459799993, 29.159250964 ], [ 94.956524282803684, 29.160917201312621 ], [ 94.972932411399995, 29.155925362800001 ], [ 94.981295451, 29.160571596800001 ], [ 94.982250791689509, 29.171044031672327 ], [ 94.990459058499994, 29.171800232599999 ], [ 95.039956494199998, 29.150273753800001 ], [ 95.094855988099994, 29.141425803 ], [ 95.124491061800001, 29.114682004500001 ], [ 95.187850038099995, 29.104584216900001 ], [ 95.248425702993984, 29.108535633811467 ], [ 95.250625783299995, 29.068030362799998 ], [ 95.262254773500004, 29.053406173900001 ], [ 95.298849924500004, 29.060075486300001 ], [ 95.363026688199994, 29.038132751300001 ], [ 95.414899938700003, 29.032100041100001 ], [ 95.433577168300005, 29.0393182342 ], [ 95.4477152308, 29.033687997099999 ], [ 95.487666153600003, 29.080889945700001 ], [ 95.489642985004778, 29.128511596116734 ], [ 95.494316231467792, 29.1398524997586 ], [ 95.501052760381185, 29.140965083961316 ], [ 95.531092662, 29.1283009265 ], [ 95.541561880200007, 29.133567633599998 ], [ 95.544953463100001, 29.175227895700001 ], [ 95.533654056900005, 29.2120634632 ], [ 95.581128279599994, 29.216076614399999 ], [ 95.586303600700006, 29.248997576699999 ], [ 95.592733432299994, 29.257573535599999 ], [ 95.633963140800006, 29.248443147100001 ], [ 95.683397511400003, 29.2798988276 ], [ 95.697810718400007, 29.3010492529 ], [ 95.716274589400001, 29.2997845744 ], [ 95.730668002800002, 29.308387119799999 ], [ 95.779242725969013, 29.358283492061013 ], [ 95.783565732907093, 29.357954872059892 ], [ 95.791527076099996, 29.342493967500001 ], [ 95.799761249900001, 29.3398649208 ], [ 95.82510218298259, 29.357986725655408 ], [ 95.844171858300001, 29.357758667100001 ], [ 95.872841571453421, 29.393079439150146 ], [ 95.955098051700006, 29.3842606254 ], [ 95.980920755699998, 29.4092293657 ], [ 96.012175160200002, 29.416969442 ], [ 96.047969985046436, 29.454344049192756 ], [ 96.085445256200003, 29.4592479449 ], [ 96.102954008300003, 29.446965287600001 ], [ 96.124681689499994, 29.413350156300002 ], [ 96.149837013799996, 29.399011669699998 ], [ 96.182182084765273, 29.348997258077734 ], [ 96.187104363700001, 29.326549723 ], [ 96.185319601700002, 29.30574146 ], [ 96.214454944899998, 29.257858000100001 ], [ 96.225763292099998, 29.246934649500002 ], [ 96.298835608399997, 29.241897054199999 ], [ 96.316540995270444, 29.256338497647395 ], [ 96.351482277, 29.2659170278 ], [ 96.360597686864324, 29.281219923550335 ], [ 96.372949001301393, 29.283476672797601 ], [ 96.383792747900003, 29.275239604 ], [ 96.395371942153758, 29.246638813683411 ], [ 96.351652819, 29.1723147682 ], [ 96.324666684299999, 29.162733406899999 ], [ 96.243890949299995, 29.152204216299999 ], [ 96.222194323099998, 29.136725515599998 ], [ 96.184866575270192, 29.089276277916749 ], [ 96.134810057500005, 29.070732892300001 ], [ 96.134096136899998, 29.059763907 ], [ 96.154068060453383, 29.038460243325964 ], [ 96.178517254, 28.985130317 ], [ 96.174543479099995, 28.959296606599999 ], [ 96.149808023199995, 28.947781835600001 ], [ 96.144788959500005, 28.929689246599999 ], [ 96.147109759599999, 28.922548646100001 ], [ 96.168062260300005, 28.896279056299999 ], [ 96.178326878, 28.8947161191 ], [ 96.235397841099996, 28.926650032 ], [ 96.282664600953879, 28.981633470024022 ], [ 96.345824747899997, 29.0214183352 ], [ 96.366921084200001, 29.027059801 ], [ 96.442809504, 29.0300912571 ], [ 96.488558436, 29.055840205799999 ], [ 96.522406671300004, 29.0666833784 ], [ 96.521786474699994, 29.0597869578 ], [ 96.480326131400005, 28.997443585799999 ], [ 96.473524093500004, 28.976789973300001 ], [ 96.489201219099996, 28.952818738600001 ], [ 96.518871538900001, 28.957814306 ], [ 96.517862619200002, 28.940763845700001 ], [ 96.530504531415502, 28.922555813275398 ], [ 96.535515449229806, 28.904645652177592 ], [ 96.533769911299999, 28.874355422 ], [ 96.571515813199994, 28.8214970328 ], [ 96.606419979, 28.7841568837 ], [ 96.613563351899998, 28.766669158900001 ], [ 96.603070849100007, 28.730578129600001 ], [ 96.586267057284502, 28.708820918297363 ], [ 96.567545064200004, 28.699079748700001 ], [ 96.515198378500003, 28.689476349300001 ], [ 96.49208210608208, 28.674295417215856 ], [ 96.474459370800005, 28.669414511199999 ], [ 96.472465421600006, 28.659368578900001 ], [ 96.48743718745574, 28.629088996183452 ], [ 96.481794302506472, 28.619077868241607 ], [ 96.452921380299998, 28.6032699961 ], [ 96.421496385070895, 28.573389316872582 ], [ 96.4022575762, 28.5694807235 ], [ 96.393981769582311, 28.547002035112733 ], [ 96.344431396700003, 28.541355660600001 ], [ 96.335258399099999, 28.535682655599999 ], [ 96.322630924400002, 28.519739660900001 ], [ 96.321726283399997, 28.511218077399999 ], [ 96.355142800799996, 28.486128113 ], [ 96.358280791225312, 28.471408004189467 ], [ 96.350509122694703, 28.46147326497697 ], [ 96.271473374199999, 28.41006555 ], [ 96.267702357399997, 28.4022672111 ], [ 96.270691434400007, 28.395111762300001 ], [ 96.291984343471796, 28.387252326867479 ], [ 96.305683347599995, 28.368836222700001 ], [ 96.361782498130637, 28.374351632795207 ], [ 96.366138422099993, 28.352383833299999 ], [ 96.379147591014814, 28.344002713048987 ], [ 96.386945030099994, 28.329995648400001 ], [ 96.394841208800003, 28.327400657399998 ], [ 96.413604313899995, 28.3340028794 ], [ 96.42249447293635, 28.370530321918391 ], [ 96.442648300900004, 28.396183407 ], [ 96.456677961799997, 28.405743704 ], [ 96.502403340300006, 28.4027342535 ], [ 96.569852067900001, 28.44576866 ], [ 96.65042568653034, 28.449988332648982 ], [ 96.683389019700002, 28.4294608029 ], [ 96.723334582442561, 28.418925197603173 ], [ 96.739329863500004, 28.4093744995 ], [ 96.753519893835872, 28.393028997945805 ], [ 96.756653209600003, 28.375786650599998 ], [ 96.768578143300005, 28.361611132699998 ], [ 96.837770756799998, 28.3569811104 ], [ 96.887813191840792, 28.378228462614494 ], [ 96.906600014785027, 28.363717765726562 ], [ 96.920573900899996, 28.3413980413 ], [ 96.946732184400005, 28.332241542199998 ], [ 96.989981302399997, 28.304848089299998 ], [ 97.025725060200003, 28.321319632800002 ], [ 97.048623790299999, 28.341555969400002 ], [ 97.078890591399997, 28.3515662527 ], [ 97.113275894, 28.344575797600001 ], [ 97.137660918669056, 28.332636881860346 ], [ 97.172867016400005, 28.286431624 ], [ 97.187713935800005, 28.284271931700001 ], [ 97.216887532200005, 28.2894705225 ], [ 97.234149896800005, 28.271642348 ], [ 97.247148584200005, 28.265917471200002 ], [ 97.260795110499998, 28.269037976 ], [ 97.289775705899999, 28.265679916500002 ], [ 97.350670436, 28.228212047100001 ], [ 97.375143191286853, 28.220463648330462 ], [ 97.395923616595795, 28.190005584163867 ], [ 97.393819343348653, 28.184806486484096 ], [ 97.371161065300001, 28.191639885899999 ], [ 97.358760069300004, 28.189543094099999 ], [ 97.34938094419168, 28.171436414237981 ], [ 97.327028881499999, 28.150550189 ], [ 97.3261825915, 28.138700743800001 ], [ 97.342973600244093, 28.11454415481245 ], [ 97.333716128065632, 28.102085013801471 ], [ 97.310632434699997, 28.086511534100001 ], [ 97.307048968399997, 28.0749796723 ], [ 97.309902409499998, 28.064540251 ], [ 97.323277496100005, 28.056842996099999 ], [ 97.374284303014576, 28.062753660672033 ], [ 97.369928789400007, 28.0475843422 ], [ 97.3745487658, 28.036271044399999 ], [ 97.40740941467206, 28.018667785121565 ], [ 97.401134754248943, 28.006710238210772 ], [ 97.389378664500001, 28.0005909084 ], [ 97.38587572036478, 27.987081032369325 ], [ 97.366394174800007, 27.968683699500001 ], [ 97.377941554760554, 27.949946688507598 ], [ 97.370582413400001, 27.935723848799999 ], [ 97.374750944482443, 27.927006040599416 ], [ 97.373601203, 27.909386596800001 ], [ 97.382164429937532, 27.893142391676314 ], [ 97.361793551343041, 27.873623670608879 ], [ 97.343857998399997, 27.884703032400001 ], [ 97.32207578736076, 27.88854744649112 ], [ 97.317280477799997, 27.901589425899999 ], [ 97.300891087, 27.9159321538 ], [ 97.287076751745559, 27.907114689387615 ], [ 97.277095559700001, 27.9089153153 ], [ 97.248631795199998, 27.898933832200001 ], [ 97.230367741587301, 27.875655168431006 ], [ 97.189702058899996, 27.843520204299999 ], [ 97.1852585723, 27.8309808371 ], [ 97.172142656299997, 27.8275968837 ], [ 97.169315052607757, 27.815227807654491 ], [ 97.156282813335281, 27.806161856438251 ], [ 97.141204813499996, 27.8037717405 ], [ 97.103786114800002, 27.769564110800001 ], [ 97.101039562444299, 27.750622162182172 ], [ 97.089473776899993, 27.734091060200001 ], [ 97.064080841199996, 27.747249520899999 ], [ 97.048312210389085, 27.739731645595299 ], [ 97.038033691199999, 27.744518057899999 ], [ 97.023473633799995, 27.739674168699999 ], [ 97.006009569905615, 27.707940930445666 ], [ 96.9843531466, 27.680978349899998 ], [ 96.984509041212419, 27.665812427224235 ], [ 96.936497834500003, 27.660027948900002 ], [ 96.921619060200001, 27.632320479899999 ], [ 96.891702980700003, 27.6063049489 ], [ 96.894327349700006, 27.585185423399999 ], [ 96.909898893675575, 27.577809688182306 ], [ 96.909426963599998, 27.546047197899998 ], [ 96.922071767199995, 27.533859922600001 ], [ 96.929931817500005, 27.515235110399999 ], [ 96.930127582581946, 27.509790100710756 ], [ 96.910931369799997, 27.485486053900001 ], [ 96.904292290100003, 27.452739023 ], [ 96.932559868200002, 27.4306190378 ], [ 96.936991510300004, 27.415252772799999 ], [ 96.960512448057997, 27.404043702384094 ], [ 96.966626295899999, 27.370854621 ], [ 96.981692006100005, 27.348680675899999 ], [ 96.990593864237127, 27.343739819245279 ], [ 96.998022716500003, 27.3199634829 ], [ 97.028563416673862, 27.307253770568035 ], [ 97.039836094, 27.284416993299999 ], [ 97.054574094009425, 27.274871861629745 ], [ 97.0584820511, 27.2639675416 ], [ 97.086529859799995, 27.237339428599999 ], [ 97.092727155, 27.210465191899999 ], [ 97.12033073525987, 27.188459744575272 ], [ 97.124906122400006, 27.172572083599999 ], [ 97.1366852564, 27.1640387534 ], [ 97.145463321524076, 27.163452649233989 ], [ 97.150414851600004, 27.150072344 ], [ 97.16226106190436, 27.140440266472513 ], [ 97.160133269155892, 27.121428837743785 ], [ 97.148992373200002, 27.113106287099999 ], [ 97.136748147338167, 27.089623093999887 ], [ 97.106149036800005, 27.1026055687 ], [ 97.095269452108539, 27.09446338184879 ], [ 97.077928664, 27.0943225832 ], [ 97.069609675210913, 27.087978713573726 ], [ 97.062011289615057, 27.089992468531914 ], [ 97.054627043500005, 27.1007820552 ], [ 97.032166761899177, 27.116732247293161 ], [ 97.028376329899999, 27.125916904699999 ], [ 97.007353262199999, 27.138053016600001 ], [ 96.992543776451214, 27.14044012946518 ], [ 96.982712743799993, 27.1542872942 ], [ 96.957693200199998, 27.162363962299999 ], [ 96.931887360381936, 27.161495981607661 ], [ 96.900501498744205, 27.168794976948931 ], [ 96.860043569799998, 27.190050886400002 ], [ 96.854642574474994, 27.209997078404324 ], [ 96.882226254800003, 27.225621976300001 ], [ 96.883075129199995, 27.2535931253 ], [ 96.862105399655334, 27.25987290825298 ], [ 96.847092575264838, 27.271205215867141 ], [ 96.846170066200003, 27.291056359300001 ], [ 96.822622601500001, 27.308239545799999 ], [ 96.800264017, 27.341368107899999 ], [ 96.769852327099997, 27.354532664699999 ], [ 96.751626953361225, 27.352482916299593 ], [ 96.712595163100005, 27.367046678 ], [ 96.697989381300005, 27.357776231100001 ], [ 96.680514764700007, 27.360439082500001 ], [ 96.672673268584504, 27.356959087229662 ], [ 96.661754341700004, 27.3622206629 ], [ 96.647273225069668, 27.359016139487807 ], [ 96.625669223900005, 27.366181260499999 ], [ 96.610308192, 27.365041833700001 ], [ 96.595617476300006, 27.348825120200001 ], [ 96.596243550172403, 27.333410703111785 ], [ 96.586695974700007, 27.334281863099999 ], [ 96.574974111388897, 27.32404007378749 ], [ 96.5545306482, 27.3166204947 ], [ 96.524089918681597, 27.286153210610973 ], [ 96.517956613491251, 27.285454361615866 ], [ 96.505288126699995, 27.298254998400001 ], [ 96.488250392300003, 27.296074951 ], [ 96.460996171800005, 27.304226835800002 ], [ 96.422501313200002, 27.301285083900002 ], [ 96.408095037532561, 27.287515224991779 ], [ 96.399223220300001, 27.289486755799999 ], [ 96.386697439948307, 27.284357845551671 ], [ 96.355779357499998, 27.2901872164 ], [ 96.339416045600004, 27.284913856199999 ], [ 96.299179170499997, 27.2925972299 ], [ 96.277882337400001, 27.282176673799999 ], [ 96.271270458525592, 27.271440324301565 ], [ 96.229945409500004, 27.2756995632 ], [ 96.209222337311246, 27.261002044986576 ], [ 96.193494157200007, 27.2591550036 ], [ 96.185631723235332, 27.249241023747334 ], [ 96.155934709700006, 27.24708813 ], [ 96.111271005800006, 27.231124172200001 ], [ 96.027674253699999, 27.182512861100001 ], [ 96.019992029600004, 27.1725620753 ], [ 96.010615439625326, 27.142536980717626 ], [ 95.969079713599996, 27.0992240486 ], [ 95.946170926292751, 27.051867480502487 ], [ 95.904794285400001, 27.03553082 ], [ 95.870080125995173, 27.012650561788544 ], [ 95.845610046499999, 27.013854123200002 ], [ 95.830885037300007, 27.007593129100002 ], [ 95.8059307706, 27.010905499900002 ], [ 95.785207853499998, 26.990350121399999 ], [ 95.781160327748708, 26.977762308797839 ], [ 95.769149869900005, 26.9750322063 ], [ 95.761836247600002, 26.964924421900001 ], [ 95.760060545058465, 26.936843189532603 ], [ 95.748240611200004, 26.9227910191 ], [ 95.751122875818041, 26.90904038896463 ], [ 95.744112017262538, 26.896742067005832 ], [ 95.716516430974394, 26.878144865557601 ], [ 95.674357803800007, 26.9007820733 ], [ 95.665595705800001, 26.900160665400001 ], [ 95.630566813100003, 26.8647113229 ], [ 95.627206284771361, 26.843444255548967 ], [ 95.608317987214363, 26.813001617457996 ], [ 95.571165812835261, 26.816035073947326 ], [ 95.547021689100006, 26.833698974899999 ], [ 95.528612115399994, 26.825230002400001 ], [ 95.522870386953656, 26.813797065957147 ], [ 95.507336657099998, 26.804360933 ], [ 95.482665760802988, 26.746387284658706 ], [ 95.474115284176975, 26.740270964353478 ], [ 95.458432012, 26.7408576857 ], [ 95.433733330300001, 26.716336547800001 ], [ 95.432132673889768, 26.701994394200771 ], [ 95.426466105207879, 26.697817116161964 ], [ 95.3936576487, 26.68429376 ], [ 95.374773225699997, 26.683191708399999 ], [ 95.36062072687524, 26.670584978650567 ], [ 95.337354768200001, 26.673351562499999 ], [ 95.326649620739843, 26.664456041449718 ], [ 95.313959752700001, 26.662112843100001 ], [ 95.303902633125361, 26.650704296106877 ], [ 95.276026833800003, 26.657631745100002 ], [ 95.259528259712127, 26.655068066300558 ], [ 95.255242048499994, 26.677323984899999 ], [ 95.248240284600001, 26.682460438100001 ], [ 95.237241683299999, 26.681924424399998 ], [ 95.209604004100001, 26.6488994103 ], [ 95.199957249793854, 26.64270196324961 ], [ 95.176108222099998, 26.6394130901 ], [ 95.163933691708067, 26.621953968797225 ], [ 95.150284441, 26.613999807300001 ], [ 95.148043677900006, 26.5945394186 ], [ 95.154489196553129, 26.583183269571546 ], [ 95.1393746021769, 26.556564698613297 ], [ 95.127747246599995, 26.555856887699999 ], [ 95.114256416, 26.5455158776 ], [ 95.114443648152189, 26.517848036499505 ], [ 95.09599024547326, 26.492692558960524 ], [ 95.074479429500002, 26.473206215400001 ], [ 95.068308450299995, 26.456052801599999 ], [ 95.074017340500006, 26.447717678 ], [ 95.084323025621984, 26.447116247978798 ], [ 95.10379278552233, 26.420590389532496 ], [ 95.102860604699998, 26.398541311399999 ], [ 95.128627665658513, 26.385821120045104 ], [ 95.132162767997116, 26.377986105787166 ], [ 95.123019450900003, 26.350739542900001 ], [ 95.12847770453952, 26.339324524570458 ], [ 95.124522266900001, 26.3104319513 ], [ 95.128482951099997, 26.294254880800001 ], [ 95.120163767899996, 26.264651901299999 ], [ 95.127343636034141, 26.253699929204437 ], [ 95.116604896, 26.232802353899999 ], [ 95.121056785899995, 26.224576858100001 ], [ 95.142524143500736, 26.211543372994722 ], [ 95.125025744699997, 26.1906774582 ], [ 95.126692902652323, 26.17749206698597 ], [ 95.117726796599996, 26.1630751603 ], [ 95.126513243206119, 26.12888563262327 ], [ 95.117301223300004, 26.112132063699999 ], [ 95.1181716209, 26.1031994919 ], [ 95.123354340800006, 26.097392128100001 ], [ 95.149825563199997, 26.089085969900001 ], [ 95.165350687699998, 26.092128014899998 ], [ 95.185558050200001, 26.072898319 ], [ 95.165084638799996, 26.049223491900001 ], [ 95.15936597281717, 26.025346334380803 ], [ 95.1397713076, 26.006973328800001 ], [ 95.125953024230711, 25.985693726091164 ], [ 95.117436921800007, 25.9823801999 ], [ 95.089394737229526, 25.950340676413237 ], [ 95.05689422, 25.939075908700001 ], [ 95.046529375386385, 25.927966241854907 ], [ 95.0343443772, 25.9245148139 ], [ 95.015905204500001, 25.900802293600002 ], [ 95.019346297766006, 25.880664748504259 ], [ 95.011764158899993, 25.8682408363 ], [ 95.03040414014734, 25.838459675198248 ], [ 95.034670029099999, 25.814133663300002 ], [ 95.049892755505255, 25.800329739828367 ], [ 95.044647702800006, 25.772250776 ], [ 95.049006148615604, 25.759513772094209 ], [ 95.039878885091071, 25.74123205729876 ], [ 95.02295488477742, 25.731604567292006 ], [ 95.002193540600004, 25.728137847799999 ], [ 94.992419144, 25.718827797500001 ], [ 94.988873695654235, 25.706741962827902 ], [ 94.970003484100005, 25.688559910399999 ], [ 94.935590588099998, 25.666224015099999 ], [ 94.923348259299999, 25.6462067862 ], [ 94.915061266403171, 25.607633100867773 ], [ 94.887973182699994, 25.589926571700001 ], [ 94.898592362543056, 25.565105659579519 ], [ 94.847005373100004, 25.561712081300001 ], [ 94.825920564100002, 25.540356359600001 ], [ 94.825188495600003, 25.523918550299999 ], [ 94.812492236099999, 25.511464667799999 ], [ 94.806179137496599, 25.491842467684734 ], [ 94.7907089176, 25.4896974547 ], [ 94.783916362144794, 25.480498635070578 ], [ 94.7511675903, 25.486387031900001 ], [ 94.718375281361048, 25.469078407787407 ], [ 94.686018552799993, 25.4637603157 ], [ 94.672189859599996, 25.441036460900001 ], [ 94.66986497720994, 25.418186528125972 ], [ 94.659722579114231, 25.405964117615429 ], [ 94.647746747, 25.403773715900002 ], [ 94.634250583099998, 25.392296633099999 ], [ 94.63456726448976, 25.357356492659608 ], [ 94.607271055499993, 25.3155539264 ], [ 94.588772620399993, 25.273166701699999 ], [ 94.589538568184764, 25.254384671384408 ], [ 94.580442509299999, 25.214518880100002 ], [ 94.593703799799997, 25.193276506899998 ], [ 94.605841400200006, 25.184758311500001 ], [ 94.620788961784498, 25.186556135671257 ], [ 94.639929356500005, 25.167987289700001 ], [ 94.664045080099996, 25.1627388438 ], [ 94.678679662600004, 25.1542005921 ], [ 94.689569556211623, 25.157750827462845 ], [ 94.697057595404445, 25.154714072695217 ], [ 94.714176000400002, 25.139267895300001 ], [ 94.736759665299999, 25.134776949199999 ], [ 94.740874156199993, 25.126717045700001 ], [ 94.744137894152814, 25.036875477563669 ], [ 94.7269678535, 24.999508930699999 ], [ 94.706806912, 24.986434734 ], [ 94.697874080299997, 24.966919587 ], [ 94.713571620832397, 24.934159661832251 ], [ 94.696590965599995, 24.917246076400001 ], [ 94.687524295814569, 24.88874305722938 ], [ 94.673885686526944, 24.874809434911157 ], [ 94.655421956599994, 24.867918291399999 ], [ 94.649921710699999, 24.854955222600001 ], [ 94.634710104299998, 24.8394467896 ], [ 94.630186580051188, 24.80495171402297 ], [ 94.619998709200004, 24.782548414099999 ], [ 94.629713066277247, 24.757880863949307 ], [ 94.614511926800006, 24.741492467299999 ], [ 94.605497720011869, 24.712332329533567 ], [ 94.585272461047722, 24.705414984792256 ], [ 94.575422983300001, 24.710292583699999 ], [ 94.565461387556212, 24.705544229765319 ], [ 94.555479039700003, 24.710801866899999 ], [ 94.542713897499993, 24.705257490299999 ], [ 94.545027829644113, 24.682072977206641 ], [ 94.539127587032652, 24.643111354720446 ], [ 94.506632279076356, 24.593984119750576 ], [ 94.453588457500004, 24.5641869552 ], [ 94.423600388626028, 24.483443214218184 ], [ 94.406274074199999, 24.482512490200001 ], [ 94.400103514400001, 24.4763183355 ], [ 94.402389343811279, 24.461522223391885 ], [ 94.397946968100001, 24.452244843300001 ], [ 94.403502548964511, 24.437937046643299 ], [ 94.396945881538585, 24.408611482632178 ], [ 94.374122081, 24.399786258700001 ], [ 94.368962874700003, 24.3928387126 ], [ 94.370551031100007, 24.3852563873 ], [ 94.379819479760897, 24.377361860265964 ], [ 94.349437398316937, 24.336368612202371 ], [ 94.319726410200005, 24.326637868700001 ], [ 94.322596205672966, 24.279499667543828 ], [ 94.302106875745991, 24.23791831867111 ], [ 94.288389953399999, 24.231189292100002 ], [ 94.27671953702523, 24.169441285796562 ], [ 94.260192913699996, 24.158722925199999 ], [ 94.250946323400001, 24.127614096199999 ], [ 94.256005177214277, 24.086474379983716 ], [ 94.236589185200003, 24.0517533196 ], [ 94.239862245282538, 24.039059052309774 ], [ 94.203386137099997, 23.976410751300001 ], [ 94.192563027513714, 23.936312231156599 ], [ 94.169584584, 23.925575078800001 ], [ 94.155760521086492, 23.847582736127606 ], [ 94.147343363700003, 23.845090990199999 ], [ 94.142750667689853, 23.835189527457015 ], [ 94.119509659889957, 23.836263963435492 ], [ 94.097052499499995, 23.884870188600001 ], [ 94.088345672100004, 23.885459761300002 ], [ 94.081766831018243, 23.87940144203213 ], [ 94.065984221400001, 23.8878407415 ], [ 94.050913903047942, 23.886936853607388 ], [ 94.042039043299994, 23.894041367700002 ], [ 94.037514219599998, 23.9061722014 ], [ 94.015848604300004, 23.922248746 ], [ 93.961393961300004, 23.928047484499999 ], [ 93.946027736299996, 23.9440708859 ], [ 93.933434653199996, 23.949024861200002 ], [ 93.896067332, 23.9506672256 ], [ 93.859109533603487, 23.932148853152807 ], [ 93.839606699100003, 23.931115755499999 ], [ 93.819728497, 23.9234951856 ], [ 93.807741907899995, 23.926945648099998 ], [ 93.799792528333953, 23.932657602850359 ], [ 93.795831036, 23.9485746591 ], [ 93.771925956601251, 23.968796169559155 ], [ 93.761075160100006, 23.998760820899999 ], [ 93.753989648300006, 24.003771393200001 ], [ 93.741641111386059, 23.99683583515689 ], [ 93.72402711918879, 23.997296259189987 ], [ 93.690488915299994, 24.007374338 ], [ 93.663245842699993, 24.00163484 ], [ 93.646651099799996, 24.008842941299999 ], [ 93.622825522, 24.009483391100002 ], [ 93.614626064899994, 24.0022526417 ], [ 93.607991214820089, 23.971607050847059 ], [ 93.591660950586416, 23.96081105198888 ], [ 93.584979667933197, 23.960146497839485 ], [ 93.561536334799996, 23.9733125592 ], [ 93.550166479657577, 23.95934451728797 ], [ 93.536062593799997, 23.959686639600001 ], [ 93.521428263900006, 23.952381311 ], [ 93.514969261002676, 23.942662630784792 ], [ 93.505059840395504, 23.942225474422472 ], [ 93.46351898246175, 23.973611384590342 ], [ 93.461515605900004, 23.9939292177 ], [ 93.453328996499536, 23.999376288031051 ], [ 93.450335241100007, 24.0108318258 ], [ 93.433077698117714, 24.02401137981224 ], [ 93.420911755800006, 24.063234335499999 ], [ 93.403504204499995, 24.080778973200001 ], [ 93.362710402600001, 24.091406065899999 ], [ 93.3405147597, 24.0877175002 ], [ 93.334718305199999, 24.082734574 ], [ 93.338507525500006, 24.061552603300001 ], [ 93.332368695599996, 24.049693733400002 ], [ 93.337850391854246, 24.040600538704822 ], [ 93.334946381199998, 24.032092196699999 ], [ 93.338949570303541, 24.021481990048741 ], [ 93.333277331399998, 24.009685088099999 ], [ 93.337764966400002, 23.983567351600001 ], [ 93.365560514500004, 23.935833086399999 ], [ 93.380934647119204, 23.934457167297442 ], [ 93.393244886946832, 23.92887300098133 ], [ 93.394386772985257, 23.924123953402422 ], [ 93.385697498699997, 23.875550859499999 ], [ 93.388933134471998, 23.865085318361992 ], [ 93.386088773099999, 23.848112111599999 ], [ 93.393178329600005, 23.820621354 ], [ 93.403402827199997, 23.804936812099999 ], [ 93.393656081299994, 23.7569410304 ], [ 93.411179873709401, 23.729314310866961 ], [ 93.412261884900005, 23.706081793700001 ], [ 93.428037821499998, 23.689144966400001 ], [ 93.437052275185636, 23.686637432356346 ], [ 93.418223752, 23.6439108171 ], [ 93.424565984312594, 23.629536903414458 ], [ 93.421925839, 23.6114681488 ], [ 93.4285570304, 23.588529088 ], [ 93.412968139, 23.557604553499999 ], [ 93.418478569900003, 23.539766410399999 ], [ 93.408739264464359, 23.517312593738254 ], [ 93.394754541200001, 23.499487936 ], [ 93.399301665804259, 23.471885099937523 ], [ 93.389792297400007, 23.4227022223 ], [ 93.401635734034997, 23.383751193726759 ], [ 93.392685272199998, 23.374232360800001 ], [ 93.387625801905969, 23.359408073276501 ], [ 93.369305771599997, 23.3581530722 ], [ 93.358507768899997, 23.347533393300001 ], [ 93.36203434, 23.338012718400002 ], [ 93.372868341722565, 23.329597738770165 ], [ 93.368377973, 23.269298499 ], [ 93.388602142021767, 23.216917560356922 ], [ 93.379083696600006, 23.207848573 ], [ 93.380622989917185, 23.186589696343002 ], [ 93.373030700599998, 23.174556451800001 ], [ 93.371104903800003, 23.1554843121 ], [ 93.375225071200006, 23.146351763 ], [ 93.387145337864425, 23.14367645504316 ], [ 93.385653081699999, 23.1340583279 ], [ 93.366753801300007, 23.1214479062 ], [ 93.345912016599996, 23.087343556699999 ], [ 93.345419841600005, 23.0788771689 ], [ 93.351828790993466, 23.070448305722362 ], [ 93.335771515100006, 23.054299930599999 ], [ 93.313616149574372, 23.019863241969606 ], [ 93.303451319700002, 23.018352743400001 ], [ 93.293435953699998, 23.006802534199998 ], [ 93.274983126992254, 23.004138364939138 ], [ 93.268027309900006, 23.0084046616 ], [ 93.241505995778184, 23.006738104617757 ], [ 93.229257751629603, 23.011439573339374 ], [ 93.214987981582652, 23.026972319951582 ], [ 93.208431798899994, 23.046243901299999 ], [ 93.197063221299999, 23.052939608199999 ], [ 93.178672733300004, 23.054845762399999 ], [ 93.155830786199999, 23.0431871738 ], [ 93.141606362, 23.0517212976 ], [ 93.127028927599994, 23.041029178300001 ], [ 93.123744203900003, 23.0065059591 ], [ 93.129767111800007, 22.9946921405 ], [ 93.140677461899998, 22.989417281400002 ], [ 93.143538642300001, 22.9743251895 ], [ 93.139208899300002, 22.963634237899999 ], [ 93.146231714699994, 22.928948466 ], [ 93.164364675217087, 22.910703646844233 ], [ 93.150820242600005, 22.907971585199999 ], [ 93.139418306, 22.912218364299999 ], [ 93.131653977599996, 22.905524511900001 ], [ 93.134215863491335, 22.891266481902822 ], [ 93.1192363368, 22.861336525700001 ], [ 93.110467374883356, 22.818238981376922 ], [ 93.096404008899995, 22.80395493 ], [ 93.096299655699994, 22.782734327299998 ], [ 93.107113543400004, 22.7499249635 ], [ 93.092342442200007, 22.706608136500002 ], [ 93.101828038500003, 22.683923220899999 ], [ 93.098386869699993, 22.669899509699999 ], [ 93.109807278, 22.655569815500002 ], [ 93.110368322599996, 22.637707303300001 ], [ 93.128493963517187, 22.623833142277693 ], [ 93.14075186696526, 22.592302380445734 ], [ 93.138233641599996, 22.582793792699999 ], [ 93.1142359758, 22.560854493600001 ], [ 93.1094443641, 22.546771142699999 ], [ 93.114555439, 22.529313885699999 ], [ 93.128618594559185, 22.523395686987328 ], [ 93.124483383699996, 22.508010001399999 ], [ 93.134803295599994, 22.491685064799999 ], [ 93.132931206400002, 22.466490172099999 ], [ 93.142146533800002, 22.454892453199999 ], [ 93.164080979800005, 22.450593940699999 ], [ 93.185473246225897, 22.42724776633959 ], [ 93.182340707099996, 22.4157183696 ], [ 93.187461373600001, 22.403456861700001 ], [ 93.183941057300004, 22.3941254597 ], [ 93.189794635069234, 22.382430272287028 ], [ 93.185203616199999, 22.373909239700001 ], [ 93.187076046499996, 22.350266855400001 ], [ 93.196666745612063, 22.328755712963137 ], [ 93.194115007099995, 22.307734792200002 ], [ 93.201934596200005, 22.263094062499999 ], [ 93.198579456996896, 22.255133912242719 ], [ 93.177118613900006, 22.245682520599999 ], [ 93.159046930100004, 22.248564422499999 ], [ 93.144990615200001, 22.2424087833 ], [ 93.152356664600006, 22.2108365132 ], [ 93.161443031600001, 22.1965094894 ], [ 93.150929356230719, 22.176265476614333 ], [ 93.123722706298921, 22.173684045005459 ], [ 93.106827240499996, 22.199347160599999 ], [ 93.088535375873533, 22.196692471659638 ], [ 93.064855104700001, 22.205031211800002 ], [ 93.044421573500003, 22.197193347700001 ], [ 93.041994533500002, 22.1863830277 ], [ 93.049033285216552, 22.169195614753828 ], [ 93.041901915699995, 22.148184660599998 ], [ 93.046573507, 22.132944629699999 ], [ 93.057115469703405, 22.121256806740099 ], [ 93.059496401679709, 22.101107694232436 ], [ 93.020351136200006, 22.1011130451 ], [ 93.012210318200005, 22.095170176300002 ], [ 92.995528657600005, 22.042437530600001 ], [ 93.004255146613673, 22.017042340559129 ], [ 93.002656788099998, 22.000596551 ], [ 93.007501687414077, 21.982362340872555 ], [ 92.980939043049958, 21.980089016151602 ], [ 92.977524173700004, 21.996002663599999 ], [ 92.960968725, 22.020721546899999 ], [ 92.94947533, 22.024308629699998 ], [ 92.921288174599994, 21.989716407900001 ], [ 92.906012561099999, 21.940463266 ], [ 92.899016666144917, 21.956150745000645 ], [ 92.893616204200001, 22.003092177700001 ], [ 92.888255360100004, 22.011713001499999 ], [ 92.865012104284077, 22.023798275273862 ], [ 92.861735316799994, 22.059728804599999 ], [ 92.853785957200003, 22.063329652 ], [ 92.840876645969047, 22.059798796130909 ], [ 92.834888128800003, 22.0707380576 ], [ 92.817843479299995, 22.0756932269 ], [ 92.810460837299999, 22.093023788099998 ], [ 92.798225995562291, 22.093809650116707 ], [ 92.78854521, 22.104492690899999 ], [ 92.773979879899997, 22.107366908700001 ], [ 92.761111379599996, 22.121939851 ], [ 92.738889899595478, 22.132078930542932 ], [ 92.721681215800004, 22.148042632700001 ], [ 92.701948269200003, 22.148126959399999 ], [ 92.692378816399994, 22.132487393800002 ], [ 92.690368556341639, 22.072123480483882 ], [ 92.684162224800005, 22.064833005499999 ], [ 92.680024849754233, 22.011641583612803 ], [ 92.6552405945, 22.0126287416 ], [ 92.634720692618757, 21.98324372077586 ], [ 92.60751870170931, 21.974660971318116 ], [ 92.603270326506589, 21.977502566780853 ], [ 92.609426962100002, 21.993323872200001 ], [ 92.598107788528964, 22.008981736318805 ], [ 92.599801312899999, 22.022452425600001 ], [ 92.592631624097649, 22.037440520348628 ], [ 92.598726910500005, 22.0569113273 ], [ 92.573749209599995, 22.117084734599999 ], [ 92.562631990126718, 22.128023669083191 ], [ 92.564136370380027, 22.133729584501157 ], [ 92.578291952083603, 22.1433996183445 ], [ 92.5975866653, 22.1365948481 ], [ 92.605054572200004, 22.138516774599999 ], [ 92.608934685199998, 22.145180719199999 ], [ 92.607520096499996, 22.162622237299999 ], [ 92.604386463599994, 22.170499534499999 ], [ 92.595238065677421, 22.175393934863159 ], [ 92.593460875100007, 22.207481206299999 ], [ 92.58805956661088, 22.21598563562199 ], [ 92.590756485599996, 22.242511265899999 ], [ 92.58103203263272, 22.26917958177842 ], [ 92.578257483499996, 22.321333022699999 ], [ 92.571347745599994, 22.355342756900001 ], [ 92.552088912146701, 22.408978938487419 ], [ 92.552758428700002, 22.43420463 ], [ 92.542609448446328, 22.498757732383808 ], [ 92.545773382899995, 22.5095644218 ], [ 92.537664603, 22.539790695699999 ], [ 92.521711031545991, 22.559706596109745 ], [ 92.533292005099995, 22.579157288800001 ], [ 92.535310318699999, 22.594842563699999 ], [ 92.527447703766384, 22.620787385805404 ], [ 92.525644260299998, 22.668684456499999 ], [ 92.513829207499995, 22.708355858099999 ], [ 92.516267992, 22.718505757300001 ], [ 92.505051299900003, 22.736017335100001 ], [ 92.485268910900004, 22.746107157099999 ], [ 92.473855866310089, 22.746213713083943 ], [ 92.470654293400003, 22.794347611399999 ], [ 92.454264407124185, 22.81886411081765 ], [ 92.458075090899996, 22.833063212700001 ], [ 92.452834369499996, 22.842627462900001 ], [ 92.456754910300006, 22.855118298200001 ], [ 92.446967285300005, 22.8807569688 ], [ 92.433738595768716, 22.885800997490094 ], [ 92.418358919799999, 22.911192723100001 ], [ 92.400400729300003, 22.9122903974 ], [ 92.393835226, 22.926884289099998 ], [ 92.376298745469526, 22.928670008930975 ], [ 92.371790797190371, 22.936172041112798 ], [ 92.374355010337851, 22.970645187439217 ], [ 92.383233026100001, 22.9929895 ], [ 92.379769388625235, 23.012062009135242 ], [ 92.38255053104622, 23.033272976061255 ], [ 92.390249181100003, 23.055870287200001 ], [ 92.381306153599994, 23.079859650100001 ], [ 92.358025041553375, 23.103272200988936 ], [ 92.364489663599997, 23.1231422595 ], [ 92.356968546644367, 23.13422287803759 ], [ 92.3618042393, 23.158659956499999 ], [ 92.35334914277631, 23.185724594040916 ], [ 92.352952654800006, 23.222935266699999 ], [ 92.346795470725681, 23.235668796518684 ], [ 92.388797962599995, 23.23680213 ], [ 92.394699165600002, 23.241851687499999 ], [ 92.395410124600005, 23.251704823 ], [ 92.389517152799996, 23.259641009399999 ], [ 92.388763715600007, 23.278970552600001 ], [ 92.381176675390051, 23.285107369830126 ], [ 92.382118477299997, 23.307197486700002 ], [ 92.364374968718778, 23.322920248010945 ], [ 92.374650296499993, 23.3370819461 ], [ 92.375963935800002, 23.3594605139 ], [ 92.356437383169805, 23.372353296596103 ], [ 92.347372474699995, 23.4229390862 ], [ 92.333928910200001, 23.428842380199999 ], [ 92.324944475799995, 23.4642361539 ], [ 92.317145153214682, 23.471659562014828 ], [ 92.318997680099997, 23.5053893555 ], [ 92.312724801800002, 23.528109133200001 ], [ 92.306264954873456, 23.535040091642696 ], [ 92.310040415299994, 23.556649703600002 ], [ 92.3055588812, 23.579280934700002 ], [ 92.287407470448443, 23.595683003024366 ], [ 92.286885826200006, 23.6181619772 ], [ 92.278403202318685, 23.625215856457512 ], [ 92.273041492878562, 23.641671765072484 ], [ 92.289898449099994, 23.684226332200002 ], [ 92.288450579, 23.699259285699998 ], [ 92.275461434799993, 23.718375803600001 ], [ 92.256877501299996, 23.724882575100001 ], [ 92.2410500756, 23.719323537099999 ], [ 92.242070572040589, 23.694930762151344 ], [ 92.233981669200006, 23.684945690399999 ], [ 92.23308712555702, 23.667555112484578 ], [ 92.22557753213141, 23.655109618140632 ], [ 92.21630820665348, 23.651949504384422 ], [ 92.2065959767897, 23.661076300197564 ], [ 92.205695081322887, 23.672401884861031 ], [ 92.211368619599995, 23.685687999500001 ], [ 92.206424281799997, 23.6999473274 ], [ 92.197937655900006, 23.706312424499998 ], [ 92.177717419461516, 23.707568429876073 ], [ 92.164392236799998, 23.734248262600001 ], [ 92.148744410500001, 23.733329072699998 ], [ 92.120832355751148, 23.692734807523067 ], [ 92.108567852500002, 23.688658642499998 ], [ 92.099689792956227, 23.676720446421253 ], [ 92.081756740200007, 23.673153724300001 ], [ 92.079168674913703, 23.648460022253797 ], [ 92.063328697935489, 23.645027846549375 ], [ 92.041958748428982, 23.647936354881534 ], [ 92.008681096502556, 23.663513663242821 ], [ 92.000022358255279, 23.671273865592454 ], [ 91.978840594100006, 23.726379340800001 ], [ 91.964522068799994, 23.729830533200001 ], [ 91.956963911399995, 23.7262875632 ], [ 91.950025393299995, 23.710453287 ], [ 91.957881440670931, 23.694411829630528 ], [ 91.943605035299996, 23.6914748708 ], [ 91.937793297499994, 23.680465098599999 ], [ 91.946177043, 23.630849879599999 ], [ 91.954283841382335, 23.609554448179491 ], [ 91.958807903899995, 23.550257764600001 ], [ 91.964600736244165, 23.535249613798332 ], [ 91.961132004700005, 23.525354563400001 ], [ 91.972593492428317, 23.49437181642071 ], [ 91.970374898431956, 23.478287011737514 ], [ 91.9523156395, 23.471684856100001 ], [ 91.9408420197, 23.4614902237 ], [ 91.942780351258577, 23.435090535875865 ], [ 91.901588707299993, 23.436545203400001 ], [ 91.860633142405689, 23.405177343371019 ], [ 91.846508640300002, 23.401743792 ], [ 91.837562446876561, 23.37062535729989 ], [ 91.827040131900006, 23.3606737022 ], [ 91.825127917670613, 23.352349368416554 ], [ 91.805297761399999, 23.332790866900002 ], [ 91.774675080799994, 23.3152599557 ], [ 91.763367286199994, 23.3006208352 ], [ 91.763341481300003, 23.278794368 ], [ 91.777078997649852, 23.269226389640068 ], [ 91.780064415499993, 23.248118766699999 ], [ 91.791095079, 23.2267084207 ], [ 91.792635166899998, 23.2022780639 ], [ 91.806264384916361, 23.179096649062007 ], [ 91.818369602900006, 23.105210008499999 ], [ 91.835787936441292, 23.092981065531596 ], [ 91.820666960899999, 23.080437851399999 ], [ 91.812283658454518, 23.066211808463358 ], [ 91.7840113221, 23.059105346300001 ], [ 91.780075200690803, 23.02854145130377 ], [ 91.766020249600004, 23.028650259399999 ], [ 91.755065166600005, 23.022696363 ], [ 91.744010120400006, 23.006541163 ], [ 91.726794208200005, 22.9985321417 ], [ 91.721078023299995, 22.987821036900002 ], [ 91.710162282335887, 22.982016865062981 ], [ 91.6975212384, 22.9868533175 ], [ 91.681925117262864, 22.977286853733581 ], [ 91.644590543700005, 22.975348920399998 ], [ 91.62758762, 22.955851577299999 ], [ 91.625523384343452, 22.944014501907905 ], [ 91.619629067991553, 22.938397189625789 ], [ 91.600370888286221, 22.954216881082154 ], [ 91.598531986599994, 22.970487984799998 ], [ 91.587266724700001, 22.9728007802 ], [ 91.5767613572784, 22.965234184221856 ], [ 91.557234422199798, 22.978466739310964 ], [ 91.555290476899998, 22.9898713712 ], [ 91.542498460585122, 22.999460085743401 ], [ 91.544912324600006, 23.011532773599999 ], [ 91.538436928795804, 23.01919751964687 ], [ 91.542116460900004, 23.031163373 ], [ 91.530504043123926, 23.038319631205848 ], [ 91.531580654600006, 23.049199640200001 ], [ 91.524976850743741, 23.055356311661235 ], [ 91.530708103, 23.071785411800001 ], [ 91.523805771300005, 23.090126702399999 ], [ 91.5113278024522, 23.10419724041973 ], [ 91.512025228, 23.121844510399999 ], [ 91.503808169018328, 23.12724853646348 ], [ 91.502776984500002, 23.138081269899999 ], [ 91.490896276644989, 23.1576033321398 ], [ 91.494391986899998, 23.165302518200001 ], [ 91.491353932500004, 23.181715202 ], [ 91.470787829376121, 23.196413238281558 ], [ 91.480928186300005, 23.200489166800001 ], [ 91.482610737, 23.210780914499999 ], [ 91.475239521700004, 23.217796961800001 ], [ 91.458627381000284, 23.213297682168534 ], [ 91.450678099394409, 23.21934625807927 ], [ 91.462135559900005, 23.2278901944 ], [ 91.463756284200002, 23.2361975663 ], [ 91.457366873599995, 23.243761817599999 ], [ 91.447015313949521, 23.243728632144634 ], [ 91.440614911799997, 23.260792966099999 ], [ 91.431952267599996, 23.261943375 ], [ 91.414704353800005, 23.254639703900001 ], [ 91.402051909600004, 23.243885321899999 ], [ 91.400900113675604, 23.229124562068364 ], [ 91.387983828700001, 23.213474937200001 ], [ 91.383005658, 23.186042960599998 ], [ 91.385051498300001, 23.1584451515 ], [ 91.403381138968598, 23.11371684617616 ], [ 91.406486398200002, 23.088938971299999 ], [ 91.417464495408751, 23.082865648588822 ], [ 91.417302058706099, 23.064639764063561 ], [ 91.395860018734297, 23.056050390055486 ], [ 91.36980929049777, 23.070377679077815 ], [ 91.346972469825374, 23.102306892151478 ], [ 91.333388983099994, 23.1501196697 ], [ 91.323349601890854, 23.158017950604773 ], [ 91.323544568100004, 23.232864676599998 ], [ 91.309012912900002, 23.280521914099999 ], [ 91.300263664862996, 23.29230787166512 ], [ 91.3066053931, 23.305625518500001 ], [ 91.289867951991596, 23.3185281231174 ], [ 91.295809479300004, 23.344500255 ], [ 91.279761751458963, 23.376604670366547 ], [ 91.276207158199995, 23.412781792299999 ], [ 91.263466198123851, 23.423725674724363 ], [ 91.264667091, 23.433490484899998 ], [ 91.251564438192091, 23.453644307241344 ], [ 91.2514096174, 23.4830805669 ], [ 91.245797738799993, 23.489325385699999 ], [ 91.236387174796391, 23.489009056428813 ], [ 91.231264812600003, 23.496537155599999 ], [ 91.217992335157675, 23.499511137082944 ], [ 91.215724436599999, 23.5087995411 ], [ 91.200775240398244, 23.520028271268345 ], [ 91.205025794799994, 23.541116782500001 ], [ 91.194462916801612, 23.547189494711613 ], [ 91.194557820900002, 23.562519194699998 ], [ 91.185388176700002, 23.577753852800001 ], [ 91.162509903108429, 23.595053068581912 ], [ 91.159689097527803, 23.611292112886233 ], [ 91.160813966, 23.653482370500001 ], [ 91.156316060919309, 23.670711267426011 ], [ 91.1701991698, 23.6604131064 ], [ 91.193832863699996, 23.654983280700002 ], [ 91.201573369800002, 23.660532895500001 ], [ 91.204224966300004, 23.6763980321 ], [ 91.195756432699994, 23.689587983 ], [ 91.153541459424957, 23.689221352168076 ], [ 91.149211267201508, 23.711525146451446 ], [ 91.157086191404929, 23.74200913513981 ], [ 91.167646108634599, 23.74962436501626 ], [ 91.222141640299995, 23.7505110524 ], [ 91.230623506599997, 23.767050322100001 ], [ 91.226870048500004, 23.7922337394 ], [ 91.233770315381136, 23.810820661651245 ], [ 91.252198765800003, 23.8366627419 ], [ 91.237262700700001, 23.873396107600001 ], [ 91.22960838898571, 23.880682860422386 ], [ 91.228481192271232, 23.898622577524208 ], [ 91.241232021200005, 23.904795609899999 ], [ 91.245295118, 23.9120488913 ], [ 91.241879275200006, 23.921483455600001 ], [ 91.233039013533045, 23.926960328034355 ], [ 91.259385807599998, 23.924063422 ], [ 91.267518422199998, 23.9271520938 ], [ 91.270519382800003, 23.9360087972 ], [ 91.264244269985142, 23.944222786086613 ], [ 91.271537018199993, 23.962897057900001 ], [ 91.284693282943806, 23.982087949944745 ], [ 91.299354165899999, 23.9832903456 ], [ 91.303648381943518, 23.997893850668774 ], [ 91.313360183100002, 23.992101314399999 ], [ 91.330056534112686, 23.992454127691879 ], [ 91.3432478175, 23.9837531953 ], [ 91.37189129, 23.989980662 ], [ 91.373348173754209, 24.002641100752601 ], [ 91.389950554899997, 24.024998385699998 ], [ 91.396497872200001, 24.045142482 ], [ 91.377141758182603, 24.079845721870349 ], [ 91.374620276653673, 24.107755021029334 ], [ 91.401518752425503, 24.111485316646515 ], [ 91.428093425400505, 24.108437436804412 ], [ 91.456830969400002, 24.097753253499999 ], [ 91.47316404835874, 24.101705806770251 ], [ 91.492200253024592, 24.097039168023457 ], [ 91.5007979234, 24.0878399136 ], [ 91.540836657300005, 24.076126932499999 ], [ 91.566315924199998, 24.075843483 ], [ 91.574444106108785, 24.079970375143951 ], [ 91.587105465099995, 24.076109276 ], [ 91.593206889399994, 24.082310976900001 ], [ 91.594547813378682, 24.096522667197959 ], [ 91.6133005258, 24.094347867 ], [ 91.632992267, 24.102698828 ], [ 91.639899185499999, 24.110492692800001 ], [ 91.634485133180803, 24.13810483787509 ], [ 91.645662032900006, 24.155882659100001 ], [ 91.646771463477336, 24.178609946590701 ], [ 91.655771096799995, 24.188316299899999 ], [ 91.647760642318772, 24.218485554608172 ], [ 91.665163303780403, 24.233517341847595 ], [ 91.668320593299995, 24.211547595100001 ], [ 91.679592640021596, 24.193469178196835 ], [ 91.685937439599996, 24.1661360069 ], [ 91.703342214863184, 24.163528417113774 ], [ 91.708723172600003, 24.1556422309 ], [ 91.728980571899996, 24.1460519928 ], [ 91.748023289900004, 24.1427068558 ], [ 91.755695240700007, 24.1460628673 ], [ 91.758125250099994, 24.154076399499999 ], [ 91.745042123634406, 24.246953835864868 ], [ 91.789035072399997, 24.22184507 ], [ 91.806226024262799, 24.220668328224129 ], [ 91.818089014799995, 24.211454545399999 ], [ 91.8281494557, 24.214576509600001 ], [ 91.838211862190278, 24.226220675231072 ], [ 91.8445779754, 24.225854269599999 ], [ 91.855140144545018, 24.21303849815207 ], [ 91.848028951200007, 24.201059121499998 ], [ 91.849099285700007, 24.193355109700001 ], [ 91.873978492065206, 24.174461608147972 ], [ 91.882443952599999, 24.144291692300001 ], [ 91.889720325300004, 24.138986947 ], [ 91.900661396399997, 24.140028773099999 ], [ 91.912242431099997, 24.1553878707 ], [ 91.911497686100006, 24.168496890299998 ], [ 91.940334304900006, 24.267141537099999 ], [ 91.920006199287727, 24.337446273046364 ], [ 91.936953132499994, 24.342293276300001 ], [ 91.956751079516039, 24.356646042195333 ], [ 91.966613834300006, 24.351084592599999 ], [ 91.974243472200001, 24.3525575313 ], [ 91.978705981399997, 24.364683002300001 ], [ 91.967331579780435, 24.381183039138936 ], [ 91.9715003333, 24.3847543782 ], [ 91.983450306400002, 24.3825983409 ], [ 91.996507207263946, 24.393673722526145 ], [ 92.008815772299997, 24.384558102700002 ], [ 92.023166893194002, 24.385903529306503 ], [ 92.040625706499995, 24.3777419794 ], [ 92.093891961300002, 24.3745163195 ], [ 92.102189101324853, 24.382889903673153 ], [ 92.116441789299998, 24.385075693400001 ], [ 92.131340105500001, 24.4062616517 ], [ 92.136805313474213, 24.424947044855532 ], [ 92.148913660399998, 24.423452168499999 ], [ 92.161014365, 24.428891478200001 ], [ 92.162913477700002, 24.444124190099998 ], [ 92.150507567839227, 24.495224502980292 ], [ 92.15497629376847, 24.522962922828103 ], [ 92.169488028526885, 24.531734659131331 ], [ 92.208707307799997, 24.506218305099999 ], [ 92.224802547199999, 24.520074108100001 ], [ 92.231095249099994, 24.534015999299999 ], [ 92.235404236184351, 24.59755004495436 ], [ 92.248564090100004, 24.639715405600001 ], [ 92.247096402862212, 24.654745472984331 ], [ 92.258925076744916, 24.686182890769555 ], [ 92.290796884, 24.730588441599998 ], [ 92.279130393108488, 24.74545634853574 ], [ 92.286200027500001, 24.757790487200001 ], [ 92.281814557624742, 24.775317350015129 ], [ 92.284948500499993, 24.783838642199999 ], [ 92.273135011876846, 24.800195827756728 ], [ 92.272343347399996, 24.8233530117 ], [ 92.265430070400001, 24.829940174 ], [ 92.24908681633687, 24.829764190862864 ], [ 92.241472782852711, 24.842026444550257 ], [ 92.2349458513836, 24.86138871924469 ], [ 92.247015497199996, 24.881324741499999 ], [ 92.232888312023334, 24.900145313851208 ], [ 92.248083480800005, 24.908805228799999 ], [ 92.275469517199994, 24.905126898199999 ], [ 92.299726631300004, 24.9156126677 ], [ 92.314090511299995, 24.897837940199999 ], [ 92.325712195101659, 24.897064785128009 ], [ 92.336002892, 24.8870651342 ], [ 92.347992349819549, 24.891609315754017 ], [ 92.355465222399999, 24.880643405899999 ], [ 92.374388949199997, 24.8742298363 ], [ 92.379487032499995, 24.862298878200001 ], [ 92.393221370600003, 24.850706755499999 ], [ 92.407510715100003, 24.8590982049 ], [ 92.424272371300006, 24.853732550299998 ], [ 92.435352866700001, 24.855837924599999 ], [ 92.445002440486348, 24.872016014616936 ], [ 92.472466400399995, 24.869855624900001 ], [ 92.487296497599999, 24.874388296199999 ], [ 92.491622604300005, 24.881167876399999 ], [ 92.493385179599997, 24.912244621199999 ], [ 92.481980524199997, 24.937465843399998 ], [ 92.474204415200006, 24.941612875299999 ], [ 92.449432317800003, 24.938700177600001 ], [ 92.451694003100002, 24.956509865800001 ], [ 92.448404729299995, 24.963364160099999 ], [ 92.420049154188035, 24.966315842910081 ], [ 92.421626781699999, 24.9825964393 ], [ 92.4163614669, 24.9901648379 ], [ 92.424226943400001, 25.010201175100001 ], [ 92.421619940300005, 25.025487248600001 ], [ 92.390631817599996, 25.039077616 ], [ 92.341486403651203, 25.048541642374413 ], [ 92.338198789537444, 25.051515395011993 ], [ 92.348486810099999, 25.064904831300002 ], [ 92.341636834200003, 25.074969751899999 ], [ 92.327061495699994, 25.0772664088 ], [ 92.319135278401703, 25.069900319266932 ], [ 92.310632482326213, 25.069033122853298 ], [ 92.227490269800001, 25.0937440577 ], [ 92.214884115800004, 25.106491763600001 ], [ 92.196178847627863, 25.108039054348303 ], [ 92.190924651, 25.116990430400001 ], [ 92.135846884335308, 25.138747821630041 ], [ 92.128903859499999, 25.1607796077 ], [ 92.071391647900001, 25.184994547300001 ], [ 92.044646391699999, 25.185300507600001 ], [ 92.026182195372101, 25.179183595255044 ], [ 92.004123503599999, 25.186160595800001 ], [ 91.971674644923837, 25.167592488202011 ], [ 91.962361217199998, 25.176462176899999 ], [ 91.915356889799995, 25.1812400333 ], [ 91.880622246845931, 25.172934484770437 ], [ 91.829449877800002, 25.176890133899999 ], [ 91.775563173435401, 25.163145842272932 ], [ 91.757933648100007, 25.166957245 ], [ 91.745393583799995, 25.152045374699998 ], [ 91.747634858583623, 25.140162676102413 ], [ 91.728090358599999, 25.150757543499999 ], [ 91.710447713, 25.1535367597 ], [ 91.69179390587945, 25.137127996342144 ], [ 91.672208849399993, 25.136429357699999 ], [ 91.665015921377304, 25.128437552796864 ], [ 91.637913221158129, 25.122555480840077 ], [ 91.623202990543632, 25.127889590453435 ], [ 91.617105500500003, 25.1397782178 ], [ 91.603621380099142, 25.140261600643772 ], [ 91.599640900300002, 25.164956051800001 ], [ 91.591968022200007, 25.171555859400002 ], [ 91.581201441199994, 25.170056619899999 ], [ 91.576567631264439, 25.159822196527806 ], [ 91.563241625200007, 25.158319694100001 ], [ 91.557206219908522, 25.149767169158537 ], [ 91.526496604197078, 25.144506883952459 ], [ 91.5111194455, 25.147475272499999 ], [ 91.499595479373767, 25.135424124932786 ], [ 91.471016676199994, 25.1335937214 ], [ 91.464241999778082, 25.134819465581725 ], [ 91.460177335099999, 25.14695819 ], [ 91.44058347227741, 25.149643986814706 ], [ 91.417077668499999, 25.163980327600001 ], [ 91.376156932494439, 25.167982045738317 ], [ 91.3619257318, 25.1740471492 ], [ 91.337347568381659, 25.173513335382012 ], [ 91.316954041200006, 25.1835624952 ], [ 91.286583880278528, 25.185363364592185 ], [ 91.283934885400001, 25.1949420963 ], [ 91.267500420499999, 25.2039843475 ], [ 91.251622939830341, 25.19518571607243 ], [ 91.195566588099993, 25.201770034599999 ], [ 91.126217720527677, 25.194034792547022 ], [ 91.078784136300001, 25.1968313016 ], [ 90.928001689118389, 25.162228631244574 ], [ 90.883800656899993, 25.165835358599999 ], [ 90.861811120414089, 25.157635852038513 ], [ 90.810467150400001, 25.164541250599999 ], [ 90.794703377600001, 25.177720811099999 ], [ 90.777823678, 25.181835194 ], [ 90.767195115600003, 25.179899883499999 ], [ 90.760401661702403, 25.168210699794162 ], [ 90.751862407600001, 25.1674790647 ], [ 90.733271905986342, 25.154922989591007 ], [ 90.715722163099997, 25.164255478299999 ], [ 90.698570266455889, 25.156733334999696 ], [ 90.677327004600002, 25.167155358599999 ], [ 90.666015288497633, 25.165817545384648 ], [ 90.661841017599997, 25.1779766063 ], [ 90.654382412299995, 25.181941439700001 ], [ 90.627044734638417, 25.172229708593576 ], [ 90.597394384400005, 25.175803644599998 ], [ 90.57595727426839, 25.17165127476159 ], [ 90.525729810599998, 25.1736530395 ], [ 90.501553961200003, 25.169615668199999 ], [ 90.441078031752383, 25.144519511776046 ], [ 90.405793339100001, 25.1589761012 ], [ 90.370463379302834, 25.162850560241747 ], [ 90.330206330300001, 25.193102100299999 ], [ 90.310428502853242, 25.188782286494472 ], [ 90.235807067099998, 25.2044459249 ], [ 90.225534732523556, 25.200479706034592 ], [ 90.170899818500004, 25.2229316096 ], [ 90.118114033994217, 25.223469874774043 ], [ 90.074311913673341, 25.24386317868408 ], [ 90.054370853400002, 25.2599689597 ], [ 90.033767609175442, 25.262270676832181 ], [ 90.006210918500003, 25.278105757100001 ], [ 89.98077201447262, 25.280862059595883 ], [ 89.978111808500003, 25.294771106700001 ], [ 89.968956083199998, 25.301750718899999 ], [ 89.956025791200005, 25.301201842699999 ], [ 89.949236695372988, 25.292733575005993 ], [ 89.907731190600003, 25.307603060400002 ], [ 89.876602976520644, 25.28533938870423 ], [ 89.859076828799999, 25.286076174600002 ], [ 89.831583283699999, 25.295869049499998 ], [ 89.841154164900004, 25.315229536099999 ], [ 89.822600479561956, 25.350230709709077 ], [ 89.819608380168361, 25.380473293711795 ], [ 89.832726800155925, 25.438753535527145 ], [ 89.850367474199999, 25.4669552298 ], [ 89.849269498422387, 25.492638864239265 ], [ 89.860639818199999, 25.513994566200001 ], [ 89.851287872552973, 25.538627305354922 ], [ 89.865705693199999, 25.548347462700001 ], [ 89.881821866099997, 25.6252952697 ], [ 89.872737804600007, 25.657181447300001 ], [ 89.846697085693947, 25.695619384262873 ], [ 89.848791095, 25.709003115600002 ], [ 89.834559003717558, 25.716212537238963 ], [ 89.828420041411704, 25.728110948860458 ], [ 89.82696943081443, 25.740352177179748 ], [ 89.839168493800003, 25.7549761334 ], [ 89.840315120699998, 25.766825499799999 ], [ 89.827469059099997, 25.807413244 ], [ 89.816555625118539, 25.814309143940736 ], [ 89.834703626899994, 25.841803759200001 ], [ 89.83258593143826, 25.870602130450283 ], [ 89.875094012900007, 25.920496775699998 ], [ 89.880264228900003, 25.9350412378 ], [ 89.872451031899999, 25.944261557 ], [ 89.842982424599995, 25.9400339693 ], [ 89.825395101038481, 25.94551621157704 ], [ 89.825688317136056, 25.951523018928224 ], [ 89.837764446199998, 25.960968567 ], [ 89.839574176200003, 25.9769063717 ], [ 89.817033179899994, 25.992153140700001 ], [ 89.814878609644367, 25.997861312464646 ], [ 89.820151156400001, 26.0106828628 ], [ 89.812497382700002, 26.025389983899998 ], [ 89.802380838800005, 26.0277616246 ], [ 89.789963019749663, 26.017836923839869 ], [ 89.786019189599998, 26.031653580299999 ], [ 89.773667894021457, 26.037641283321541 ], [ 89.794446037599997, 26.069022441600001 ], [ 89.78133765556359, 26.083450000415784 ], [ 89.779468413700002, 26.101836738599999 ], [ 89.756127331656614, 26.109461168073725 ], [ 89.765510488499999, 26.1307528432 ], [ 89.754045592124811, 26.139404928859033 ], [ 89.748445482600005, 26.1558976516 ], [ 89.714707151599995, 26.157549137499998 ], [ 89.701386677512701, 26.151767360567696 ], [ 89.696084476600006, 26.159004610099998 ], [ 89.681314237099997, 26.163619507100002 ], [ 89.688029888200006, 26.179322215399999 ], [ 89.673483299115077, 26.201432457408348 ], [ 89.6714145774, 26.2165014602 ], [ 89.6484120434, 26.2211768857 ], [ 89.640844699499993, 26.217589131899999 ], [ 89.639874307499994, 26.202047024100001 ], [ 89.658649786736518, 26.176233753915181 ], [ 89.649316099204682, 26.164442207542894 ], [ 89.631149889900001, 26.172142924100001 ], [ 89.622574997699999, 26.170257120199999 ], [ 89.609855753100007, 26.154246584300001 ], [ 89.600024339399994, 26.149884596700002 ], [ 89.597531345199997, 26.142134938 ], [ 89.604794005599999, 26.1283524314 ], [ 89.628163561678591, 26.127091217179874 ], [ 89.629273891099999, 26.1089691335 ], [ 89.639639896629618, 26.090284250256833 ], [ 89.6365609681, 26.0789876509 ], [ 89.650045960900002, 26.063013962 ], [ 89.605045247500001, 26.0487828686 ], [ 89.587261648799995, 26.0309888247 ], [ 89.580400413, 26.017222151599999 ], [ 89.586709551645242, 25.980313212301759 ], [ 89.576949159799995, 25.968761633500002 ], [ 89.555760921200005, 25.965226348400002 ], [ 89.540728498001201, 25.969674085511031 ], [ 89.536043672900007, 25.998241528699999 ], [ 89.529180466499994, 26.004444281800001 ], [ 89.492130096300002, 26.003034484699999 ], [ 89.480351411857512, 25.996083246206194 ], [ 89.461653597188587, 25.998382909733305 ], [ 89.447043622300001, 26.007903660099998 ], [ 89.43046657133506, 26.011307675078712 ], [ 89.426754055905903, 26.015134263280618 ], [ 89.432534124100002, 26.0350343102 ], [ 89.424121666900007, 26.042580812400001 ], [ 89.408975590400004, 26.038030519399999 ], [ 89.394908338199997, 26.021041367199999 ], [ 89.392705822899998, 26.007162277700001 ], [ 89.349066919334248, 26.010363951012256 ], [ 89.334527308871259, 26.020010503969289 ], [ 89.322170821300006, 26.036054113599999 ], [ 89.302953403299995, 26.045805316599999 ], [ 89.275880476176582, 26.049024482406551 ], [ 89.271594222900006, 26.058910599299999 ], [ 89.254418923217145, 26.064127956183892 ], [ 89.256273057399994, 26.0865057651 ], [ 89.247301861300002, 26.102208683400001 ], [ 89.224936919200005, 26.1226555746 ], [ 89.203256048499995, 26.127017436 ], [ 89.192353058178895, 26.123647808123803 ], [ 89.166785206351634, 26.130188467537156 ], [ 89.15531123236245, 26.138725758811887 ], [ 89.1476930802, 26.163871969500001 ], [ 89.134628066675461, 26.181137691998387 ], [ 89.144563190400007, 26.206970039400002 ], [ 89.138964475799995, 26.232076901799999 ], [ 89.119847503306318, 26.252617936305935 ], [ 89.119267831900004, 26.2667640594 ], [ 89.100116951943036, 26.279473517329379 ], [ 89.103488808099996, 26.296698105499999 ], [ 89.099974245799999, 26.315651835200001 ], [ 89.0834965170136, 26.322361608663027 ], [ 89.096133360099998, 26.333473547 ], [ 89.098319024600002, 26.343130799200001 ], [ 89.090939737699998, 26.358655033600002 ], [ 89.079719739947336, 26.362828643592323 ], [ 89.088690423399996, 26.374478458199999 ], [ 89.084452281899999, 26.388859419700001 ], [ 89.046968587400002, 26.399293927199999 ], [ 89.033749003892424, 26.395394749367053 ], [ 89.013244911399994, 26.4119597798 ], [ 88.994047202064621, 26.41282923822757 ], [ 88.983011161235041, 26.421050782189717 ], [ 88.978372421800003, 26.4429289178 ], [ 88.968231231, 26.450926877899999 ], [ 88.953653165700004, 26.445323575700002 ], [ 88.951188342568244, 26.433622118157306 ], [ 88.944755124854382, 26.425601923842681 ], [ 88.933806529500004, 26.421947691100002 ], [ 88.918816378, 26.399063976600001 ], [ 88.917558773699994, 26.384428232299999 ], [ 88.923606150599994, 26.3670226642 ], [ 88.939353754899997, 26.3577551335 ], [ 88.953350603898798, 26.365943363111171 ], [ 88.9635955169, 26.352947779299999 ], [ 88.986853929709881, 26.348634813341729 ], [ 88.991672599, 26.335939189699999 ], [ 89.000956337087985, 26.329741654624666 ], [ 88.997024146699999, 26.3181003137 ], [ 89.001259154600007, 26.306293027399999 ], [ 89.02628820543292, 26.306907990641125 ], [ 89.0231176172, 26.294200935300001 ], [ 89.030655241600002, 26.2857563757 ], [ 89.038752882300003, 26.286782347500001 ], [ 89.046423151391878, 26.295625068976449 ], [ 89.059459047742152, 26.29342103544252 ], [ 89.062675894199998, 26.2540012085 ], [ 89.053687324699993, 26.2505363145 ], [ 89.050678032927536, 26.24166520321571 ], [ 88.992555469300001, 26.2454261094 ], [ 88.957319161263825, 26.240306577584001 ], [ 88.926934255800006, 26.281824631799999 ], [ 88.898152540400005, 26.288524900500001 ], [ 88.874972204499997, 26.285619488 ], [ 88.8651058672, 26.272580561200002 ], [ 88.862301268899998, 26.2558052344 ], [ 88.877683127189087, 26.24218626531707 ], [ 88.877855492988758, 26.23338910450482 ], [ 88.841985415899998, 26.230656570699999 ], [ 88.813580238066493, 26.254591459612087 ], [ 88.810011294399999, 26.276481859 ], [ 88.813306316, 26.294955197499998 ], [ 88.795148506800004, 26.308097287799999 ], [ 88.758572353095147, 26.294770016125426 ], [ 88.728023293, 26.290666073099999 ], [ 88.71710932346798, 26.281095323909184 ], [ 88.702380606899993, 26.283424636100001 ], [ 88.679807030760358, 26.258983967379375 ], [ 88.666237912553356, 26.262667690560669 ], [ 88.666192513948161, 26.289246528038944 ], [ 88.675704166499997, 26.3039128319 ], [ 88.675142130067968, 26.320064199722406 ], [ 88.687334124399996, 26.324331948899999 ], [ 88.696671211099996, 26.337120009500001 ], [ 88.680383745599997, 26.391026655699999 ], [ 88.669983966817469, 26.39761954130125 ], [ 88.668542938100003, 26.405829604600001 ], [ 88.659751584, 26.413605820499999 ], [ 88.646848732246482, 26.41695887760428 ], [ 88.640933414, 26.427906008800001 ], [ 88.623782323404541, 26.434796337408329 ], [ 88.626677669700001, 26.4476226333 ], [ 88.619557120099998, 26.469331970500001 ], [ 88.599863910400003, 26.4687042877 ], [ 88.592945488687604, 26.449824435749726 ], [ 88.577288716400005, 26.456544630500002 ], [ 88.560933941426981, 26.456473987205865 ], [ 88.549119813299995, 26.480814849800002 ], [ 88.526489376661701, 26.481389639438646 ], [ 88.514659126200002, 26.5089550804 ], [ 88.504497544299994, 26.513368407600002 ], [ 88.489765211645476, 26.510374199694237 ], [ 88.477772764199997, 26.542143515199999 ], [ 88.463519993299997, 26.543530761900001 ], [ 88.44826854755928, 26.535298530357579 ], [ 88.436075985535467, 26.54494837447832 ], [ 88.421182096854679, 26.571017783836286 ], [ 88.415979779699995, 26.620251014800001 ], [ 88.408336208600005, 26.626055653200002 ], [ 88.399419962500005, 26.622954498799999 ], [ 88.395499367599996, 26.6134487574 ], [ 88.398548226978534, 26.603760888149768 ], [ 88.377494712399994, 26.593967025800001 ], [ 88.370815627839619, 26.560278617533186 ], [ 88.358205890400001, 26.542490436 ], [ 88.359380885099995, 26.530058782499999 ], [ 88.349470387681805, 26.509114887051663 ], [ 88.332770358399998, 26.493547088900002 ], [ 88.332779413200001, 26.484046963800001 ], [ 88.349255239900003, 26.467569191300001 ], [ 88.359380128400005, 26.4718395881 ], [ 88.360614062057991, 26.484697758253255 ], [ 88.374485809806728, 26.488434073916753 ], [ 88.390680221799997, 26.481125633800001 ], [ 88.405001253028203, 26.48579953359808 ], [ 88.416548168099993, 26.472275005299998 ], [ 88.433401113054387, 26.472447216647662 ], [ 88.440335887800003, 26.466476283 ], [ 88.485229583938604, 26.460248754337023 ], [ 88.511150409799995, 26.395641070899998 ], [ 88.519201705114398, 26.389995121317103 ], [ 88.518824253, 26.3811676873 ], [ 88.524821425799999, 26.374582877800002 ], [ 88.523286276323603, 26.360677918987392 ], [ 88.51853743793481, 26.351612550651982 ], [ 88.488464533577385, 26.348840682998656 ], [ 88.456960472299997, 26.3628779911 ], [ 88.448285037, 26.362036161599999 ], [ 88.435568569368385, 26.335775293556789 ], [ 88.417516294799995, 26.330725339600001 ], [ 88.414933638713777, 26.314836569746724 ], [ 88.402327168900001, 26.316574096899998 ], [ 88.387395837100001, 26.311809579399998 ], [ 88.353610392500002, 26.2836436708 ], [ 88.350142296800001, 26.2547943651 ], [ 88.359642343726676, 26.242195351333333 ], [ 88.350320726343071, 26.220292976443645 ], [ 88.334965557299995, 26.2162712075 ], [ 88.324419114370315, 26.204634570672003 ], [ 88.288829697400004, 26.197834755199999 ], [ 88.276229420384382, 26.188547043934687 ], [ 88.243267168599999, 26.1854561655 ], [ 88.226929780922674, 26.168400034282318 ], [ 88.181529326499998, 26.1491489195 ], [ 88.178381097716439, 26.123561161089462 ], [ 88.162439954899995, 26.095776380499998 ], [ 88.172304279100004, 26.077777897800001 ], [ 88.183475442100004, 26.072466701500002 ], [ 88.185804684682083, 26.063981889682683 ], [ 88.178775258499996, 26.0558048296 ], [ 88.176098980899994, 26.0390271825 ], [ 88.183195518580447, 26.026781865149584 ], [ 88.178314520150579, 26.021454211134792 ], [ 88.149298458700002, 26.015830588699998 ], [ 88.143687780748365, 26.000371786167445 ], [ 88.129491809100003, 25.984666854499999 ], [ 88.119709076899994, 25.959076706899999 ], [ 88.122362259585202, 25.948376538626313 ], [ 88.111448901306503, 25.933256577803586 ], [ 88.097207625400003, 25.932855275200001 ], [ 88.089832283, 25.922649482200001 ], [ 88.093775743899997, 25.8994675593 ], [ 88.103002310158075, 25.889250565161788 ], [ 88.100118488700005, 25.875342828400001 ], [ 88.110427973101139, 25.8684010861048 ], [ 88.113859038169309, 25.854500259463045 ], [ 88.108030579499996, 25.844057703099999 ], [ 88.10736829, 25.826205076899999 ], [ 88.120098301891431, 25.812429902623318 ], [ 88.122791632, 25.80018004 ], [ 88.138550049915906, 25.796721317318713 ], [ 88.152545988400007, 25.786151138400001 ], [ 88.171808070799997, 25.790042808 ], [ 88.183776941846318, 25.80167760014502 ], [ 88.192572380100003, 25.801932130400001 ], [ 88.2042504697, 25.793726054699999 ], [ 88.215678496611361, 25.80141442211637 ], [ 88.226536716599995, 25.799890119400001 ], [ 88.236162160680294, 25.809378542852279 ], [ 88.248646382547079, 25.813387566695596 ], [ 88.259656165787632, 25.813813600325414 ], [ 88.269537471380289, 25.808170059127562 ], [ 88.274458242099996, 25.778268134899999 ], [ 88.290828146573645, 25.773755996153227 ], [ 88.294315362199995, 25.766789278600001 ], [ 88.317158100703395, 25.752516075391391 ], [ 88.324261659, 25.741453291799999 ], [ 88.358633520500007, 25.728166211200001 ], [ 88.363066715, 25.7206973254 ], [ 88.374243800694529, 25.717057109128273 ], [ 88.375643823900006, 25.7008902691 ], [ 88.405171685442482, 25.684213279144618 ], [ 88.408882905599995, 25.671895381599999 ], [ 88.453809440895128, 25.66492400261917 ], [ 88.455791702849353, 25.628579804986977 ], [ 88.447119818900006, 25.614026413400001 ], [ 88.450777105100002, 25.602877203599999 ], [ 88.473661707299996, 25.585972486599999 ], [ 88.499902640278009, 25.583939548820233 ], [ 88.496075523100004, 25.5648325533 ], [ 88.501487274900001, 25.5518535376 ], [ 88.533083793800031, 25.542088030568106 ], [ 88.543248465600001, 25.523805444600001 ], [ 88.55491907848085, 25.520873260577297 ], [ 88.560455841099994, 25.514305954099999 ], [ 88.593630546699998, 25.509141617400001 ], [ 88.609076322038391, 25.516289657773285 ], [ 88.623898537800002, 25.499582205700001 ], [ 88.647915110087425, 25.496775546333666 ], [ 88.650646786, 25.485254455300002 ], [ 88.666173992599994, 25.475978714499998 ], [ 88.694709163100001, 25.474084531700001 ], [ 88.707709378399997, 25.4815660778 ], [ 88.70752981473953, 25.499859214732467 ], [ 88.755129503399999, 25.504100730299999 ], [ 88.758698686031593, 25.525233613432952 ], [ 88.780187835, 25.517469761400001 ], [ 88.81071138351264, 25.523035834054529 ], [ 88.811923698599998, 25.494713174699999 ], [ 88.818783548400006, 25.489308749500001 ], [ 88.829648642782104, 25.490242895306562 ], [ 88.837628869699998, 25.471556149800001 ], [ 88.839315869158099, 25.458154006621747 ], [ 88.830410889500001, 25.445436569799998 ], [ 88.834528195855384, 25.428758087210987 ], [ 88.828509873200005, 25.4113496015 ], [ 88.840844067834283, 25.39762765128113 ], [ 88.841490335399996, 25.366754997600001 ], [ 88.868908633721418, 25.352198111673928 ], [ 88.870231582399995, 25.3423336271 ], [ 88.877620606899995, 25.3361083948 ], [ 88.906287574856847, 25.337678633528775 ], [ 88.912786879799995, 25.3174735662 ], [ 88.920398647799999, 25.313933210399998 ], [ 88.927933116164837, 25.317111593111335 ], [ 88.9364902083, 25.302735091 ], [ 88.985304693929905, 25.305928294883355 ], [ 88.996338976199993, 25.296927792599998 ], [ 89.008894192370647, 25.303054244938441 ], [ 89.007892242400004, 25.2649062377 ], [ 88.989007808400004, 25.270066827600001 ], [ 88.956117693600007, 25.251737440500001 ], [ 88.9532769538, 25.231055347400002 ], [ 88.961687714586333, 25.208878608658271 ], [ 88.948007467599993, 25.200821525799999 ], [ 88.948779355157384, 25.176602290224103 ], [ 88.930505202600003, 25.175242766499998 ], [ 88.923067299006547, 25.164921981541752 ], [ 88.912361273541492, 25.167984792286838 ], [ 88.905047055099999, 25.178433029 ], [ 88.875273744518964, 25.179354451582554 ], [ 88.860695980200006, 25.197413492700001 ], [ 88.841610732199996, 25.207053461600001 ], [ 88.8319628741, 25.203379183300001 ], [ 88.82739798488187, 25.192165726928707 ], [ 88.815713055200007, 25.183939269900002 ], [ 88.81338326219398, 25.174281767334215 ], [ 88.80564761481601, 25.17045607038466 ], [ 88.763041226400006, 25.183843703200001 ], [ 88.748944328498027, 25.176918540212512 ], [ 88.729892689799996, 25.196874575900001 ], [ 88.705902393299993, 25.2075266101 ], [ 88.683815003800007, 25.207001032400001 ], [ 88.67271498246339, 25.198345771339721 ], [ 88.644028688700004, 25.204947928799999 ], [ 88.6191281463, 25.203899464300001 ], [ 88.579630258866075, 25.176830753654176 ], [ 88.565577968492534, 25.175099676056686 ], [ 88.555770057561318, 25.17897724301077 ], [ 88.549966391699996, 25.189530249400001 ], [ 88.53383866145613, 25.187576319221883 ], [ 88.527630895599998, 25.198973432599999 ], [ 88.500055726699998, 25.203450138299999 ], [ 88.491804589899999, 25.210480861600001 ], [ 88.476414340100007, 25.209297199 ], [ 88.471768567958179, 25.197455035564953 ], [ 88.447832998, 25.195271381200001 ], [ 88.443352529199998, 25.184118128400002 ], [ 88.459738853504007, 25.160829308676306 ], [ 88.461390514945649, 25.149385757481163 ], [ 88.458647969960509, 25.135577816464117 ], [ 88.443845224900002, 25.122566744099998 ], [ 88.447790113400004, 25.109626594 ], [ 88.445001838600007, 25.098319267200001 ], [ 88.452855538002311, 25.079298785801992 ], [ 88.436683797900002, 25.051627386 ], [ 88.439857589900001, 25.0445670814 ], [ 88.45266093731955, 25.036986541794239 ], [ 88.436764935242792, 25.006686048704129 ], [ 88.425190853900006, 25.005130800900002 ], [ 88.417095939399999, 24.9960350753 ], [ 88.41719639505213, 24.974167380215306 ], [ 88.400046126899994, 24.9672861928 ], [ 88.398827668693798, 24.945329206357417 ], [ 88.381609899228025, 24.939145216122924 ], [ 88.361574689500003, 24.945781115199999 ], [ 88.343558496599996, 24.9391679077 ], [ 88.332302281899999, 24.910161372499999 ], [ 88.346995345368001, 24.892436129833062 ], [ 88.330781757273314, 24.870156616365389 ], [ 88.314606086799998, 24.8784222086 ], [ 88.302193536199994, 24.871768826299999 ], [ 88.295072196299998, 24.884657752599999 ], [ 88.280998178499999, 24.888149779900001 ], [ 88.270960797599997, 24.8859273586 ], [ 88.265769004725968, 24.877141243177164 ], [ 88.258280267275524, 24.87756109014633 ], [ 88.26446005, 24.898598606299998 ], [ 88.260524013899996, 24.9190144869 ], [ 88.250607622499999, 24.934797429500001 ], [ 88.224867412099996, 24.959320139300001 ], [ 88.182591951199996, 24.951049171899999 ], [ 88.167408129799995, 24.944517623399999 ], [ 88.157508250447449, 24.933527860083593 ], [ 88.143698405, 24.930625166599999 ], [ 88.140395077500003, 24.918270743699999 ], [ 88.169328396545311, 24.892447330062954 ], [ 88.162831323500001, 24.871262551499999 ], [ 88.175004448515764, 24.86015839856146 ], [ 88.167312161500007, 24.8574991023 ], [ 88.164027015319817, 24.849960320000726 ], [ 88.149948366800004, 24.8471277079 ], [ 88.136039542099994, 24.830964117099999 ], [ 88.136271184241394, 24.805281848457565 ], [ 88.130787533457237, 24.804958413633905 ], [ 88.121957505899999, 24.815716207099999 ], [ 88.111416074, 24.812464481900001 ], [ 88.105402108099995, 24.799481182499999 ], [ 88.106085995923664, 24.779580143609277 ], [ 88.084510268100004, 24.777286383700002 ], [ 88.070323437499994, 24.7549335 ], [ 88.072486639817257, 24.743641085516533 ], [ 88.062833161432465, 24.721603724649484 ], [ 88.015189908599993, 24.676192390699999 ], [ 88.012513348400006, 24.668094615600001 ], [ 88.027754198099998, 24.650398317 ], [ 88.041165650678067, 24.64330646327155 ], [ 88.096561041100003, 24.556970288 ], [ 88.140490208200006, 24.5116088714 ], [ 88.173542088497356, 24.493038686153501 ], [ 88.197996312800001, 24.4628780705 ], [ 88.272176046400006, 24.4403864951 ], [ 88.286402028300003, 24.4209410148 ], [ 88.334187219, 24.381286190800001 ], [ 88.356626732199999, 24.373692702900001 ], [ 88.388888161599994, 24.371972496200002 ], [ 88.425111542300002, 24.383212972900001 ], [ 88.446178393300002, 24.3786593357 ], [ 88.483430516499993, 24.357159353699998 ], [ 88.496001473127421, 24.354420265336785 ], [ 88.508176129, 24.343170801700001 ], [ 88.527112931324979, 24.344364918615526 ], [ 88.544747597799997, 24.312242370100002 ], [ 88.551233475, 24.308057150500002 ], [ 88.560261281099997, 24.311033652799999 ], [ 88.567696085768489, 24.326641301154158 ], [ 88.587177818771551, 24.324044107751927 ], [ 88.5954930682, 24.312019785 ], [ 88.623556997108935, 24.315663300402214 ], [ 88.635413222500006, 24.307549466400001 ], [ 88.658993953368039, 24.314378116291017 ], [ 88.696584514620994, 24.315340898114815 ], [ 88.724764962233309, 24.297777351137345 ], [ 88.735424616764519, 24.276490617633051 ], [ 88.740948919947442, 24.253917899165863 ], [ 88.731472040699998, 24.174759981400001 ], [ 88.746474621310114, 24.147067395654236 ], [ 88.703140348900007, 24.1164148501 ], [ 88.700889661700003, 24.097753453500001 ], [ 88.704796672100002, 24.0889630912 ], [ 88.740678542599994, 24.058796500900002 ], [ 88.741782068600003, 24.0358172599 ], [ 88.757478512379109, 24.032089883450944 ], [ 88.748072422, 24.0141172469 ], [ 88.762047453703232, 24.004264453780554 ], [ 88.768980471099994, 23.9823328696 ], [ 88.745596023399997, 23.985237436199998 ], [ 88.737930211099993, 23.980053455499998 ], [ 88.735796311800001, 23.9609235611 ], [ 88.742475473269309, 23.951029574544279 ], [ 88.743412655692524, 23.93017048415566 ], [ 88.736091063, 23.924252425 ], [ 88.733394219546142, 23.910985492892848 ], [ 88.716157387, 23.914016335100001 ], [ 88.707653577399995, 23.9088945572 ], [ 88.704333081750065, 23.899188140065299 ], [ 88.689986525099997, 23.898546148299999 ], [ 88.669070933599997, 23.8803508148 ], [ 88.667572930486969, 23.869457578204987 ], [ 88.627427280299997, 23.864892873100001 ], [ 88.616640548299998, 23.8686635886 ], [ 88.592621281199996, 23.8594349366 ], [ 88.587181957799999, 23.832450271799999 ], [ 88.602086248700004, 23.816879308299999 ], [ 88.592600682899999, 23.7985492896 ], [ 88.577227235600006, 23.783802028099998 ], [ 88.580775773599996, 23.7603425008 ], [ 88.573329158, 23.746736538499999 ], [ 88.576589910725247, 23.732970990085551 ], [ 88.566019573600002, 23.708993648 ], [ 88.573816466536755, 23.667007611844397 ], [ 88.562803784600007, 23.647388432 ], [ 88.570829860200007, 23.638613831 ], [ 88.593752273945015, 23.64080379133614 ], [ 88.594942234499996, 23.6153626559 ], [ 88.611989742800006, 23.603996687799999 ], [ 88.645524209978078, 23.609273779897734 ], [ 88.642285211399994, 23.595473637600001 ], [ 88.650731357500007, 23.5849728793 ], [ 88.6573246584, 23.555319114100001 ], [ 88.665030989200005, 23.5484937174 ], [ 88.678144126417038, 23.545979777026094 ], [ 88.700676487300001, 23.518999254800001 ], [ 88.713149917400003, 23.5117970513 ], [ 88.724649497224888, 23.512228446677092 ], [ 88.732896485099999, 23.495492652700001 ], [ 88.744093960300006, 23.485882417199999 ], [ 88.765846369499997, 23.490809774300001 ], [ 88.786198818, 23.5072848746 ], [ 88.800773902474958, 23.497122461687692 ], [ 88.801401914094413, 23.485814231845836 ], [ 88.790423096699996, 23.469417494 ], [ 88.795306836194783, 23.443033713783141 ], [ 88.782790963489305, 23.437221835582314 ], [ 88.7665097549, 23.4379462588 ], [ 88.758271246800007, 23.420478102099999 ], [ 88.761217391958994, 23.408422652038418 ], [ 88.754257275900002, 23.395747620800002 ], [ 88.762881296336602, 23.387201847307768 ], [ 88.761008105299993, 23.3772157786 ], [ 88.765526732699996, 23.368531121899998 ], [ 88.749186982599994, 23.3564809776 ], [ 88.737870564100007, 23.340596487300001 ], [ 88.738753529, 23.332037106400001 ], [ 88.749654700400725, 23.321468502249985 ], [ 88.745389581664341, 23.308037083920997 ], [ 88.730980499300003, 23.304122449600001 ], [ 88.712037561299994, 23.290278430400001 ], [ 88.713782155600001, 23.2779707095 ], [ 88.724397685117054, 23.271617067916072 ], [ 88.723620676899998, 23.254799162800001 ], [ 88.750056176300006, 23.242844386800002 ], [ 88.769530538250592, 23.244833451682496 ], [ 88.778004456933047, 23.236236533427224 ], [ 88.7804260204, 23.2253430642 ], [ 88.792561628100003, 23.220144938 ], [ 88.805268778699997, 23.2251079091 ], [ 88.811462247600005, 23.2560764489 ], [ 88.845602325399994, 23.234485770199999 ], [ 88.883229304599993, 23.230535794200001 ], [ 88.910971553630503, 23.234485920135551 ], [ 88.918451902699999, 23.2207495239 ], [ 88.9404507956, 23.207235042600001 ], [ 88.975932367400006, 23.224423110099998 ], [ 88.995710786927788, 23.214696220657917 ], [ 88.982989606199993, 23.196518919799999 ], [ 88.980373088386884, 23.182558724433754 ], [ 88.964733550899993, 23.188375364300001 ], [ 88.9390493959, 23.173846405300001 ], [ 88.930833454689321, 23.14320098774057 ], [ 88.922224521900006, 23.139751721500001 ], [ 88.917885845597951, 23.129091639502835 ], [ 88.908328023699994, 23.1260364004 ], [ 88.899862632081366, 23.111927284619842 ], [ 88.875560812700002, 23.0988681997 ], [ 88.8665936198, 23.076379501800002 ], [ 88.874138236737124, 23.065779376918762 ], [ 88.876213737499995, 23.045823002399999 ], [ 88.884489672782976, 23.036994804368373 ], [ 88.876505214600002, 23.018250659300001 ], [ 88.879317519280491, 23.005085992070995 ], [ 88.868700971400003, 23.001956099699999 ], [ 88.864122954899997, 22.994795482600001 ], [ 88.870902825708086, 22.978393530772099 ], [ 88.858121824400001, 22.969856350400001 ], [ 88.855240883, 22.9598505921 ], [ 88.862967199, 22.950827777800001 ], [ 88.894256984623908, 22.951990977166382 ], [ 88.897598301900004, 22.9282097 ], [ 88.913927558500006, 22.918390858399999 ], [ 88.905359235899994, 22.9018928831 ], [ 88.909657318800001, 22.8840129803 ], [ 88.931150791600004, 22.8742549422 ], [ 88.947650315530851, 22.879179307330674 ], [ 88.968451464226703, 22.84503868857249 ], [ 88.958430319828111, 22.794215859078015 ], [ 88.938684469099996, 22.786146733700001 ], [ 88.919236351600006, 22.760249109 ], [ 88.922129694700004, 22.733179930399999 ], [ 88.939894508, 22.707954851899999 ], [ 88.959329106300004, 22.690474572799999 ], [ 88.947269002149923, 22.659856732244048 ], [ 88.930446820100002, 22.641963663399999 ], [ 88.931019376099997, 22.627459806800001 ], [ 88.937731412600002, 22.619421211700001 ], [ 88.958031654300001, 22.616131068600001 ], [ 88.957286430500005, 22.609998346400001 ], [ 88.936402256199997, 22.592536209 ], [ 88.935796932399995, 22.561612799500001 ], [ 88.941455980499995, 22.554654985399999 ], [ 88.959844939899995, 22.548804765700002 ], [ 88.978684626100005, 22.482169685900001 ], [ 88.995265153948949, 22.46694258232937 ], [ 88.988577171299994, 22.4434424773 ], [ 88.998599640375062, 22.42972477686223 ], [ 88.975412456599997, 22.408156090599999 ], [ 88.989119272821668, 22.390938503905097 ], [ 88.98278336, 22.375957701800001 ], [ 88.988568340612602, 22.363874499497804 ], [ 88.983950337099998, 22.330644115 ], [ 88.989348496299996, 22.323100352200001 ], [ 88.999996149341456, 22.323324025565682 ], [ 89.023319952700007, 22.297244262700001 ], [ 89.001578224499994, 22.297285584099999 ], [ 88.996792027300003, 22.284473308599999 ], [ 89.017495964399998, 22.268576470500001 ], [ 89.021922929499993, 22.2593970066 ], [ 89.032385494866205, 22.257290172804737 ], [ 89.0369538769, 22.2269159604 ], [ 89.067075299, 22.197990032300002 ], [ 89.069111912422514, 22.189936144506603 ], [ 89.060829162600001, 22.168260920600002 ], [ 89.067987202599994, 22.149043980799998 ], [ 89.078246676800006, 22.145435937599999 ], [ 89.092159030199994, 22.157570849199999 ], [ 89.096321002720956, 22.154735271865501 ], [ 89.090459472262381, 22.14582373210612 ], [ 89.066026882815933, 22.130390977551691 ], [ 89.049372113399997, 22.1276195702 ], [ 89.036435104600002, 22.111492646799999 ], [ 89.032148513799996, 22.095128963099999 ], [ 89.038829779500006, 22.052683619700002 ], [ 89.071687254873154, 22.008098340383601 ], [ 89.077437930575954, 21.990380789938452 ], [ 89.068183871599999, 21.946023111399999 ], [ 89.060145545177093, 21.932131519671476 ], [ 89.025258452599999, 21.924348489700002 ], [ 89.01549026921991, 21.903426110580845 ], [ 88.999667828300005, 21.901953541699999 ], [ 88.9941948604, 21.8931311851 ], [ 88.997851321100001, 21.885305908700001 ], [ 89.030946862886367, 21.862778265803559 ], [ 89.029749859199995, 21.832768483399999 ], [ 89.017532326400001, 21.8144525875 ], [ 89.014376861499997, 21.797732516699998 ], [ 89.018411717800006, 21.773449640700001 ], [ 89.030560371500002, 21.750522022399998 ], [ 89.059201736090046, 21.726796721338808 ], [ 89.0718213854, 21.691581830499999 ], [ 89.092321041847327, 21.665715407251604 ], [ 89.092847304625451, 21.636936954639705 ], [ 89.067966580911829, 21.620380272934622 ], [ 89.043090000600003, 21.619025006299999 ], [ 89.028758167945284, 21.604832563217421 ], [ 89.009997941745837, 21.601831684946571 ], [ 89.000003000425252, 21.601684059215675 ], [ 88.990652535400002, 21.612776629100001 ], [ 88.955931922481881, 21.617574878874386 ], [ 88.954527202, 21.625777984500001 ], [ 88.937192080499997, 21.644123008400001 ], [ 88.928574241199996, 21.643395073699999 ], [ 88.918881538905353, 21.63238066451115 ], [ 88.903273386699993, 21.648689200900002 ], [ 88.892783791045289, 21.649454367602782 ], [ 88.8855558777, 21.661712762800001 ], [ 88.884206573100002, 21.676530576400001 ], [ 88.871402298500001, 21.705002868299999 ], [ 88.880506909700003, 21.745956883 ], [ 88.869070062899993, 21.7545901302 ], [ 88.851295205900001, 21.7408427421 ], [ 88.840212597, 21.714985237800001 ], [ 88.842159529400007, 21.683532839 ], [ 88.860529502199995, 21.639419044099999 ], [ 88.837912613, 21.6087531939 ], [ 88.843589103, 21.601081452100001 ], [ 88.870273589337188, 21.595545704509966 ], [ 88.892494553168632, 21.579437021459327 ], [ 88.903598864967051, 21.555839187379775 ], [ 88.89221779057452, 21.549732634430004 ], [ 88.853891195490178, 21.550012911931933 ], [ 88.835976212121651, 21.559860185249395 ], [ 88.828330993700007, 21.577191131399999 ], [ 88.835633976699995, 21.6176339893 ], [ 88.812499454499999, 21.632309427700001 ], [ 88.810525871799996, 21.649743472299999 ], [ 88.802604729099997, 21.656121294399998 ], [ 88.7794779659, 21.656061300099999 ], [ 88.771316302100004, 21.632790520299999 ], [ 88.774894355900003, 21.619388613400002 ], [ 88.797771246389104, 21.593605974657326 ], [ 88.789993521889471, 21.581953364542354 ], [ 88.735697058869462, 21.57167787509055 ], [ 88.714309577607892, 21.578468247212996 ], [ 88.707221539992787, 21.595071552609255 ], [ 88.719560415700002, 21.642014039500001 ], [ 88.687055734629396, 21.683333516396498 ], [ 88.701906860199998, 21.720822234 ], [ 88.695568934304816, 21.750007688352881 ], [ 88.711573669900005, 21.788426682699999 ], [ 88.710508825700003, 21.806459733200001 ], [ 88.695843873531373, 21.841110760858992 ], [ 88.723522658299999, 21.93493556 ], [ 88.725722365895905, 21.97881117345505 ], [ 88.738917552499998, 21.982953524500001 ], [ 88.763044926899994, 22.0190260191 ], [ 88.752128241299999, 22.0504494696 ], [ 88.739346020400006, 22.054049690399999 ], [ 88.733230324100006, 22.0381550468 ], [ 88.739664770299996, 22.017702217699998 ], [ 88.718461321, 22.003689715099998 ], [ 88.702885549800001, 21.9859907401 ], [ 88.694358453800007, 21.971878661600002 ], [ 88.693603616897121, 21.959941931213177 ], [ 88.668174576199092, 21.952396817938691 ], [ 88.633468706900004, 21.951571562800002 ], [ 88.628336815599994, 21.967177528 ], [ 88.634311982599996, 21.9948268445 ], [ 88.662817246499998, 22.028916772399999 ], [ 88.66143752, 22.051846731 ], [ 88.652616581199993, 22.080266919700001 ], [ 88.633165396799996, 22.098064577900001 ], [ 88.626136715399994, 22.094885703799999 ], [ 88.623438569399994, 22.087081814299999 ], [ 88.636618330763298, 22.044782409654992 ], [ 88.6148683296, 22.0177492553 ], [ 88.599144928699999, 21.975997286599998 ], [ 88.599686922199993, 21.9627175195 ], [ 88.614685626303199, 21.934392491544475 ], [ 88.606704939726328, 21.912804674098432 ], [ 88.581920319299996, 21.8923050388 ], [ 88.579730688300003, 21.882395947799999 ], [ 88.590106063500002, 21.871288874299999 ], [ 88.600355267200001, 21.8722809924 ], [ 88.637227722637348, 21.921379087850063 ], [ 88.667491281288605, 21.9116724839242 ], [ 88.653413761600007, 21.879921707 ], [ 88.643046857269354, 21.788895799620224 ], [ 88.628692302900006, 21.785034266 ], [ 88.623264546100003, 21.778417377 ], [ 88.630828388200001, 21.7430585042 ], [ 88.627765392122015, 21.732502981725293 ], [ 88.611099094300002, 21.709449726500001 ], [ 88.597316263099998, 21.709720538199999 ], [ 88.590707732300004, 21.702760290499999 ], [ 88.591914571100006, 21.694847981300001 ], [ 88.606325144778452, 21.679977005376205 ], [ 88.593696730700003, 21.655151420500001 ], [ 88.605700721311067, 21.624400650544064 ], [ 88.587633048100002, 21.6139100607 ], [ 88.586539843300002, 21.5884058663 ], [ 88.575538287413195, 21.574181322836644 ], [ 88.549999301856403, 21.56362226924551 ], [ 88.53577716, 21.564713276199999 ], [ 88.529813921100001, 21.555215262899999 ], [ 88.532495856188788, 21.543891303894899 ], [ 88.526091046769409, 21.541122435669212 ], [ 88.506116503056859, 21.541122340161881 ], [ 88.481448904192504, 21.555387553221255 ], [ 88.486119655797424, 21.588328284983895 ], [ 88.49333907427318, 21.598323669496317 ], [ 88.510222805599994, 21.603758762799998 ], [ 88.520492065200003, 21.623317491400002 ], [ 88.520400117500003, 21.644268451199999 ], [ 88.531845701899996, 21.6680541922 ], [ 88.517834012194271, 21.708032546253989 ], [ 88.515513605199999, 21.728923683 ], [ 88.504390066176313, 21.75076477375471 ], [ 88.501028186414871, 21.781833016143047 ], [ 88.506121684568313, 21.788321778559975 ], [ 88.516282724299998, 21.7901696375 ], [ 88.5430167138, 21.816837319099999 ], [ 88.531586318600006, 21.832006861499998 ], [ 88.511205609424493, 21.831215854997332 ], [ 88.511270233700003, 21.849347935699999 ], [ 88.501750165600001, 21.859100379800001 ], [ 88.492314592100001, 21.854693292899999 ], [ 88.489160557600002, 21.8387149084 ], [ 88.499090976188128, 21.824225780809606 ], [ 88.50025553418736, 21.812504732827673 ], [ 88.475759678800003, 21.7924375216 ], [ 88.467204733189405, 21.737223689188646 ], [ 88.456890531799999, 21.7197982685 ], [ 88.456538666200004, 21.707131045699999 ], [ 88.470722014684867, 21.673843509703737 ], [ 88.453876731424401, 21.624172368246771 ], [ 88.442492357555309, 21.615011590555582 ], [ 88.43291912, 21.6216099502 ], [ 88.412666135099997, 21.6180872443 ], [ 88.407474071899756, 21.599518455722393 ], [ 88.401942781054757, 21.595568110852959 ], [ 88.387457670900005, 21.611227982399999 ], [ 88.388606025399994, 21.621218823700001 ], [ 88.383318725099997, 21.631427885699999 ], [ 88.386712103400001, 21.648907790900001 ], [ 88.378908454099999, 21.682160867699999 ], [ 88.370239043, 21.687915740800001 ], [ 88.351921018699997, 21.680342896300001 ], [ 88.348394115299996, 21.659351495700001 ], [ 88.358057636591752, 21.647223916699083 ], [ 88.338378202023691, 21.621799677213396 ], [ 88.315272103950676, 21.608067087485779 ], [ 88.300430998, 21.616503452100002 ], [ 88.290534817600005, 21.611671165499999 ], [ 88.290486603600002, 21.5988744291 ], [ 88.306107886800007, 21.583088770100002 ], [ 88.291659214619358, 21.563064970807261 ], [ 88.270319900600001, 21.557779312099999 ], [ 88.251668627281461, 21.562230985182641 ], [ 88.24056599840128, 21.573595846369379 ], [ 88.245073878599996, 21.590508431 ], [ 88.233489748099998, 21.6073646589 ], [ 88.222431109499993, 21.611343005799998 ], [ 88.213879253095214, 21.60195172761788 ], [ 88.209056714300004, 21.602612461300001 ], [ 88.194706109651676, 21.632701073312735 ], [ 88.181406526, 21.6861116597 ], [ 88.188342130257098, 21.708054912446297 ], [ 88.195450857, 21.715985682300001 ], [ 88.195995048064134, 21.730307200949539 ], [ 88.214300520699993, 21.744499373499998 ], [ 88.210882176300004, 21.757252168299999 ], [ 88.196388422168781, 21.757512248302227 ], [ 88.193897818421689, 21.763327436501832 ], [ 88.199177186540354, 21.769158959651513 ], [ 88.2119803529, 21.765993593200001 ], [ 88.218009301600006, 21.774199958400001 ], [ 88.201933408200006, 21.816386201899999 ], [ 88.194238591900003, 21.822185403500001 ], [ 88.178142756699998, 21.818627899500001 ], [ 88.172716145500004, 21.812027336100002 ], [ 88.1746167071, 21.800464209800001 ], [ 88.185267412187699, 21.789443340431713 ], [ 88.170293637499995, 21.778116142599998 ], [ 88.170581735300004, 21.741980120400001 ], [ 88.154264715699995, 21.694484771500001 ], [ 88.154986911157522, 21.651111447621751 ], [ 88.143314037002654, 21.633614634727106 ], [ 88.109170713423438, 21.625845175928166 ], [ 88.070561567886472, 21.633901914317622 ], [ 88.041669512858434, 21.649177208782167 ], [ 88.036666870100007, 21.674757814399999 ], [ 88.044237823671821, 21.717689165519015 ], [ 88.063769492600002, 21.740542976099999 ], [ 88.072865065, 21.780176049 ], [ 88.122082653, 21.8658278234 ], [ 88.13616832284329, 21.877100557371367 ], [ 88.153556926899995, 21.8361625161 ], [ 88.164892662300005, 21.8223568694 ], [ 88.174465843799993, 21.822365101599999 ], [ 88.186211145499996, 21.8333505385 ], [ 88.163342768743689, 21.879445388563092 ], [ 88.170890106300007, 21.908196205500001 ], [ 88.160913350768624, 21.922389800888823 ], [ 88.162044047099997, 21.941826612100002 ], [ 88.153639914699994, 21.9589619413 ], [ 88.17775708, 21.981289955499999 ], [ 88.208332606, 22.023863590800001 ], [ 88.2219481331, 22.0671791744 ], [ 88.223811228100004, 22.0909118519 ], [ 88.202130784700003, 22.1677784002 ], [ 88.181824067600004, 22.190919012599998 ], [ 88.143550149899994, 22.200483627899999 ], [ 88.135496875900003, 22.1958638409 ], [ 88.135130238, 22.1857421986 ], [ 88.193599276869733, 22.110833966871425 ], [ 88.187221602759294, 22.096396535691586 ], [ 88.16443616, 22.0713977588 ], [ 88.100887473300006, 22.031708343199998 ], [ 88.100095205800002, 22.022163678799998 ], [ 88.107691381600006, 22.016330461799999 ], [ 88.141386498127133, 22.026375060214455 ], [ 88.144706803373211, 22.023894811924006 ], [ 88.087491025478343, 21.932785591271532 ], [ 88.056650970112031, 21.913071741770068 ], [ 88.046124097900048, 21.91306481896757 ], [ 88.056304162399996, 21.960136387799999 ], [ 88.078299572, 22.003298409599999 ], [ 88.072680816599998, 22.0138191771 ], [ 88.057822909199999, 22.012530165600001 ], [ 88.036883942, 21.982650215 ], [ 88.007488174832829, 21.911395087849588 ], [ 87.976102216459722, 21.851117252252052 ], [ 87.945553517799993, 21.825557763399999 ], [ 87.928879469942302, 21.800289144224237 ], [ 87.9023113091, 21.793665711599999 ], [ 87.871661302924295, 21.759463652459672 ], [ 87.8629666394, 21.7582318503 ], [ 87.828998313699998, 21.7315188229 ], [ 87.80443681994474, 21.702510433967891 ], [ 87.788328347909712, 21.694732989431927 ], [ 87.75694037, 21.6957254155 ], [ 87.739716727193567, 21.678343975376023 ], [ 87.682568413170685, 21.655301624319449 ], [ 87.553119162900003, 21.633684745699998 ], [ 87.445885324499997, 21.596408804799999 ], [ 87.428373762500001, 21.579721708699999 ], [ 87.412713557102293, 21.550628769256342 ], [ 87.399700940739919, 21.549688521775437 ], [ 87.392617935499999, 21.5560828759 ], [ 87.378077814600005, 21.558976795300001 ], [ 87.360374235099997, 21.554389323599999 ], [ 87.258569391799995, 21.554380042399998 ], [ 87.198186757399995, 21.5430346863 ], [ 87.116501612, 21.5095705522 ], [ 87.089056207175702, 21.477836771499742 ], [ 87.059558185399993, 21.466924493099999 ], [ 87.032812235, 21.443605649199998 ], [ 87.024851220299993, 21.4308373665 ], [ 87.011602142300006, 21.422502679400001 ], [ 86.944589200699994, 21.355262245700001 ], [ 86.887576112800005, 21.258876847300002 ], [ 86.866648569600002, 21.232642279099998 ], [ 86.859498855499993, 21.2136937398 ], [ 86.861237068600005, 21.203374033900001 ], [ 86.846635900799996, 21.173843268399999 ], [ 86.846901795600004, 21.122250877900001 ], [ 86.855817177600002, 21.085354883600001 ], [ 86.874785891100004, 21.044615943499998 ], [ 86.898993826899996, 21.0110048622 ], [ 86.944060246099994, 20.919662366600001 ], [ 86.985948261499999, 20.854872393400001 ], [ 86.970994972100002, 20.776962881399999 ], [ 86.977619758599999, 20.7717598931 ], [ 87.015177211899996, 20.767148542800001 ], [ 87.022469358938764, 20.770116279379906 ], [ 87.034979950600004, 20.763722475600002 ], [ 87.041445913147243, 20.758725963898417 ], [ 87.041992207099995, 20.736459008699999 ], [ 87.058510931890822, 20.716562018870224 ], [ 86.868796467899998, 20.590433702399999 ], [ 86.775878869, 20.520952589099998 ], [ 86.755853383499996, 20.493121843699999 ], [ 86.745905066919335, 20.467843765935005 ], [ 86.733294160900002, 20.459488784400001 ], [ 86.729018134699999, 20.4410284004 ], [ 86.733104162199993, 20.4085299306 ], [ 86.743526608, 20.393464359199999 ], [ 86.752936180700004, 20.388298920099999 ], [ 86.7764597402942, 20.405204688076292 ], [ 86.783694351, 20.384321656200001 ], [ 86.797209026273464, 20.37633776522409 ], [ 86.798273903071376, 20.363194460397093 ], [ 86.783825037699998, 20.349850724900001 ], [ 86.779708956518192, 20.336397475134802 ], [ 86.74999176812895, 20.308865082723138 ], [ 86.684008267400003, 20.271900049900001 ], [ 86.68017502533516, 20.259895582781262 ], [ 86.656847815099994, 20.254361873 ], [ 86.596037703700006, 20.2246589855 ], [ 86.520823127400007, 20.170448975100001 ], [ 86.491912422499993, 20.117741617499998 ], [ 86.437744392799999, 20.055683120600001 ], [ 86.425805651100006, 20.0346755425 ], [ 86.4138987101, 20.0101337358 ], [ 86.414261078978583, 19.997669340240485 ], [ 86.400541738100003, 19.985354311599998 ], [ 86.404314923399994, 19.9756015484 ], [ 86.414107358715668, 19.97399591866705 ], [ 86.410639034699997, 19.967991017900001 ], [ 86.388269558199994, 19.9519873546 ], [ 86.309326913500001, 19.9385643307 ], [ 86.235259923800001, 19.9012148642 ], [ 86.196345533300004, 19.887126357900001 ], [ 86.0603744756, 19.848104867899998 ], [ 85.949689558800003, 19.8263136986 ], [ 85.863856920900005, 19.8031988955 ], [ 85.783504546200007, 19.7784616175 ], [ 85.639660162599995, 19.723897877300001 ], [ 85.407081496299995, 19.613885626599998 ], [ 85.325051014899998, 19.568675004599999 ], [ 85.144269239099998, 19.446270024499999 ], [ 85.106262200800003, 19.414407774 ], [ 85.094238173199997, 19.399562142600001 ], [ 85.090770869599993, 19.386134242600001 ], [ 85.078807413700005, 19.374220156100002 ], [ 84.988596846199997, 19.320830892699998 ], [ 84.931629532200006, 19.2777739669 ], [ 84.865393865499996, 19.217892360299999 ], [ 84.814771142400005, 19.162885446400001 ], [ 84.765170595469925, 19.077620186323223 ], [ 84.757457191499995, 19.073305723699999 ], [ 84.684464074, 18.967482088299999 ], [ 84.604638926, 18.890843719199999 ], [ 84.5866719303, 18.866842930699999 ], [ 84.575035359099999, 18.837873377200001 ], [ 84.557658278700004, 18.817281125800001 ], [ 84.551799101499995, 18.7908768219 ], [ 84.505022354900007, 18.751936350200001 ], [ 84.469446043100007, 18.714165603800001 ], [ 84.445048881899993, 18.678793761600001 ], [ 84.43996956704261, 18.659656920871992 ], [ 84.366539280200001, 18.590646079700001 ], [ 84.356667005800006, 18.572091465500002 ], [ 84.354811794668862, 18.555026292965525 ], [ 84.254154515, 18.475256090199998 ], [ 84.147309252699998, 18.373294956399999 ], [ 84.127169303499997, 18.340230800299999 ], [ 84.126674337, 18.3132138056 ], [ 84.070956573700002, 18.276603853899999 ], [ 83.935874246316516, 18.209049776680541 ], [ 83.8896649279, 18.196166960399999 ], [ 83.860529092053341, 18.17435526721199 ], [ 83.807188910199997, 18.1552149963 ], [ 83.7309916066, 18.1190668616 ], [ 83.692730140099997, 18.097408972499998 ], [ 83.571163606599995, 18.012833952899999 ], [ 83.559972567599999, 17.998758176500001 ], [ 83.558286144, 17.982438605599999 ], [ 83.541741425599994, 17.9610676185 ], [ 83.513010317364788, 17.937276890106766 ], [ 83.469731765199995, 17.9114806991 ], [ 83.457645452899996, 17.899605559899999 ], [ 83.455623869829111, 17.887633847249617 ], [ 83.443620227625814, 17.87270133168257 ], [ 83.417386015600002, 17.853342208400001 ], [ 83.412022414, 17.843897619300002 ], [ 83.416319659366295, 17.825484689171649 ], [ 83.410860187587204, 17.809362476248715 ], [ 83.3904147266, 17.7920019972 ], [ 83.385569527900003, 17.777156163600001 ], [ 83.354767786099998, 17.756172274800001 ], [ 83.344144242400006, 17.737723601 ], [ 83.346104463997165, 17.725795643614052 ], [ 83.300351299799999, 17.694640070399998 ], [ 83.294862151922956, 17.674528157663943 ], [ 83.28220746832082, 17.660351201701662 ], [ 83.264439987900005, 17.651730007699999 ], [ 83.259403690900001, 17.643173092 ], [ 83.239016633299997, 17.630259322400001 ], [ 83.21646169285691, 17.595505839745183 ], [ 83.148743771200003, 17.5572100304 ], [ 83.031722620899998, 17.513926882700002 ], [ 82.974777628604571, 17.466115698818612 ], [ 82.726007155299996, 17.354708781599999 ], [ 82.561621118800005, 17.261369093700001 ], [ 82.443464347, 17.1751156242 ], [ 82.326405619599996, 17.065094630299999 ], [ 82.287233763900005, 17.0136944584 ], [ 82.271726354799995, 16.962506985299999 ], [ 82.27786609055039, 16.950698367739296 ], [ 82.242751729700004, 16.9096869798 ], [ 82.250790180199999, 16.889520104300001 ], [ 82.269852877299996, 16.8707056698 ], [ 82.283044419900307, 16.871621709783525 ], [ 82.315782111600001, 16.852803285299998 ], [ 82.336751126, 16.856582846799999 ], [ 82.355820981, 16.852759897399999 ], [ 82.361661640199998, 16.8610462846 ], [ 82.363476314600007, 16.911086487199999 ], [ 82.357485005699999, 16.950558694 ], [ 82.326114224799994, 16.9881099965 ], [ 82.33842536538144, 16.986722743770546 ], [ 82.355801052499999, 16.9674675306 ], [ 82.366379398399999, 16.911139879899999 ], [ 82.365285284500004, 16.8762590529 ], [ 82.358025538, 16.8104147492 ], [ 82.341481952899997, 16.725919535700001 ], [ 82.345095027400006, 16.718187261899999 ], [ 82.365322292643228, 16.706645069925361 ], [ 82.345922690500004, 16.6968213392 ], [ 82.317705806500001, 16.663139383899999 ], [ 82.328970030199997, 16.6118346033 ], [ 82.313456779299997, 16.569694864900001 ], [ 82.313669015957444, 16.558748473892717 ], [ 82.237082884100005, 16.5468262033 ], [ 81.970745004600005, 16.407713580700001 ], [ 81.957725754838989, 16.392386109568577 ], [ 81.938472358699997, 16.395242579800001 ], [ 81.878435503600002, 16.382650544 ], [ 81.720478363, 16.3067940205 ], [ 81.689778842, 16.327615800299998 ], [ 81.541051216200003, 16.347363877399999 ], [ 81.531297002599999, 16.3523782141 ], [ 81.486183360200002, 16.3535734787 ], [ 81.3925047229, 16.34030358 ], [ 81.307108161800002, 16.304599673799999 ], [ 81.252780633900002, 16.263107937299999 ], [ 81.2146256411, 16.208809014700002 ], [ 81.191355672509928, 16.102826173489426 ], [ 81.145638435, 16.0130569743 ], [ 81.143169759399996, 15.995763935599999 ], [ 81.147851394900002, 15.973395035799999 ], [ 81.0722765254, 15.911797379 ], [ 81.006326546099999, 15.838790986499999 ], [ 81.006475013100001, 15.8220085923 ], [ 81.020546127100005, 15.793302715699999 ], [ 81.011348271900005, 15.7846560403 ], [ 81.014521312250068, 15.771557401138715 ], [ 81.008584867699994, 15.7530892876 ], [ 80.937212764859879, 15.714414456077638 ], [ 80.920381073499996, 15.718218305300001 ], [ 80.846101109399996, 15.705545728 ], [ 80.821359520900003, 15.709449987599999 ], [ 80.809809658399999, 15.721595279500001 ], [ 80.807357335800006, 15.7353797048 ], [ 80.788504772899998, 15.7570168602 ], [ 80.788113165300004, 15.765126561600001 ], [ 80.802669789299998, 15.7857228862 ], [ 80.779637764100002, 15.8352965833 ], [ 80.780375858450867, 15.841660798320095 ], [ 80.793050938700006, 15.819332061 ], [ 80.803629390500006, 15.816241724199999 ], [ 80.812656196500001, 15.8272046047 ], [ 80.807316243900004, 15.8398847593 ], [ 80.779871340499994, 15.863348954 ], [ 80.727146484800002, 15.8788949612 ], [ 80.682675869899995, 15.8820051145 ], [ 80.587607955699994, 15.8661781921 ], [ 80.536539335, 15.8508630552 ], [ 80.464283803300006, 15.821314040700001 ], [ 80.361999043599994, 15.7633494307 ], [ 80.289792740300001, 15.6946921468 ], [ 80.257071055400004, 15.643891916699999 ], [ 80.235501955100005, 15.5979443038 ], [ 80.224815541450141, 15.533581381706378 ], [ 80.205194042100004, 15.5050178354 ], [ 80.210739649669762, 15.492752870746186 ], [ 80.204956446300002, 15.473894099900001 ], [ 80.129280733200005, 15.3788702049 ], [ 80.110370521700005, 15.345788242399999 ], [ 80.105613876800007, 15.323236144299999 ], [ 80.083091276199994, 15.268602895100001 ], [ 80.082404517499995, 15.2541037817 ], [ 80.089693563300003, 15.229778679900001 ], [ 80.087840122900005, 15.206392401800001 ], [ 80.055564485700003, 15.1230141944 ], [ 80.046989657899999, 15.078358401 ], [ 80.052869639600004, 15.011401900899999 ], [ 80.067565657700001, 14.932075229900001 ], [ 80.084307367500003, 14.8835510758 ], [ 80.088658194800004, 14.8244907894 ], [ 80.097882869599999, 14.7791215556 ], [ 80.112741796799995, 14.7400939653 ], [ 80.142108935, 14.7034105578 ], [ 80.170777437799998, 14.6126185258 ], [ 80.193090467769338, 14.593177031318689 ], [ 80.195500170858139, 14.585824945534265 ], [ 80.179763729800001, 14.508738296400001 ], [ 80.1685102796, 14.354565772100001 ], [ 80.143101946399995, 14.287099192499999 ], [ 80.129401911599999, 14.2199475236 ], [ 80.126443126300003, 14.1639091002 ], [ 80.133889465699994, 14.096348622200001 ], [ 80.149734914099994, 14.032300128599999 ], [ 80.198436497599999, 13.9166581686 ], [ 80.2207843280909, 13.875128482310757 ], [ 80.250694180500005, 13.795797948600001 ], [ 80.253655566019901, 13.78090685037211 ], [ 80.233989282799996, 13.697327380500001 ], [ 80.235211720899997, 13.647544939499999 ], [ 80.243345255600005, 13.614482838800001 ], [ 80.271941732800002, 13.557258361200001 ], [ 80.297720454699999, 13.484588437199999 ], [ 80.325895953699998, 13.441822139299999 ], [ 80.346472151200004, 13.3131896703 ], [ 80.345221799200004, 13.280061764699999 ], [ 80.312768116848773, 13.167640999538378 ], [ 80.301048202299995, 13.141485997 ], [ 80.305496530783515, 13.130057165264752 ], [ 80.302070848100001, 13.115602169400001 ], [ 80.310706616, 13.1080968602 ], [ 80.285918198199994, 13.0611153091 ], [ 80.266868269699998, 12.9698364041 ], [ 80.256162887800002, 12.842392019 ], [ 80.257458156200002, 12.8096003033 ], [ 80.265847632399996, 12.782123457400001 ], [ 80.258434308301418, 12.756495515240479 ], [ 80.243506458100001, 12.747126893400001 ], [ 80.2271521208, 12.707814275500001 ], [ 80.200824641799997, 12.631714395 ], [ 80.20063572179366, 12.617084878354257 ], [ 80.165697764499996, 12.527802085199999 ], [ 80.157053483200002, 12.4683198087 ], [ 80.113361281500005, 12.401997711 ], [ 80.034030056500001, 12.301498305200001 ], [ 80.015001123712324, 12.264770305205488 ], [ 79.878688500400003, 12.0539960029 ], [ 79.847091395600003, 11.978734576300001 ], [ 79.822668434500002, 11.876670822199999 ], [ 79.804783812400004, 11.8270056286 ], [ 79.760649273300004, 11.6248188225 ], [ 79.756782344800001, 11.5746629222 ], [ 79.759747466700006, 11.538927710499999 ], [ 79.8073191995, 11.4442149836 ], [ 79.823864788899996, 11.365869313499999 ], [ 79.838691689052894, 11.353812241941007 ], [ 79.832758534, 11.3279779185 ], [ 79.8337751193, 11.301103856199999 ], [ 79.852474386899999, 11.1968389931 ], [ 79.856802055, 11.112686542800001 ], [ 79.855360645700003, 11.014080055699999 ], [ 79.851355849200004, 10.995868655300001 ], [ 79.852791246, 10.8357129356 ], [ 79.846608984200003, 10.8173457199 ], [ 79.849332481499999, 10.7192280921 ], [ 79.855805314799994, 10.670391718799999 ], [ 79.865553762700003, 10.4021061128 ], [ 79.881253668679108, 10.323821228970125 ], [ 79.880200139400003, 10.304370583300001 ], [ 79.873609008800003, 10.291847338 ], [ 79.861646860600004, 10.282934474399999 ], [ 79.8250537694, 10.276635335 ], [ 79.767472398699994, 10.271763118799999 ], [ 79.711671623038995, 10.279325077908393 ], [ 79.699444581199998, 10.2976511039 ], [ 79.638679799920013, 10.342228309950476 ], [ 79.633784834799997, 10.3765160837 ], [ 79.567012043099993, 10.3856061137 ], [ 79.535445216132388, 10.358853591640564 ], [ 79.513020608299996, 10.3672362287 ], [ 79.506729567600004, 10.3629022755 ], [ 79.501915663864509, 10.348820743091633 ], [ 79.477050395899994, 10.347998302 ], [ 79.471827700088838, 10.31599463780409 ], [ 79.387508953700006, 10.3172425998 ], [ 79.373534371100007, 10.3083311174 ], [ 79.360193652579923, 10.291201563490658 ], [ 79.329230619, 10.2841137522 ], [ 79.298362888599996, 10.26321186 ], [ 79.272302809300001, 10.238504900800001 ], [ 79.270961481, 10.230229619099999 ], [ 79.278543197488574, 10.215424990838121 ], [ 79.264931166925535, 10.197410351388525 ], [ 79.251077330499996, 10.193969128899999 ], [ 79.242480662099993, 10.1861120039 ], [ 79.237330592899994, 10.1714419966 ], [ 79.238740679, 10.16005009 ], [ 79.226120572400006, 10.146243137300001 ], [ 79.226370606800003, 10.1350722007 ], [ 79.233239886794706, 10.127076378231465 ], [ 79.226582585200006, 10.099574121 ], [ 79.229209324799996, 10.087707823100001 ], [ 79.236435960400001, 10.0745961799 ], [ 79.249437223029346, 10.069070243483218 ], [ 79.253975127700002, 10.0476017746 ], [ 79.265950107531751, 10.039197872232396 ], [ 79.241214997399993, 10.024367101799999 ], [ 79.19831039168028, 9.973264882783271 ], [ 79.1549885015, 9.9310847858 ], [ 79.146854757709164, 9.91140736169778 ], [ 79.1281466776, 9.8940079807 ], [ 79.118411502800001, 9.8753515746 ], [ 79.117582545499999, 9.8661310049 ], [ 79.122378244755268, 9.859954052985023 ], [ 79.119300381800002, 9.8529480928 ], [ 79.086120822699996, 9.820516615100001 ], [ 79.055034509035835, 9.771674669630958 ], [ 79.031962925100004, 9.756982840399999 ], [ 78.992034871800001, 9.708445921899999 ], [ 78.973803160200006, 9.677694370099999 ], [ 78.955566928884693, 9.624231831194562 ], [ 78.928964467200004, 9.583764031199999 ], [ 78.923018678, 9.5615287131 ], [ 78.924311308762185, 9.528641528244043 ], [ 78.913957955300006, 9.5069661256 ], [ 78.914345922308442, 9.49290417887377 ], [ 78.898798283199994, 9.485726526500001 ], [ 78.900329957099999, 9.468846363100001 ], [ 78.933781766199999, 9.4116426535 ], [ 79.013719133699993, 9.3322377845 ], [ 79.067704065599997, 9.297762151300001 ], [ 79.128505215700002, 9.2882924967 ], [ 79.139641634100002, 9.291840841200001 ], [ 79.158164326100007, 9.2846373394 ], [ 79.1840468141, 9.282854501699999 ], [ 79.209123097800003, 9.2835256327 ], [ 79.2200218734, 9.2916490916 ], [ 79.2655546668, 9.2928596415 ], [ 79.29057032644937, 9.319828164133057 ], [ 79.309758885635517, 9.3276052714422 ], [ 79.3176738059, 9.325868032900001 ], [ 79.334992708529185, 9.311995224466804 ], [ 79.316142841100003, 9.2812799938 ], [ 79.325826918, 9.2610457861 ], [ 79.416264564836268, 9.18705722626509 ], [ 79.437618487500004, 9.161238966199999 ], [ 79.458881622478131, 9.14486308547457 ], [ 79.453863718277219, 9.143662431650668 ], [ 79.418870396499997, 9.1754104834 ], [ 79.340864735, 9.2248405743 ], [ 79.291498551700002, 9.249912350500001 ], [ 79.243343326399994, 9.259906044299999 ], [ 79.233662323299995, 9.253280412600001 ], [ 79.235986115796209, 9.240423718772769 ], [ 79.230351167048468, 9.239298142603824 ], [ 79.2223663491, 9.2514441834 ], [ 79.205482382666602, 9.24535074272762 ], [ 79.213504039200004, 9.253015209400001 ], [ 79.214120553100003, 9.261817333 ], [ 79.201385673493618, 9.268099647882778 ], [ 79.198407668200005, 9.278909199 ], [ 79.189887329800001, 9.2824632594 ], [ 79.146103573100007, 9.2768012252 ], [ 79.088988234599995, 9.261122477900001 ], [ 78.965454849099999, 9.2739098815 ], [ 78.925090387300003, 9.2667413302 ], [ 78.908433448, 9.2514932828 ], [ 78.876127748599998, 9.256547036 ], [ 78.859698149699994, 9.2536912826 ], [ 78.754989094400003, 9.2154326665 ], [ 78.732360268, 9.2112513297 ], [ 78.720429361599997, 9.2025628921 ], [ 78.716799145928874, 9.189068177837639 ], [ 78.684462906700006, 9.1952420873 ], [ 78.663200352600001, 9.1930581261 ], [ 78.642886283600006, 9.1757652104 ], [ 78.6482964251, 9.163794725800001 ], [ 78.657341524800003, 9.157627510099999 ], [ 78.606324333499998, 9.147745151500001 ], [ 78.578216057, 9.1302716593 ], [ 78.531947788099998, 9.1372935885 ], [ 78.454556704200002, 9.125307412 ], [ 78.408815362599995, 9.111494213 ], [ 78.272163297077924, 9.004381286557141 ], [ 78.215682489200006, 8.966576525 ], [ 78.186573533599997, 8.923790520800001 ], [ 78.179798999940644, 8.892689079216025 ], [ 78.171769108899994, 8.886218702200001 ], [ 78.166608262400004, 8.871938979699999 ], [ 78.167839218847149, 8.825847169873429 ], [ 78.162223153900001, 8.788255320199999 ], [ 78.166300124200006, 8.778553329299999 ], [ 78.1769158898, 8.772294187 ], [ 78.197283035971978, 8.788798457843754 ], [ 78.201847143699993, 8.7642695294 ], [ 78.226093206856191, 8.751535812283858 ], [ 78.215891502240765, 8.742436577891423 ], [ 78.198525750100004, 8.7500571024 ], [ 78.181445310699999, 8.7504244589 ], [ 78.168690471900007, 8.744925910099999 ], [ 78.159412341, 8.7353715548 ], [ 78.153873621057073, 8.712220334174441 ], [ 78.133991367099995, 8.688643687600001 ], [ 78.126456275300001, 8.622628838500001 ], [ 78.137767580599998, 8.585701305800001 ], [ 78.123289827700006, 8.5293080132 ], [ 78.123788217300003, 8.5085146856 ], [ 78.130402046658332, 8.496905339761556 ], [ 78.063777160100003, 8.4181127891 ], [ 78.056397986299999, 8.384123151800001 ], [ 78.067090860907044, 8.373100655826496 ], [ 78.013962446600004, 8.354652095800001 ], [ 77.972617238, 8.333641800500001 ], [ 77.952504792699997, 8.313899659900001 ], [ 77.905068317, 8.288071159899999 ], [ 77.878806323500001, 8.2680427761 ], [ 77.803718928600006, 8.240738751 ], [ 77.7838109992, 8.221990703399999 ], [ 77.781117803797954, 8.201053533945197 ], [ 77.744619154700004, 8.1769687707 ], [ 77.713539405800006, 8.1664115553 ], [ 77.639956296799994, 8.157386214400001 ], [ 77.578703701500004, 8.137547187799999 ], [ 77.559772084499997, 8.1194273061 ], [ 77.558446709099996, 8.1006848683 ], [ 77.56413268448847, 8.092350853840397 ], [ 77.554950424699996, 8.087653401300001 ], [ 77.550925454403114, 8.078007205599471 ], [ 77.532320016220538, 8.077726701302261 ], [ 77.446677709300005, 8.094210093199999 ], [ 77.335614313299999, 8.1255293425 ], [ 77.315489517788308, 8.121050642987138 ], [ 77.277568963600004, 8.1609343898 ], [ 77.239782034200005, 8.176214482500001 ], [ 77.221839419800006, 8.196809914199999 ], [ 77.184702333100006, 8.2185343263 ], [ 77.148646103900006, 8.2558691009 ], [ 77.095713746762598, 8.292721558648426 ], [ 77.022559967299998, 8.3559620422 ], [ 77.005374553872713, 8.3619189406351 ], [ 76.998759927199998, 8.374832404199999 ], [ 76.986740798045872, 8.37810031650154 ], [ 76.972885380818568, 8.392089607789481 ], [ 76.968794755299996, 8.415487881500001 ], [ 76.883458331601659, 8.511161455501368 ], [ 76.793944595400006, 8.6306504117 ], [ 76.769077806855194, 8.656335300621956 ], [ 76.671208319607743, 8.782211079911251 ], [ 76.668429226300006, 8.792960713299999 ], [ 76.654474695062348, 8.804132105533132 ], [ 76.601236274499996, 8.8701225319 ], [ 76.578960994799999, 8.8844687549 ], [ 76.566071662900001, 8.8834754418 ], [ 76.548488233536261, 8.899653781440541 ], [ 76.522737793399997, 8.9968145045 ], [ 76.485973948400002, 9.0847725477 ], [ 76.485196527300005, 9.098927331300001 ], [ 76.474895957499996, 9.123050065099999 ], [ 76.463734423199995, 9.133150754 ], [ 76.357459257100004, 9.364021580199999 ], [ 76.324041358499997, 9.460261659 ], [ 76.302664789100163, 9.573807956930048 ], [ 76.276665507199993, 9.8097127179 ], [ 76.262730522300004, 9.881533452 ], [ 76.241389366, 9.9454603325 ], [ 76.232753817700001, 9.9915515842 ], [ 76.219486220102212, 10.003525500657 ], [ 76.20569247627634, 10.040056238583524 ], [ 76.1782773722, 10.1452051263 ], [ 76.164968690045015, 10.174389764881244 ], [ 76.165715481899994, 10.186789119 ], [ 76.154035446409807, 10.200812824135646 ], [ 76.138899245556516, 10.234276706316063 ], [ 76.138989307299994, 10.2569067244 ], [ 76.13268319437978, 10.265561215323331 ], [ 76.094695206300003, 10.391644515499999 ], [ 76.062659482200004, 10.463744859 ], [ 76.031930797607828, 10.508112645922044 ], [ 76.009639857500005, 10.5733031374 ], [ 75.934210705896206, 10.730417589217359 ], [ 75.924194831, 10.7653643919 ], [ 75.900695609941906, 10.803898419612009 ], [ 75.850892312, 11.055872091299999 ], [ 75.829180535500001, 11.1234678344 ], [ 75.796835667611759, 11.180538738600594 ], [ 75.756250877300005, 11.2971332471 ], [ 75.738542166740416, 11.329294525294465 ], [ 75.738216980700003, 11.3577768909 ], [ 75.686343707899994, 11.441248997100001 ], [ 75.653795185, 11.462702570099999 ], [ 75.632237489900007, 11.463401814799999 ], [ 75.619801905373492, 11.478662668327519 ], [ 75.603148066399996, 11.5344199106 ], [ 75.557995464300006, 11.6510745477 ], [ 75.533632300400001, 11.6988875457 ], [ 75.510361496499996, 11.729498815 ], [ 75.480333825886547, 11.753051821422897 ], [ 75.474073463, 11.7650561781 ], [ 75.457236834874408, 11.767245409745991 ], [ 75.4563200499, 11.7814332382 ], [ 75.427341728523956, 11.808297126246922 ], [ 75.409298879299996, 11.8356479899 ], [ 75.386398418200002, 11.8589483002 ], [ 75.376179601499999, 11.8607346372 ], [ 75.364944399899997, 11.8525289981 ], [ 75.356873575720414, 11.855776417199335 ], [ 75.350711621, 11.8734462396 ], [ 75.3333875302, 11.8933578625 ], [ 75.319866701724763, 11.900400111019046 ], [ 75.320136192, 11.913223002300001 ], [ 75.310071985787019, 11.93096843927731 ], [ 75.306365743800001, 11.9491587648 ], [ 75.283565606899998, 11.963889244900001 ], [ 75.2472229949, 12.018382701 ], [ 75.231716596699997, 12.024115673900001 ], [ 75.207808299600003, 12.0037548955 ], [ 75.202995555670185, 12.00536470334683 ], [ 75.198662256199995, 12.0255532338 ], [ 75.168318918300002, 12.087265195500001 ], [ 75.166980179899994, 12.098420190200001 ], [ 75.058360702499996, 12.3516105738 ], [ 75.041984090499994, 12.3860873712 ], [ 75.031542136599995, 12.3914297664 ], [ 75.014531575500001, 12.418183855 ], [ 74.973510973200007, 12.5011758155 ], [ 74.879192490400001, 12.7182881553 ], [ 74.857920536799995, 12.778462170699999 ], [ 74.824364556500001, 12.8491166354 ], [ 74.764159708799994, 13.124393291500001 ], [ 74.718972444399995, 13.2860466345 ], [ 74.716453197, 13.311944046 ], [ 74.707862004399999, 13.334181754099999 ], [ 74.693539678457341, 13.343768783865373 ], [ 74.697200400100002, 13.351863809499999 ], [ 74.696094914400007, 13.412522048 ], [ 74.677614745400007, 13.574945864 ], [ 74.663972379, 13.650520806499999 ], [ 74.651720911448663, 13.665152424952637 ], [ 74.644856317399999, 13.6845008356 ], [ 74.628783519799995, 13.7800895089 ], [ 74.608243903200005, 13.864437538200001 ], [ 74.596023905480735, 13.883163675195695 ], [ 74.586786795500004, 13.917932592 ], [ 74.571349749500001, 13.9418255585 ], [ 74.549246544731773, 13.949228737019883 ], [ 74.5138535193, 13.987130134799999 ], [ 74.501367661900005, 14.023211332400001 ], [ 74.500146727100002, 14.047025711 ], [ 74.485631018272002, 14.094532268319552 ], [ 74.468756993900001, 14.189024377499999 ], [ 74.464325978299996, 14.196971788 ], [ 74.453545735899382, 14.200207856776977 ], [ 74.441623410804809, 14.224628770884195 ], [ 74.412922778099997, 14.3173357896 ], [ 74.397506304100006, 14.408273904 ], [ 74.381083987114351, 14.424455023568845 ], [ 74.382191002, 14.4432172229 ], [ 74.363334368599993, 14.494517506 ], [ 74.349225639400004, 14.5146978354 ], [ 74.310186805297718, 14.521441516580527 ], [ 74.312871145800003, 14.548731889500001 ], [ 74.291934504, 14.5975667036 ], [ 74.270383170132419, 14.627156147349375 ], [ 74.2850341117, 14.637434753499999 ], [ 74.275549929796668, 14.666657735579056 ], [ 74.2799504595, 14.6820148911 ], [ 74.269353412499996, 14.7017321714 ], [ 74.257127103100004, 14.706794780399999 ], [ 74.262004203499998, 14.719733661199999 ], [ 74.248401592099995, 14.7403135554 ], [ 74.235353024099993, 14.746084382399999 ], [ 74.227535213986869, 14.738113184892468 ], [ 74.21231893, 14.7345257747 ], [ 74.206733298299994, 14.7274512568 ], [ 74.208380035460223, 14.717729641269273 ], [ 74.192650700758989, 14.726696804445432 ], [ 74.1918747056, 14.736104473499999 ], [ 74.180092141700001, 14.7485504079 ], [ 74.166965328700002, 14.752298026 ], [ 74.157510597341144, 14.745003278663571 ], [ 74.152083106564049, 14.747136389534317 ], [ 74.154179215300005, 14.7640527578 ], [ 74.142436862799997, 14.777147809800001 ], [ 74.118972597225593, 14.774327120752961 ], [ 74.092752949554637, 14.804069736590986 ], [ 74.123280496700005, 14.8079312198 ], [ 74.123176599700002, 14.835770363 ], [ 74.111977915, 14.846649209800001 ], [ 74.110482578, 14.862334127900001 ], [ 74.0967058122, 14.8958768009 ], [ 74.043313966216544, 14.917651743931861 ], [ 74.042650513313319, 14.947468484950845 ], [ 74.048209171600007, 14.959636245700001 ], [ 74.040706577500004, 14.978512668600001 ], [ 74.034479030501657, 14.983055917036133 ], [ 74.033727068100006, 14.9938539519 ], [ 74.018740347, 15.008817966800001 ], [ 73.988622202660338, 15.019943317747888 ], [ 73.985396375400001, 15.044806834799999 ], [ 73.971426233942708, 15.051908431737592 ], [ 73.963911757299996, 15.0649198877 ], [ 73.925916569600005, 15.083704620600001 ], [ 73.9120136202, 15.0846195185 ], [ 73.922886302500004, 15.0952547246 ], [ 73.917615020087823, 15.107238896783526 ], [ 73.9377886523, 15.1190679795 ], [ 73.935474726473942, 15.132291296984194 ], [ 73.947444364199995, 15.1492750952 ], [ 73.9226941342, 15.244017574200001 ], [ 73.883325493, 15.354130656400001 ], [ 73.869568752800006, 15.368162781800001 ], [ 73.841561602274837, 15.359443486588932 ], [ 73.808017634582384, 15.376637551745301 ], [ 73.802784476100001, 15.391910873700001 ], [ 73.789735837024892, 15.394881119079852 ], [ 73.782313822899852, 15.410677077731433 ], [ 73.789591019, 15.4221444562 ], [ 73.785148789691121, 15.438284729145563 ], [ 73.786629302799994, 15.4675451831 ], [ 73.775633115600002, 15.487510673799999 ], [ 73.765861972038664, 15.493880291407569 ], [ 73.754542891400007, 15.546550914699999 ], [ 73.749717965900004, 15.557542594699999 ], [ 73.741026856618973, 15.563677455722107 ], [ 73.731495028009206, 15.589657013093976 ], [ 73.731816210399998, 15.6156018344 ], [ 73.721232100330695, 15.629701093704211 ], [ 73.691239627800002, 15.710738646 ], [ 73.668158732500004, 15.7346220684 ], [ 73.652400033137738, 15.74371713113001 ], [ 73.661596160599998, 15.7535494757 ], [ 73.662862107500004, 15.763267628 ], [ 73.649473193700004, 15.800363181 ], [ 73.63625727764537, 15.815850620412473 ], [ 73.637553223300003, 15.8234920185 ], [ 73.628913789, 15.8470844265 ], [ 73.61346134741504, 15.854419756748596 ], [ 73.604001772800004, 15.882274051 ], [ 73.587172062, 15.9078864598 ], [ 73.569477356199997, 15.9122641624 ], [ 73.541595338199997, 15.9339672002 ], [ 73.509921010632866, 15.936753939479464 ], [ 73.501151920300003, 15.9685164782 ], [ 73.4894481842, 15.987676861600001 ], [ 73.490106648700007, 16.011259799899999 ], [ 73.482922848100003, 16.035726383 ], [ 73.45719597166233, 16.053435324491208 ], [ 73.456033338838935, 16.061640544451233 ], [ 73.4630304553, 16.072013914 ], [ 73.458002033010317, 16.08073723067098 ], [ 73.458640865600003, 16.115428444799999 ], [ 73.439214964, 16.192457076899998 ], [ 73.427196300826722, 16.203988408192988 ], [ 73.405530737299998, 16.293427935899999 ], [ 73.394046986899994, 16.312971623 ], [ 73.392907433399998, 16.329612170400001 ], [ 73.385322789905914, 16.336567295110157 ], [ 73.386992595, 16.353444021200001 ], [ 73.368486224825972, 16.363480166729694 ], [ 73.370172050600004, 16.3909690198 ], [ 73.357016085400005, 16.438820924 ], [ 73.332204798299998, 16.487789180499998 ], [ 73.327638543700004, 16.507537475700001 ], [ 73.316103135284692, 16.51269143346029 ], [ 73.311628185775589, 16.54083737400704 ], [ 73.317960339113796, 16.555277055140476 ], [ 73.328397565700001, 16.558227931899999 ], [ 73.334800069699995, 16.568122023 ], [ 73.322820581308221, 16.583540161806834 ], [ 73.316995201, 16.600943324900001 ], [ 73.330363761100003, 16.614554343799998 ], [ 73.330404072899995, 16.6287625802 ], [ 73.322648150911846, 16.635448229691171 ], [ 73.321313243700004, 16.643225002299999 ], [ 73.330980114, 16.659453715800002 ], [ 73.326620029300003, 16.684132597200001 ], [ 73.305524438700004, 16.729010466599998 ], [ 73.30478529217163, 16.766164853535127 ], [ 73.314672156699999, 16.800755554 ], [ 73.295254744133544, 16.815910952570025 ], [ 73.295588133899997, 16.8278421218 ], [ 73.287720796722468, 16.843852977163483 ], [ 73.290738768699995, 16.867023262 ], [ 73.285080548500005, 16.886790363100001 ], [ 73.277678688531452, 16.892585488237572 ], [ 73.285877507899997, 16.915705833699999 ], [ 73.282141575364591, 16.950217221085939 ], [ 73.291226171700004, 16.958710002099998 ], [ 73.2943173882, 16.981994239300001 ], [ 73.281819254278602, 17.000711787311772 ], [ 73.278226141100006, 17.0183501311 ], [ 73.270823545900001, 17.021939472300001 ], [ 73.258087077926177, 17.019214964399982 ], [ 73.254532870093357, 17.027098687612909 ], [ 73.256355547360712, 17.047441000999822 ], [ 73.281115122700001, 17.0483368083 ], [ 73.287271777499996, 17.072028274400001 ], [ 73.278984844099995, 17.1065073796 ], [ 73.266246520175159, 17.112003296665556 ], [ 73.269596691100006, 17.1267329187 ], [ 73.253795633199999, 17.184333967400001 ], [ 73.230830553900006, 17.198465858199999 ], [ 73.2430284908, 17.206125854 ], [ 73.242642507, 17.220542087599998 ], [ 73.232437241636774, 17.230753823507452 ], [ 73.218980564299997, 17.264723089099999 ], [ 73.204360910380274, 17.268665164705421 ], [ 73.199316081800006, 17.287906995 ], [ 73.189099552421595, 17.298500261568307 ], [ 73.196273747535159, 17.306553719929212 ], [ 73.224820221200005, 17.303733162899999 ], [ 73.230762559499993, 17.3157424859 ], [ 73.218252547054362, 17.329149311303727 ], [ 73.2163463726, 17.3569620709 ], [ 73.207062731099995, 17.380157966700001 ], [ 73.19980633, 17.3850295477 ], [ 73.177507405145008, 17.38682010353412 ], [ 73.167034598569799, 17.404273885551053 ], [ 73.184507259599997, 17.415893247900001 ], [ 73.188674952400007, 17.436155270299999 ], [ 73.183742296063713, 17.45540005491555 ], [ 73.1911637165, 17.467806491499999 ], [ 73.174279032800001, 17.514916064800001 ], [ 73.163532099700006, 17.526410884400001 ], [ 73.154179174273466, 17.529087431535871 ], [ 73.136824192535457, 17.556030538117898 ], [ 73.139525080485356, 17.567454985097655 ], [ 73.1543209206, 17.5768719366 ], [ 73.157784502499993, 17.5848433263 ], [ 73.135850194937674, 17.612457384730945 ], [ 73.126624438043194, 17.636420071872237 ], [ 73.132111838, 17.651637713500001 ], [ 73.119970744410921, 17.666552376726759 ], [ 73.113041486027399, 17.689419004300365 ], [ 73.116683714257022, 17.698498016024217 ], [ 73.131743233700007, 17.709281261200001 ], [ 73.132655138299995, 17.719593078799999 ], [ 73.100999767600001, 17.800423618 ], [ 73.087948089662675, 17.807359521722539 ], [ 73.091813983899996, 17.8263214509 ], [ 73.071782590200002, 17.88471463 ], [ 73.047842550401782, 17.907888767438454 ], [ 73.052658893699999, 17.916723902 ], [ 73.048462730099999, 17.928027121100001 ], [ 73.029024501932611, 17.944768401858067 ], [ 73.029807312700001, 17.982086614499998 ], [ 73.018420232158334, 17.990326349932484 ], [ 73.014776471, 18.005277510700001 ], [ 73.002908651758403, 18.020967929529004 ], [ 73.014107102099999, 18.028943577100002 ], [ 73.010613262600003, 18.044561847099999 ], [ 72.989471121685284, 18.056139787949473 ], [ 72.997662964100002, 18.0777927613 ], [ 72.990549675, 18.098039308499999 ], [ 72.979169297711977, 18.10763356489872 ], [ 72.971038653634906, 18.131455840591446 ], [ 72.980300012300006, 18.137192009 ], [ 72.986942130499997, 18.1592142951 ], [ 72.9775298478, 18.1958744511 ], [ 72.956966824299997, 18.2166670766 ], [ 72.945263266, 18.2192652528 ], [ 72.937961278339216, 18.215482908126976 ], [ 72.931636715300002, 18.219267054300001 ], [ 72.942098293900003, 18.245718837399998 ], [ 72.934861862984818, 18.272506081025135 ], [ 72.937766932, 18.2839449698 ], [ 72.966087118399997, 18.278652854400001 ], [ 72.973980171909872, 18.262838238736812 ], [ 72.970793522600005, 18.2510232586 ], [ 72.980119802900006, 18.241415247 ], [ 72.995399813500001, 18.246586038899999 ], [ 73.000163156168796, 18.261130014071103 ], [ 73.014212063599999, 18.260963952899999 ], [ 73.0201886113, 18.270035437099999 ], [ 73.016608573300005, 18.281446814100001 ], [ 73.007117902299996, 18.285692618900001 ], [ 72.999543211100004, 18.283543537300002 ], [ 72.992246844088356, 18.273631672146216 ], [ 72.982222832900007, 18.295841258700001 ], [ 72.969662549848607, 18.300021602875017 ], [ 72.955188124114812, 18.315887078569705 ], [ 72.950804568099997, 18.336256761200001 ], [ 72.929914750699993, 18.3479898344 ], [ 72.919490873344287, 18.347494774499804 ], [ 72.913965449200006, 18.354721852499999 ], [ 72.911499678179169, 18.368209156334999 ], [ 72.923715943299996, 18.375680827299998 ], [ 72.925849848699997, 18.385665237400001 ], [ 72.906055906994183, 18.403238118274636 ], [ 72.906033129, 18.4371638145 ], [ 72.894625700337585, 18.462995227672842 ], [ 72.910520137600002, 18.510271079100001 ], [ 72.905558906987707, 18.543118122468943 ], [ 72.917373262799998, 18.5436740082 ], [ 72.921995878299995, 18.5537130463 ], [ 72.884160400499994, 18.633713391299999 ], [ 72.870933338900002, 18.640231359200001 ], [ 72.866477075717626, 18.648323759170463 ], [ 72.855391819199994, 18.698671488799999 ], [ 72.864636710799999, 18.7236212227 ], [ 72.863705097099995, 18.789566318799999 ], [ 72.868938225760445, 18.803649748937087 ], [ 72.900077698796309, 18.803848048418779 ], [ 72.915728764600004, 18.796451157100002 ], [ 72.929354695900003, 18.8049060319 ], [ 72.935165200399993, 18.823267105 ], [ 72.929711957099997, 18.8339822437 ], [ 72.842796507616171, 18.863282826269433 ], [ 72.866694532899999, 18.911134695499999 ], [ 72.910566874400004, 18.941239279600001 ], [ 72.914146850600005, 18.9639770498 ], [ 72.904050357100004, 18.977666588799998 ], [ 72.882991786, 18.983945182799999 ], [ 72.879531214400004, 19.009409145399999 ], [ 72.866555612200003, 19.010586717 ], [ 72.857442181799996, 18.994668842100001 ], [ 72.860523341632714, 18.981474951854924 ], [ 72.850687961700004, 18.968570474500002 ], [ 72.843362395392035, 18.930304548055677 ], [ 72.811945944499996, 18.895134327600001 ], [ 72.803682924399993, 18.8986246662 ], [ 72.804936079900003, 18.9099742758 ], [ 72.821849857199993, 18.9165641144 ], [ 72.8238903771, 18.939156297499999 ], [ 72.813844117499997, 18.9528883453 ], [ 72.804394471199998, 18.951631138700002 ], [ 72.79331963051078, 18.939423448189128 ], [ 72.792508521306402, 18.949905014356755 ], [ 72.810297126, 18.982287509 ], [ 72.817471626400177, 19.025556011535905 ], [ 72.830599400099999, 19.022467698500002 ], [ 72.838191623599997, 19.0351112028 ], [ 72.830944197500003, 19.044182510900001 ], [ 72.817026070104873, 19.041472827500872 ], [ 72.82746674, 19.092382798599999 ], [ 72.819445357800006, 19.122616182800002 ], [ 72.806817928800001, 19.136715959 ], [ 72.786086741345486, 19.133524831003999 ], [ 72.788864981399996, 19.148734775800001 ], [ 72.781652572810842, 19.167883188914189 ], [ 72.793768934, 19.175327249 ], [ 72.795269086800005, 19.185969611600001 ], [ 72.790396848, 19.193093790599999 ], [ 72.78173670012464, 19.194342548313923 ], [ 72.77558661380543, 19.227190219887458 ], [ 72.783645118, 19.259708720100001 ], [ 72.778910217215625, 19.276891032229997 ], [ 72.784530769257898, 19.302670672386036 ], [ 72.793411589200005, 19.309685045399998 ], [ 72.798979737300002, 19.3040423381 ], [ 72.809318300900003, 19.303225383499999 ], [ 72.817291205, 19.315599968400001 ], [ 72.794926871706735, 19.330483000998122 ], [ 72.782998033200002, 19.3453573253 ], [ 72.773203600303759, 19.348556536314312 ], [ 72.7688217245, 19.363452945 ], [ 72.758129883500004, 19.3732347087 ], [ 72.750563130399996, 19.4389267908 ], [ 72.729012878500001, 19.4649202192 ], [ 72.73025703335172, 19.46929018086097 ], [ 72.742198648200002, 19.471461264 ], [ 72.748131578400006, 19.4869735067 ], [ 72.743001120700001, 19.495569611800001 ], [ 72.721445850730987, 19.501436803913741 ], [ 72.723677713599997, 19.528219178600001 ], [ 72.712528457045948, 19.542607446273937 ], [ 72.715905029499993, 19.552675498599999 ], [ 72.708886502290326, 19.572935674397456 ], [ 72.709344085463613, 19.598055166394534 ], [ 72.722919973, 19.603278296 ], [ 72.727261550400002, 19.6115434819 ], [ 72.711110546599997, 19.644451415 ], [ 72.703572442434819, 19.650660349074759 ], [ 72.706257849400004, 19.662487094100001 ], [ 72.700224778023866, 19.686480872995357 ], [ 72.708811556399993, 19.7032636633 ], [ 72.6997563539, 19.719759849799999 ], [ 72.681048480821943, 19.72486299928314 ], [ 72.678091350865316, 19.741647362922976 ], [ 72.685759331, 19.764770817399999 ], [ 72.68448698, 19.797278264199999 ], [ 72.679288584, 19.803983922299999 ], [ 72.667623680082613, 19.802207049656182 ], [ 72.657838713165702, 19.809427862349594 ], [ 72.645867858661219, 19.858533002440925 ], [ 72.650754561172946, 19.8644560501948 ], [ 72.6584593125, 19.8620812421 ], [ 72.668410307399995, 19.866244103700001 ], [ 72.677513554599997, 19.8852002611 ], [ 72.676152296799998, 19.8926277841 ], [ 72.663545955258627, 19.90507098587225 ], [ 72.667965587500007, 19.914416700499999 ], [ 72.66074032524611, 19.937478206960407 ], [ 72.6678661156853, 19.946667088745809 ], [ 72.6786974165, 19.950635197099999 ], [ 72.688544680515619, 19.972682582288243 ], [ 72.699699279599997, 19.970640188600001 ], [ 72.7198719971, 19.987338101100001 ], [ 72.7158088682, 20.011180918299999 ], [ 72.702063720736732, 20.034736161009093 ], [ 72.707971641, 20.053410595199999 ], [ 72.699841838994345, 20.077585314458013 ], [ 72.725372060200002, 20.110987483700001 ], [ 72.727465285700006, 20.127135400099998 ], [ 72.737643088900001, 20.1320641101 ], [ 72.742104779900004, 20.142364791 ], [ 72.749285010400001, 20.202919401300001 ], [ 72.742438964408308, 20.241189229145551 ], [ 72.754119992, 20.262036880899998 ], [ 72.757047799, 20.291198813600001 ], [ 72.774253799500002, 20.304335372200001 ], [ 72.777161254305213, 20.331708216026733 ], [ 72.791049638399997, 20.349021561899999 ], [ 72.813328259900004, 20.353477894899999 ], [ 72.823800427445931, 20.367203604694993 ], [ 72.835956642674716, 20.373296439760171 ], [ 72.864120307580137, 20.375185494217796 ], [ 72.877143116200003, 20.370365729100001 ], [ 72.887446666599999, 20.378195152699998 ], [ 72.883628062200003, 20.410076633 ], [ 72.857271594308131, 20.418922245664582 ], [ 72.877537073799999, 20.44887663 ], [ 72.8780745567, 20.456581226 ], [ 72.872962814499999, 20.462370852799999 ], [ 72.858143746897795, 20.465634856141026 ], [ 72.872571285609482, 20.493183893538852 ], [ 72.886532167200002, 20.500987547699999 ], [ 72.886039887099997, 20.5426968067 ], [ 72.896837016, 20.567985096 ], [ 72.897950423699996, 20.585677622 ], [ 72.864636940099999, 20.6894724522 ], [ 72.8510171194511, 20.710098307007396 ], [ 72.848265379099999, 20.7283281964 ], [ 72.853095562700005, 20.756152465 ], [ 72.837605510892175, 20.765269519071808 ], [ 72.824012196300998, 20.784074490999448 ], [ 72.820231319539175, 20.793789469878295 ], [ 72.8284711676, 20.800737204499999 ], [ 72.829517399300002, 20.808505755 ], [ 72.780837813299996, 20.918792161300001 ], [ 72.7797282513, 20.9317942793 ], [ 72.754656726591875, 20.938662300178823 ], [ 72.7436842762, 20.9591269987 ], [ 72.722167688, 21.0377259234 ], [ 72.728234544399996, 21.073425068500001 ], [ 72.701433192799996, 21.085338900499998 ], [ 72.684799610018572, 21.082976944946974 ], [ 72.682822008800002, 21.097270282099998 ], [ 72.667743646800005, 21.106540650399999 ], [ 72.658202145399997, 21.104316469499999 ], [ 72.647046734200003, 21.087651342699999 ], [ 72.638063221400003, 21.084549609100002 ], [ 72.624805176099997, 21.090148291 ], [ 72.619178903399998, 21.1036826498 ], [ 72.638073214334938, 21.211095949004161 ], [ 72.643914186200007, 21.221200078399999 ], [ 72.62226543207062, 21.242591631009734 ], [ 72.600356124717891, 21.289871091427436 ], [ 72.597920983681291, 21.312055220092375 ], [ 72.658085203599995, 21.3991280889 ], [ 72.668437045, 21.427029236599999 ], [ 72.663967682199996, 21.4343687219 ], [ 72.65579523153248, 21.435638076279261 ], [ 72.646979135899997, 21.459383045300001 ], [ 72.619623731581697, 21.479557946081702 ], [ 72.598954114403853, 21.507975074202715 ], [ 72.588621686943725, 21.54930962514613 ], [ 72.629956999393073, 21.61647959597315 ], [ 72.691655319500001, 21.634487704 ], [ 72.765419611400006, 21.646947453799999 ], [ 72.771439731100003, 21.65185432 ], [ 72.772132345499998, 21.659589917 ], [ 72.746611048199995, 21.6752768289 ], [ 72.720149561400007, 21.670769504799999 ], [ 72.603141147900004, 21.685754233299999 ], [ 72.552437032207266, 21.657846344194454 ], [ 72.531954198400001, 21.6783118735 ], [ 72.513691911456959, 21.714674927859914 ], [ 72.549763732100004, 21.789424052899999 ], [ 72.586258793499994, 21.841533720600001 ], [ 72.643136443299994, 21.903650341 ], [ 72.669451435799999, 21.943612853200001 ], [ 72.658151408899997, 21.9521049638 ], [ 72.607216952, 21.934311024500001 ], [ 72.562762533500006, 21.8903832313 ], [ 72.539631859, 21.8747512823 ], [ 72.526598075073039, 21.85680428699947 ], [ 72.513687475266025, 21.880041829585171 ], [ 72.505950364100002, 21.931929739899999 ], [ 72.511104110100007, 21.978221250699999 ], [ 72.547352432300002, 22.115377694900001 ], [ 72.573114042551779, 22.179754418597909 ], [ 72.601345016099998, 22.205432643599998 ], [ 72.632533268249603, 22.213339289180961 ], [ 72.66870027492179, 22.205584968503885 ], [ 72.691249662900006, 22.1895961753 ], [ 72.727715816200003, 22.179910891399999 ], [ 72.755805221299994, 22.179813146499999 ], [ 72.79273573768576, 22.215923730341537 ], [ 72.83665405843513, 22.231424912895683 ], [ 72.848599786199998, 22.230622042699999 ], [ 72.853584563799998, 22.236559249300001 ], [ 72.852828579100006, 22.2442746181 ], [ 72.834921910800006, 22.266001342599999 ], [ 72.827193949399998, 22.2688801342 ], [ 72.782959297800005, 22.2573606192 ], [ 72.751387545591328, 22.236617362640462 ], [ 72.676922891900006, 22.275055787 ], [ 72.594227273300007, 22.2881681844 ], [ 72.472340834071048, 22.275373228395338 ], [ 72.438634595600007, 22.303568607 ], [ 72.410339508714785, 22.311543201689506 ], [ 72.412552325500002, 22.326357868 ], [ 72.4038663189, 22.352004209299999 ], [ 72.396075069299997, 22.352632567600001 ], [ 72.351924727799997, 22.333348832199999 ], [ 72.346054574299998, 22.293021964299999 ], [ 72.368970110345245, 22.22627155646785 ], [ 72.343170872399995, 22.1952459219 ], [ 72.319885089099998, 22.156511249600001 ], [ 72.237509985499997, 22.053494252699998 ], [ 72.206922299799999, 21.9735717328 ], [ 72.2220349535, 21.931353206499999 ], [ 72.252703074987835, 21.890369893742687 ], [ 72.257869684557051, 21.833531650806101 ], [ 72.237662794299993, 21.781815437199999 ], [ 72.244906630700001, 21.746107109699999 ], [ 72.278303641700006, 21.678996892 ], [ 72.306957578527985, 21.634578110466197 ], [ 72.275299196700004, 21.5988151978 ], [ 72.255623486199994, 21.534261905299999 ], [ 72.259591058782675, 21.492016468948375 ], [ 72.241400663449383, 21.447931691850368 ], [ 72.148429376600006, 21.335513711600001 ], [ 72.119778633300001, 21.285727954599999 ], [ 72.112562812099995, 21.227539370500001 ], [ 72.116946145560092, 21.2115840066385 ], [ 72.113343141993951, 21.196611426797041 ], [ 72.090583267400007, 21.190591220799998 ], [ 72.04597373151222, 21.15909028452969 ], [ 72.019840777599995, 21.1517873528 ], [ 72.010461379453119, 21.133527159513758 ], [ 71.984067660400001, 21.1318267913 ], [ 71.976194101586529, 21.120213854788709 ], [ 71.903096123500006, 21.108462591199999 ], [ 71.878764032199996, 21.088656028599999 ], [ 71.813699759299993, 21.067776312500001 ], [ 71.8017725996, 21.056353797100002 ], [ 71.806464500396075, 21.038426562713809 ], [ 71.793368929899998, 21.036855903399999 ], [ 71.754361276699996, 21.018816145900001 ], [ 71.749989375064274, 21.000001947061961 ], [ 71.694145770299997, 20.996561271600001 ], [ 71.674892384061863, 20.984423925033852 ], [ 71.668570602700001, 20.996047647600001 ], [ 71.654021062499993, 20.9962410453 ], [ 71.646405768, 20.9894764292 ], [ 71.650505140988727, 20.977520729855772 ], [ 71.647707188889399, 20.974648149052697 ], [ 71.587541662299998, 20.959698657200001 ], [ 71.565578622057757, 20.948948938306032 ], [ 71.545917376800006, 20.9491726322 ], [ 71.533144129530555, 20.943312040319011 ], [ 71.516096174599994, 20.946776602900002 ], [ 71.505283229699998, 20.927402928399999 ], [ 71.506654351782188, 20.918758811061352 ], [ 71.488412013599998, 20.913277126400001 ], [ 71.481562081099995, 20.8987059862 ], [ 71.464995500100002, 20.893839336199999 ], [ 71.449370188299994, 20.8749315777 ], [ 71.392751400600005, 20.855357983499999 ], [ 71.283554715099996, 20.829072799 ], [ 71.213926495, 20.802912534899999 ], [ 71.202811275806042, 20.789166098429224 ], [ 71.1580216272, 20.779779971300002 ], [ 71.149975446200003, 20.771821163799999 ], [ 71.145758048987346, 20.757479843677693 ], [ 71.121619325799998, 20.753644485100001 ], [ 71.110419595, 20.757755319600001 ], [ 71.089270631100007, 20.756480290199999 ], [ 71.080863270699993, 20.7510196325 ], [ 71.080610995257288, 20.738789725961826 ], [ 71.075811507599994, 20.7366666251 ], [ 71.048313247400003, 20.730845653700001 ], [ 71.024615082400004, 20.738849014100001 ], [ 70.995237974468921, 20.738769513060404 ], [ 70.987390561699996, 20.742832394800001 ], [ 70.966791270593873, 20.733819629206373 ], [ 70.944886595900002, 20.7387938683 ], [ 70.912210116599994, 20.737717290900001 ], [ 70.885000823599995, 20.7302375443 ], [ 70.873578469500004, 20.717717238399999 ], [ 70.874089014077981, 20.704742870876686 ], [ 70.843780033, 20.7061654042 ], [ 70.837538531, 20.700059946 ], [ 70.838556539244465, 20.68983547165065 ], [ 70.827485471054459, 20.689903980320871 ], [ 70.766605582500006, 20.7206731381 ], [ 70.744346393704788, 20.720422454474878 ], [ 70.706407691422797, 20.736596457041927 ], [ 70.671128259300005, 20.7594057431 ], [ 70.656506492405285, 20.759120107467368 ], [ 70.586237750237686, 20.781845916434651 ], [ 70.553567358199999, 20.802708912 ], [ 70.539686664449931, 20.802342273150359 ], [ 70.483915074199999, 20.8338583361 ], [ 70.446829954303979, 20.847743387015104 ], [ 70.392692498900004, 20.8941946978 ], [ 70.372853534286747, 20.896451745948447 ], [ 70.320478504812414, 20.927870700522728 ], [ 70.182334087102561, 21.035293832764058 ], [ 70.047689771242048, 21.156922261329946 ], [ 69.706018718400003, 21.535939986199999 ], [ 69.614521354, 21.626276292 ], [ 69.599455190399993, 21.637925199200001 ], [ 69.584589669, 21.6381980795 ], [ 69.565950541899994, 21.652122103500002 ], [ 69.474733734799997, 21.737148989400001 ], [ 69.399421543800003, 21.797666554500001 ], [ 69.373090634199997, 21.8285746225 ], [ 69.324232103100002, 21.859980576800002 ], [ 69.216550347799995, 21.957492799400001 ], [ 68.958216951240829, 22.2380795311391 ], [ 68.953645150403119, 22.245182721552506 ], [ 68.951489488799993, 22.271589263100001 ], [ 68.936626455, 22.304285211100002 ], [ 68.941785106200001, 22.3312188811 ], [ 68.954154086200006, 22.3385058808 ], [ 68.957377609786022, 22.368237686659558 ], [ 68.9771316386, 22.4035158921 ], [ 69.007128123599998, 22.440281945199999 ], [ 69.055256130399997, 22.466509413099999 ], [ 69.068107373482889, 22.481350308436181 ], [ 69.083524744800002, 22.474357767 ], [ 69.074003518300003, 22.454007947099999 ], [ 69.063551002300002, 22.450780969699998 ], [ 69.046528977700007, 22.434607142200001 ], [ 69.041138634600003, 22.408435675900002 ], [ 69.044748086699997, 22.399921224 ], [ 69.064378857500003, 22.3899086214 ], [ 69.074428210400001, 22.38804125 ], [ 69.092538413400007, 22.3942435383 ], [ 69.102211045751787, 22.409511194696353 ], [ 69.110630593774204, 22.40985291351317 ], [ 69.131055471, 22.397062064099998 ], [ 69.167703635600006, 22.4135020049 ], [ 69.175474549852893, 22.422840712744591 ], [ 69.194720145728908, 22.421877002039121 ], [ 69.191699492599994, 22.413099353900002 ], [ 69.200899848320915, 22.401326088976869 ], [ 69.199769363499996, 22.390634048 ], [ 69.180941492800002, 22.377719983 ], [ 69.175374491249812, 22.347865238161042 ], [ 69.158394430100003, 22.3144683678 ], [ 69.160750871952985, 22.284553871584251 ], [ 69.15392024731824, 22.248709212451072 ], [ 69.137194826799998, 22.220271762 ], [ 69.139191355500003, 22.20025505 ], [ 69.152961233599996, 22.195322487599999 ], [ 69.177378563, 22.219494800300001 ], [ 69.184647818603594, 22.240175118664695 ], [ 69.19027630722276, 22.243598073354534 ], [ 69.199350244499996, 22.2239611336 ], [ 69.2173097055, 22.216176456399999 ], [ 69.231098755, 22.219596618299999 ], [ 69.235018258899999, 22.227056527599999 ], [ 69.233476278330841, 22.249971012442156 ], [ 69.240511641430913, 22.258341522685097 ], [ 69.254546882523172, 22.267418780087453 ], [ 69.283244729200007, 22.271251008899998 ], [ 69.291481950199994, 22.277001139199999 ], [ 69.292950212119322, 22.286880941769276 ], [ 69.320676516299997, 22.2919460122 ], [ 69.324240688290288, 22.302809079137539 ], [ 69.336498110099996, 22.310215304700002 ], [ 69.332713491510745, 22.327795405613042 ], [ 69.351733447266923, 22.326812212607436 ], [ 69.3642935349, 22.3172097102 ], [ 69.379119745789993, 22.321142421437212 ], [ 69.3932569392, 22.316281265 ], [ 69.423985864399995, 22.316983084 ], [ 69.443392448220465, 22.330539128327139 ], [ 69.464937142099998, 22.329298069499998 ], [ 69.484117427, 22.335569735 ], [ 69.499474743424585, 22.366291637518831 ], [ 69.540676868199995, 22.3771984521 ], [ 69.564752008400006, 22.3646925766 ], [ 69.579561887769316, 22.367321534294891 ], [ 69.600655118, 22.349635835200001 ], [ 69.613108838499997, 22.3551910001 ], [ 69.621129350744354, 22.371794244798899 ], [ 69.636610076400004, 22.358243574799999 ], [ 69.650923080699997, 22.358533528599999 ], [ 69.655760191699997, 22.364468030299999 ], [ 69.660931903658522, 22.396238558880423 ], [ 69.689021910299999, 22.3959208578 ], [ 69.696492736300002, 22.400320155399999 ], [ 69.695619304988909, 22.413074570272613 ], [ 69.701641052799999, 22.4288965157 ], [ 69.69462231258656, 22.442671123654652 ], [ 69.696652064600002, 22.453871338300001 ], [ 69.713095414799994, 22.4748746697 ], [ 69.730686873331905, 22.4845216856964 ], [ 69.736612504871076, 22.484449899215385 ], [ 69.736909583599996, 22.46941358 ], [ 69.74541073, 22.461776653499999 ], [ 69.754877275200002, 22.463820266100001 ], [ 69.764520924641403, 22.475468691069178 ], [ 69.779160067500001, 22.469476456399999 ], [ 69.788051326711866, 22.456815799196949 ], [ 69.7846546528, 22.438489780699999 ], [ 69.803264084199995, 22.426616038399999 ], [ 69.811071299299996, 22.435859079499998 ], [ 69.800614983221124, 22.457970260808011 ], [ 69.804593827309517, 22.465587008242885 ], [ 69.824406008, 22.473083359699999 ], [ 69.865635671, 22.4657899931 ], [ 69.889827331299998, 22.4803227823 ], [ 69.890450265599995, 22.496105818699998 ], [ 69.902056709199996, 22.496307185199999 ], [ 69.927896016099993, 22.5132239677 ], [ 69.941798097700001, 22.514663439 ], [ 69.946862798378262, 22.528584445502542 ], [ 69.9754756176455, 22.542806622296958 ], [ 70.02029262, 22.5475821213 ], [ 70.039357345056402, 22.566492683881613 ], [ 70.059778009699997, 22.556235541 ], [ 70.070203130508929, 22.559105868799982 ], [ 70.082959966499999, 22.553329425299999 ], [ 70.123078006699998, 22.5544833567 ], [ 70.134239778792605, 22.574311045967267 ], [ 70.150256592, 22.5793267958 ], [ 70.157209899436879, 22.594401534060292 ], [ 70.172964685300002, 22.600245143 ], [ 70.183736483299995, 22.611941064500002 ], [ 70.194032253100005, 22.631576843800001 ], [ 70.193778679426288, 22.643278770111337 ], [ 70.217052363400001, 22.663921442199999 ], [ 70.217828624399999, 22.671673994700001 ], [ 70.212433426355645, 22.678219204677355 ], [ 70.218850253679648, 22.7181362177196 ], [ 70.234307703400006, 22.728077713800001 ], [ 70.248765074700003, 22.747117325 ], [ 70.290898281699995, 22.767693679600001 ], [ 70.301272213344603, 22.798429268115203 ], [ 70.371096810400005, 22.903049108299999 ], [ 70.411063436700005, 22.927315513300002 ], [ 70.415462921255823, 22.934560147038685 ], [ 70.427262986, 22.935753051 ], [ 70.438175087199994, 22.956346824800001 ], [ 70.432360910635225, 22.967572839336615 ], [ 70.452087606700005, 22.967534334300002 ], [ 70.464233849199999, 22.981050249300001 ], [ 70.465397155800005, 22.989361086 ], [ 70.460103348178848, 22.995540921969301 ], [ 70.491921480900004, 23.060742326500002 ], [ 70.489742092699998, 23.0717887542 ], [ 70.480554773700007, 23.074427832200001 ], [ 70.449914824, 23.064922992300001 ], [ 70.395223238900002, 23.0262294447 ], [ 70.392716005300002, 23.014540755500001 ], [ 70.398027359092993, 22.977576996859362 ], [ 70.380069868969528, 22.941663024411568 ], [ 70.345535954, 22.933563935 ], [ 70.238258320599996, 22.976663486500001 ], [ 70.21406566954127, 22.956359104021089 ], [ 70.185163338699994, 22.952932430299999 ], [ 70.172701292425515, 22.941662288267434 ], [ 70.144538681300006, 22.9444252284 ], [ 70.128746668399998, 22.923225258399999 ], [ 70.103509785002188, 22.909007880519287 ], [ 70.065735226200005, 22.911559971 ], [ 70.055340462780308, 22.899275024348835 ], [ 70.040445386445683, 22.894993221562039 ], [ 70.021089571700003, 22.9046261481 ], [ 69.993489345599997, 22.904787901799999 ], [ 69.977640294498073, 22.892676541181583 ], [ 69.904714773519302, 22.862744935974156 ], [ 69.879419735400006, 22.867730464800001 ], [ 69.839702539800001, 22.855051250700001 ], [ 69.747406196599997, 22.793111761199999 ], [ 69.729447562280981, 22.764223029756735 ], [ 69.715355421300004, 22.751584409199999 ], [ 69.717463611569414, 22.739179860094467 ], [ 69.70197791092113, 22.730214674789405 ], [ 69.688988675800005, 22.739310031300001 ], [ 69.677199705321982, 22.73048368076395 ], [ 69.672591415200003, 22.731692930400001 ], [ 69.665511896690674, 22.735377926135364 ], [ 69.659227112899998, 22.7492991415 ], [ 69.632077001599995, 22.76268469 ], [ 69.59148096329433, 22.74245760865325 ], [ 69.576382019099995, 22.755459370400001 ], [ 69.568920653, 22.754028883299998 ], [ 69.563987456424741, 22.746812339848095 ], [ 69.550399898871177, 22.754694209354604 ], [ 69.556074022700003, 22.768934669099998 ], [ 69.554249602100001, 22.7765315599 ], [ 69.535943573899999, 22.786287498099998 ], [ 69.498922083300002, 22.787773985200001 ], [ 69.479080288187134, 22.774569093518764 ], [ 69.452350626998225, 22.77491269317289 ], [ 69.398260523800005, 22.810590203899999 ], [ 69.363742263199995, 22.8205006355 ], [ 69.349208878699997, 22.8201460736 ], [ 69.320871141400005, 22.832182881600001 ], [ 69.302794149700006, 22.833074689 ], [ 69.267528843899996, 22.8252137988 ], [ 69.227297610099995, 22.836684873700001 ], [ 69.195819789300003, 22.8380080813 ], [ 69.186967350499998, 22.851780351799999 ], [ 69.174056958899996, 22.8517335668 ], [ 69.130923261700005, 22.874045877 ], [ 69.117131784, 22.888933849299999 ], [ 69.107805787734463, 22.890528886409442 ], [ 69.072615930200001, 22.916422600400001 ], [ 68.931564618202486, 22.987946968536701 ], [ 68.965885284, 23.0364980168 ], [ 68.960396884399998, 23.062673485400001 ], [ 68.949851782600007, 23.07265903 ], [ 68.926092564699999, 23.084099104 ], [ 68.896571107699998, 23.079114970199999 ], [ 68.882113150899997, 23.0583651265 ], [ 68.884076788258639, 23.039013995546796 ], [ 68.8627301564471, 23.031767952018903 ], [ 68.829613100499998, 23.054830774500001 ], [ 68.761157062600006, 23.078816767300001 ], [ 68.727896728700003, 23.107394235699999 ], [ 68.631456433209109, 23.171947860881932 ], [ 68.627543912700006, 23.183769065100002 ], [ 68.580250298699994, 23.228180457800001 ], [ 68.578069455100007, 23.256166084499998 ], [ 68.567588172699999, 23.260179288 ], [ 68.551409020799994, 23.2579594712 ], [ 68.530150076346786, 23.269293880282458 ], [ 68.530565393399996, 23.2873270505 ], [ 68.541851250688751, 23.303657488610057 ], [ 68.565970584300004, 23.317951449900001 ], [ 68.568178906, 23.3287174417 ], [ 68.55761169025746, 23.336547577727618 ], [ 68.550617303400003, 23.353153687399999 ], [ 68.498324263100002, 23.369044015499998 ], [ 68.497503887558423, 23.380227586340748 ], [ 68.511278902699999, 23.399559343300002 ], [ 68.507403872699996, 23.4099133699 ], [ 68.492333281399993, 23.412152627600001 ], [ 68.486693864100005, 23.407034723599999 ], [ 68.485307455964673, 23.396723295066604 ], [ 68.467535167600005, 23.393893911300001 ], [ 68.449773753499997, 23.403469151100001 ], [ 68.442682964300005, 23.423746035299999 ], [ 68.410635008900002, 23.436043447199999 ], [ 68.417919646499996, 23.448306535 ], [ 68.41550092085609, 23.460634466757032 ], [ 68.423773361499997, 23.4726443305 ], [ 68.4190387517, 23.483619035 ], [ 68.400370441368182, 23.484029298716372 ], [ 68.397381288099993, 23.492577306099999 ], [ 68.407628847200002, 23.558094026900001 ], [ 68.400742308700003, 23.614549204100001 ], [ 68.416379076699997, 23.6363021471 ], [ 68.441703460400007, 23.640081279899999 ], [ 68.452040372200003, 23.658929300499999 ], [ 68.507501641600001, 23.672089589 ], [ 68.525301923050563, 23.689649712789684 ], [ 68.541593015399997, 23.695764451 ], [ 68.554797556604484, 23.719590422083556 ], [ 68.576023609100005, 23.727851234599999 ], [ 68.616535092, 23.754450674899999 ], [ 68.653083114500006, 23.810244785599998 ], [ 68.673785973899996, 23.813455198500002 ], [ 68.690413815300005, 23.8217376166 ], [ 68.693722751799996, 23.829689168 ], [ 68.688796527899996, 23.837805735700002 ], [ 68.648593008299997, 23.8394862677 ], [ 68.629935696700002, 23.835713305199999 ], [ 68.594716629399997, 23.806279222800001 ], [ 68.581925477832257, 23.771368001179447 ], [ 68.577018896979482, 23.768541822124448 ], [ 68.521417902799996, 23.750002823799999 ], [ 68.508850534399997, 23.741386723200002 ], [ 68.462009812533239, 23.731050556117548 ], [ 68.452271108600002, 23.736705712700001 ], [ 68.436966426500007, 23.7330266829 ], [ 68.389853566, 23.688861931 ], [ 68.3728574022592, 23.65483314414092 ], [ 68.349418823899995, 23.633183845800001 ], [ 68.35096702842506, 23.619705161611815 ], [ 68.338502889799997, 23.605415513899999 ], [ 68.339265606875273, 23.593518452486592 ], [ 68.321715786, 23.579515835300001 ], [ 68.304014354364838, 23.578869557503911 ], [ 68.291448258800003, 23.5881226389 ], [ 68.273543614700003, 23.5925195606 ], [ 68.260522752900002, 23.588511945 ], [ 68.225720724200002, 23.595612744299999 ], [ 68.183494364699996, 23.594674935499999 ], [ 68.123828234497253, 23.612861712502866 ] ] ] } }
]
}
